Transaction_ID,Customer_ID,Transaction_Date,City,Category,Channel,Status,Amount,Customer_Age,Previous_Transactions_30D,Transaction_Hour,Account_Age_Days
T000001,C0090,2026-01-01,Windsor,Dining,Online,Completed,286.24,75,3,7,365
T000002,C0774,2026-01-01,Toronto,Electronics,In-Store,Completed,380.79,67,3,12,663
T000003,C0655,2026-01-01,Ottawa,Travel,In-Store,Completed,112.57,45,8,18,2465
T000004,C0439,2026-01-01,Vancouver,Travel,Mobile App,Completed,29.94,37,12,18,2058
T000005,C0434,2026-01-01,Vancouver,Electronics,In-Store,Completed,383.48,45,11,5,169
T000006,C0859,2026-01-01,Calgary,Clothing,Online,Completed,35.77,73,9,14,341
T000007,C0086,2026-01-01,Mississauga,Travel,In-Store,Completed,113.29,30,9,16,748
T000008,C0698,2026-01-01,Vancouver,Groceries,In-Store,Failed,68.34,57,11,1,2197
T000009,C0202,2026-01-01,Vancouver,Home,Mobile App,Completed,58.95,70,7,13,778
T000010,C0095,2026-01-01,Windsor,Groceries,In-Store,Completed,162.76,61,7,15,1336
T000011,C0527,2026-01-01,Calgary,Travel,In-Store,Completed,104.63,68,9,4,2572
T000012,C0976,2026-01-01,Toronto,Dining,Mobile App,Completed,131.49,72,10,17,1042
T000013,C0736,2026-01-01,Ottawa,Travel,In-Store,Completed,42.49,21,6,9,1640
T000014,C0762,2026-01-01,Calgary,Clothing,Mobile App,Completed,73.31,31,6,1,1531
T000015,C0718,2026-01-01,Ottawa,Clothing,Mobile App,Pending,44.19,26,9,10,1676
T000016,C0787,2026-01-01,Calgary,Travel,Mobile App,Completed,71.77,50,15,9,2461
T000017,C0514,2026-01-01,Toronto,Home,Mobile App,Completed,76.84,41,2,17,2760
T000018,C0129,2026-01-01,Ottawa,Clothing,In-Store,Completed,407.61,20,7,7,2519
T000019,C0840,2026-01-01,Vancouver,Clothing,Online,Completed,68.18,50,8,18,1713
T000020,C0451,2026-01-02,Ottawa,Dining,In-Store,Completed,13.96,23,6,17,1078
T000021,C0501,2026-01-02,Calgary,Electronics,Online,Completed,278.24,41,7,15,2688
T000022,C0371,2026-01-02,Mississauga,Electronics,In-Store,Completed,124.53,39,14,8,1909
T000023,C0183,2026-01-02,Vancouver,Travel,Mobile App,Completed,76.04,69,8,2,2150
T000024,C0927,2026-01-02,Mississauga,Travel,In-Store,Failed,58.62,57,8,4,989
T000025,C0782,2026-01-02,Calgary,Groceries,Online,Completed,38.01,54,14,7,2853
T000026,C0644,2026-01-02,Toronto,Electronics,Online,Completed,441.42,66,9,12,1371
T000027,C0403,2026-01-02,Windsor,Home,Mobile App,Pending,88.83,28,13,22,809
T000028,C0823,2026-01-02,Toronto,Clothing,Mobile App,Completed,19.41,32,8,18,1979
T000029,C0546,2026-01-02,Vancouver,Clothing,In-Store,Completed,112.31,61,6,21,760
T000030,C0444,2026-01-02,Windsor,Electronics,Mobile App,Completed,236.96,61,5,9,789
T000031,C0451,2026-01-02,Windsor,Groceries,Mobile App,Completed,97.09,19,7,1,1052
T000032,C0228,2026-01-02,Calgary,Electronics,In-Store,Completed,39.5,31,7,21,994
T000033,C0093,2026-01-02,Mississauga,Home,Online,Completed,36.61,31,7,22,355
T000034,C0555,2026-01-02,Toronto,Travel,Mobile App,Completed,38.98,18,6,15,522
T000035,C0888,2026-01-02,Toronto,Clothing,In-Store,Failed,309.84,56,8,11,2543
T000036,C0064,2026-01-02,Windsor,Dining,Mobile App,Pending,79.98,21,1,2,1816
T000037,C0859,2026-01-02,Calgary,Dining,Mobile App,Pending,20.4,66,15,18,661
T000038,C0828,2026-01-03,Ottawa,Travel,In-Store,Completed,117.82,51,6,23,2541
T000039,C0277,2026-01-03,Calgary,Home,In-Store,Completed,95.83,62,5,11,83
T000040,C0632,2026-01-03,Windsor,Dining,Online,Completed,58.04,46,7,17,2756
T000041,C0166,2026-01-03,Mississauga,Travel,Mobile App,Completed,35.71,74,7,2,2261
T000042,C0759,2026-01-03,Toronto,Home,Online,Completed,34.41,33,6,5,2829
T000043,C0701,2026-01-03,Mississauga,Dining,In-Store,Completed,214.07,50,7,14,1437
T000044,C0355,2026-01-03,Ottawa,Home,In-Store,Completed,104.9,18,8,7,2345
T000045,C0068,2026-01-03,Vancouver,Travel,Online,Completed,127.68,66,5,2,911
T000046,C0971,2026-01-03,Mississauga,Home,In-Store,Completed,104.66,50,11,11,1434
T000047,C0446,2026-01-03,Vancouver,Dining,Mobile App,Completed,112.3,28,6,17,2857
T000048,C0894,2026-01-03,Ottawa,Travel,Online,Completed,57.08,65,8,0,2443
T000049,C0678,2026-01-03,Windsor,Electronics,Online,Failed,71.36,75,12,8,1515
T000050,C0779,2026-01-03,Calgary,Travel,Online,Completed,228.79,21,9,21,789
T000051,C0760,2026-01-03,Mississauga,Electronics,Online,Completed,282.89,67,10,1,1480
T000052,C0195,2026-01-03,Toronto,Travel,Online,Completed,30.08,60,5,1,1547
T000053,C0364,2026-01-03,Calgary,Clothing,In-Store,Completed,71.21,38,8,22,1968
T000054,C0467,2026-01-03,Calgary,Dining,Mobile App,Completed,173.48,54,10,4,2757
T000055,C0498,2026-01-03,Toronto,Dining,Mobile App,Completed,420.91,63,3,13,290
T000056,C0044,2026-01-03,Calgary,Electronics,Mobile App,Completed,386.57,45,5,12,1746
T000057,C0547,2026-01-04,Calgary,Clothing,Mobile App,Completed,43.22,56,7,14,1105
T000058,C0155,2026-01-04,Vancouver,Travel,In-Store,Completed,251.25,20,11,19,1844
T000059,C0744,2026-01-04,Windsor,Travel,Mobile App,Completed,89.34,71,6,15,699
T000060,C0684,2026-01-04,Ottawa,Groceries,Online,Failed,206.52,71,10,22,1875
T000061,C0923,2026-01-04,Ottawa,Groceries,Mobile App,Pending,166.12,30,7,15,229
T000062,C0745,2026-01-04,Ottawa,Groceries,Online,Completed,29.03,45,7,2,2417
T000063,C0367,2026-01-04,Ottawa,Home,Mobile App,Completed,135.66,31,9,14,1115
T000064,C0968,2026-01-04,Ottawa,Home,Online,Completed,199.84,41,11,0,279
T000065,C0411,2026-01-04,Ottawa,Groceries,Online,Completed,83.56,33,6,9,1756
T000066,C0326,2026-01-04,Vancouver,Groceries,In-Store,Pending,68.94,67,12,16,1139
T000067,C0906,2026-01-04,Ottawa,Clothing,Mobile App,Completed,22.35,58,11,23,2760
T000068,C0371,2026-01-04,Toronto,Travel,Online,Failed,151.98,67,6,6,2811
T000069,C0077,2026-01-04,Toronto,Electronics,Online,Completed,101.5,63,11,2,1925
T000070,C0470,2026-01-04,Calgary,Travel,In-Store,Completed,38.81,60,10,3,2896
T000071,C0796,2026-01-04,Calgary,Electronics,Mobile App,Completed,64.44,27,11,9,359
T000072,C0190,2026-01-04,Ottawa,Electronics,Mobile App,Pending,2349.46,66,5,0,1689
T000073,C0463,2026-01-04,Windsor,Dining,In-Store,Completed,52.87,63,13,7,2353
T000074,C0130,2026-01-04,Vancouver,Home,In-Store,Completed,85.19,25,3,23,921
T000075,C0687,2026-01-05,Toronto,Clothing,In-Store,Completed,19.21,23,6,8,1368
T000076,C0476,2026-01-05,Mississauga,Electronics,Mobile App,Completed,267.64,62,8,17,2559
T000077,C0331,2026-01-05,Windsor,Travel,Online,Completed,86.16,40,11,3,2663
T000078,C0227,2026-01-05,Toronto,Home,Online,Completed,33.39,37,5,8,2675
T000079,C0565,2026-01-05,Vancouver,Home,Online,Completed,10.51,40,7,11,2168
T000080,C0670,2026-01-05,Ottawa,Clothing,Online,Completed,203.86,68,10,14,912
T000081,C0941,2026-01-05,Windsor,Groceries,In-Store,Completed,136.6,39,6,12,421
T000082,C0438,2026-01-05,Ottawa,Electronics,Mobile App,Completed,101.67,39,4,21,2210
T000083,C0161,2026-01-05,Toronto,Electronics,In-Store,Completed,177.11,41,10,23,158
T000084,C0833,2026-01-05,Mississauga,Groceries,In-Store,Failed,176.69,21,8,21,2854
T000085,C0630,2026-01-05,Ottawa,Electronics,Online,Completed,100.28,20,9,18,669
T000086,C0701,2026-01-05,Mississauga,Electronics,In-Store,Completed,68.48,42,7,12,1313
T000087,C0098,2026-01-05,Vancouver,Travel,Online,Completed,59.63,18,6,16,2997
T000088,C0313,2026-01-05,Windsor,Dining,Mobile App,Completed,121.57,61,6,22,272
T000089,C0768,2026-01-05,Toronto,Dining,In-Store,Completed,278.7,42,10,15,1777
T000090,C0833,2026-01-05,Ottawa,Electronics,In-Store,Completed,77.88,47,4,18,2505
T000091,C0436,2026-01-05,Calgary,Groceries,Mobile App,Completed,298.17,37,5,15,503
T000092,C0805,2026-01-05,Mississauga,Home,Online,Completed,116.73,62,7,13,2030
T000093,C0842,2026-01-06,Toronto,Travel,In-Store,Completed,117.48,42,7,9,2246
T000094,C0388,2026-01-06,Calgary,Electronics,In-Store,Completed,656.55,20,7,9,2281
T000095,C0899,2026-01-06,Mississauga,Clothing,Online,Completed,346.34,46,6,9,678
T000096,C0289,2026-01-06,Windsor,Clothing,Online,Completed,354.06,28,12,22,1990
T000097,C0240,2026-01-06,Ottawa,Home,Online,Completed,43.15,52,6,3,1692
T000098,C0683,2026-01-06,Windsor,Groceries,Online,Failed,547.85,50,10,4,1276
T000099,C0637,2026-01-06,Calgary,Travel,Mobile App,Completed,79.26,45,5,10,1482
T000100,C0140,2026-01-06,Windsor,Home,Online,Completed,70.06,40,6,13,2894
T000101,C0833,2026-01-06,Ottawa,Clothing,Online,Failed,13.56,52,11,3,130
T000102,C0200,2026-01-06,Ottawa,Electronics,Mobile App,Completed,112.17,57,0,3,1878
T000103,C0805,2026-01-06,Windsor,Home,In-Store,Pending,33.85,68,6,7,1717
T000104,C0008,2026-01-06,Mississauga,Dining,Mobile App,Completed,120.26,73,13,3,1590
T000105,C0797,2026-01-06,Toronto,Dining,Mobile App,Completed,31.67,22,0,19,2662
T000106,C0787,2026-01-06,Ottawa,Travel,Online,Completed,391.78,56,12,1,1682
T000107,C0781,2026-01-06,Vancouver,Clothing,In-Store,Completed,135.84,22,8,20,2479
T000108,C0665,2026-01-06,Calgary,Groceries,Online,Pending,590.25,42,5,7,2297
T000109,C0472,2026-01-06,Windsor,Travel,In-Store,Completed,35.63,60,2,15,2449
T000110,C0706,2026-01-06,Windsor,Clothing,Mobile App,Completed,317.17,49,8,19,1838
T000111,C0278,2026-01-06,Ottawa,Travel,Mobile App,Completed,18.36,64,4,8,81
T000112,C0781,2026-01-07,Vancouver,Electronics,Mobile App,Completed,101.44,70,3,4,248
T000113,C0556,2026-01-07,Calgary,Groceries,Online,Completed,49.69,74,7,18,1571
T000114,C0459,2026-01-07,Toronto,Travel,Online,Completed,58.08,57,10,19,854
T000115,C0506,2026-01-07,Windsor,Clothing,In-Store,Completed,54.8,57,14,12,765
T000116,C0569,2026-01-07,Windsor,Travel,Online,Completed,39.06,64,5,23,1554
T000117,C0038,2026-01-07,Windsor,Home,In-Store,Pending,29.13,31,6,17,1431
T000118,C0140,2026-01-07,Mississauga,Travel,Mobile App,Completed,58.36,35,9,12,520
T000119,C0246,2026-01-07,Calgary,Travel,Online,Completed,93.81,37,6,18,1387
T000120,C0115,2026-01-07,Toronto,Groceries,Mobile App,Completed,228.56,61,12,18,2571
T000121,C0440,2026-01-07,Vancouver,Travel,Mobile App,Completed,109.26,38,7,16,463
T000122,C0669,2026-01-07,Ottawa,Electronics,Mobile App,Completed,229.11,26,9,16,2336
T000123,C0655,2026-01-07,Ottawa,Clothing,Online,Completed,24.2,64,11,20,2391
T000124,C0472,2026-01-07,Vancouver,Groceries,Online,Completed,58.83,61,10,11,2276
T000125,C0856,2026-01-07,Toronto,Home,Online,Completed,155.56,52,10,12,488
T000126,C0566,2026-01-07,Vancouver,Electronics,Online,Completed,113.79,69,9,6,1418
T000127,C0080,2026-01-07,Windsor,Dining,Online,Completed,40.88,63,4,8,2776
T000128,C0765,2026-01-07,Ottawa,Groceries,In-Store,Failed,188.03,70,8,16,891
T000129,C0575,2026-01-07,Vancouver,Electronics,Online,Completed,54.11,33,8,19,1511
T000130,C0635,2026-01-08,Ottawa,Home,Online,Completed,43.9,24,9,5,2518
T000131,C0566,2026-01-08,Windsor,Electronics,Mobile App,Completed,128.58,37,9,23,1748
T000132,C0554,2026-01-08,Mississauga,Travel,Mobile App,Completed,85.45,66,5,8,1077
T000133,C0091,2026-01-08,Mississauga,Home,Mobile App,Completed,54.5,71,3,16,381
T000134,C0560,2026-01-08,Toronto,Travel,Online,Completed,52.95,24,9,3,1688
T000135,C0795,2026-01-08,Vancouver,Groceries,In-Store,Completed,34.24,67,2,18,1493
T000136,C0304,2026-01-08,Toronto,Dining,In-Store,Completed,60.72,45,2,13,899
T000137,C0603,2026-01-08,Mississauga,Dining,Online,Completed,216.51,65,6,14,963
T000138,C0031,2026-01-08,Ottawa,Electronics,Mobile App,Completed,104.64,57,8,3,2948
T000139,C0348,2026-01-08,Toronto,Electronics,In-Store,Completed,191.99,21,4,13,1864
T000140,C0437,2026-01-08,Calgary,Travel,Mobile App,Completed,131.8,46,7,19,2131
T000141,C0983,2026-01-08,Mississauga,Dining,Online,Completed,50.51,23,7,6,215
T000142,C0215,2026-01-08,Toronto,Electronics,In-Store,Completed,20.92,37,7,11,2895
T000143,C0277,2026-01-08,Ottawa,Dining,Online,Completed,38.66,61,7,13,961
T000144,C0409,2026-01-08,Ottawa,Dining,Mobile App,Completed,48.04,57,2,17,2883
T000145,C0993,2026-01-08,Ottawa,Electronics,In-Store,Completed,44.99,58,4,16,2846
T000146,C0854,2026-01-08,Vancouver,Dining,Online,Pending,195.69,56,11,10,651
T000147,C0035,2026-01-08,Mississauga,Home,Online,Completed,193.96,18,13,11,1015
T000148,C0234,2026-01-08,Vancouver,Travel,In-Store,Completed,557.1,51,8,18,2200
T000149,C0822,2026-01-09,Mississauga,Travel,Online,Completed,44.41,46,9,0,1515
T000150,C0059,2026-01-09,Ottawa,Home,Online,Completed,330.46,48,13,21,1413
T000151,C0856,2026-01-09,Toronto,Travel,Mobile App,Completed,328.73,30,8,9,1235
T000152,C0282,2026-01-09,Ottawa,Electronics,Mobile App,Pending,69.77,58,14,11,1901
T000153,C0918,2026-01-09,Windsor,Dining,In-Store,Completed,127.13,53,6,3,2002
T000154,C0294,2026-01-09,Vancouver,Dining,Mobile App,Completed,244.03,41,4,8,1413
T000155,C0435,2026-01-09,Vancouver,Dining,In-Store,Completed,80.85,21,8,11,1738
T000156,C0662,2026-01-09,Calgary,Groceries,Online,Completed,75.7,21,11,17,199
T000157,C0127,2026-01-09,Calgary,Groceries,Mobile App,Completed,49.87,38,8,20,1159
T000158,C0558,2026-01-09,Toronto,Dining,Online,Completed,11.43,49,14,23,2052
T000159,C0506,2026-01-09,Toronto,Home,Mobile App,Completed,90.25,75,8,21,2271
T000160,C0784,2026-01-09,Calgary,Clothing,In-Store,Completed,46.49,59,9,4,1477
T000161,C0997,2026-01-09,Mississauga,Home,Online,Completed,34.08,46,9,11,2032
T000162,C0665,2026-01-09,Toronto,Electronics,Online,Completed,121.69,35,10,17,426
T000163,C0410,2026-01-09,Windsor,Dining,Mobile App,Completed,24.76,27,7,17,1859
T000164,C0407,2026-01-09,Calgary,Travel,Mobile App,Completed,168.65,26,5,0,1975
T000165,C0418,2026-01-09,Mississauga,Dining,In-Store,Completed,128.22,22,6,20,1674
T000166,C0815,2026-01-09,Toronto,Dining,Online,Failed,60.49,70,3,23,503
T000167,C0322,2026-01-10,Vancouver,Dining,Mobile App,Pending,80.55,18,7,23,2724
T000168,C0167,2026-01-10,Windsor,Groceries,Mobile App,Completed,30.91,68,8,19,2633
T000169,C0335,2026-01-10,Mississauga,Home,In-Store,Pending,160.84,51,9,15,2846
T000170,C0023,2026-01-10,Toronto,Home,In-Store,Completed,99.67,53,9,22,92
T000171,C0107,2026-01-10,Ottawa,Groceries,Mobile App,Completed,106.19,73,10,0,249
T000172,C0091,2026-01-10,Mississauga,Dining,In-Store,Completed,130.22,63,2,2,1280
T000173,C0772,2026-01-10,Calgary,Travel,Online,Pending,49.23,26,6,15,2891
T000174,C0723,2026-01-10,Mississauga,Clothing,Online,Completed,23.37,74,7,1,1048
T000175,C0697,2026-01-10,Windsor,Home,In-Store,Completed,191.78,28,4,7,978
T000176,C0462,2026-01-10,Toronto,Dining,Mobile App,Completed,152.64,51,6,10,2653
T000177,C0718,2026-01-10,Windsor,Clothing,Mobile App,Completed,53.93,55,12,19,139
T000178,C0162,2026-01-10,Mississauga,Home,In-Store,Completed,120.35,32,9,1,2238
T000179,C0901,2026-01-10,Toronto,Clothing,Online,Completed,247.63,54,6,20,1692
T000180,C0502,2026-01-10,Mississauga,Electronics,In-Store,Completed,223.75,55,6,1,815
T000181,C0939,2026-01-10,Calgary,Clothing,Online,Completed,52.6,74,9,18,2010
T000182,C0153,2026-01-10,Vancouver,Dining,In-Store,Completed,23.98,71,12,2,1036
T000183,C0498,2026-01-10,Ottawa,Groceries,In-Store,Completed,27.74,41,5,19,2504
T000184,C0697,2026-01-10,Calgary,Clothing,Mobile App,Completed,65.21,58,10,1,1920
T000185,C0496,2026-01-11,Vancouver,Home,Mobile App,Completed,294.6,65,4,22,57
T000186,C0447,2026-01-11,Ottawa,Dining,Mobile App,Completed,45.76,19,9,2,2904
T000187,C0167,2026-01-11,Calgary,Dining,Online,Completed,51.2,57,10,10,2285
T000188,C0382,2026-01-11,Toronto,Dining,Mobile App,Completed,50.31,71,8,8,1237
T000189,C0239,2026-01-11,Vancouver,Groceries,Online,Completed,54.09,24,8,9,1868
T000190,C0302,2026-01-11,Windsor,Home,In-Store,Completed,84.19,61,12,12,2508
T000191,C0684,2026-01-11,Vancouver,Groceries,Mobile App,Pending,28.63,21,10,18,1480
T000192,C0631,2026-01-11,Calgary,Travel,Mobile App,Completed,213.65,41,7,2,2162
T000193,C0608,2026-01-11,Mississauga,Groceries,In-Store,Completed,75.16,65,9,0,2464
T000194,C0362,2026-01-11,Toronto,Clothing,Online,Completed,699.19,75,3,15,2127
T000195,C0960,2026-01-11,Mississauga,Home,In-Store,Completed,31.35,60,13,0,1480
T000196,C0088,2026-01-11,Mississauga,Travel,Mobile App,Pending,328.34,59,8,14,739
T000197,C0343,2026-01-11,Calgary,Travel,In-Store,Completed,277.35,33,8,2,696
T000198,C0119,2026-01-11,Calgary,Clothing,In-Store,Completed,59.9,65,10,7,118
T000199,C0339,2026-01-11,Ottawa,Home,In-Store,Completed,60.76,56,10,13,1386
T000200,C0962,2026-01-11,Calgary,Home,In-Store,Completed,38.84,72,5,7,1424
T000201,C0367,2026-01-11,Mississauga,Electronics,Online,Completed,39.22,52,7,12,1112
T000202,C0909,2026-01-11,Mississauga,Travel,Mobile App,Completed,84.96,20,7,23,1838
T000203,C0496,2026-01-11,Calgary,Clothing,Online,Completed,86.51,47,6,10,955
T000204,C0700,2026-01-12,Vancouver,Electronics,Mobile App,Completed,21.77,62,3,7,1448
T000205,C0458,2026-01-12,Ottawa,Clothing,Online,Completed,597.13,63,6,4,2330
T000206,C0266,2026-01-12,Mississauga,Groceries,In-Store,Completed,68.17,40,5,21,1171
T000207,C0765,2026-01-12,Vancouver,Home,In-Store,Completed,89.88,27,11,23,230
T000208,C0970,2026-01-12,Vancouver,Travel,In-Store,Completed,49.92,68,13,4,886
T000209,C0264,2026-01-12,Mississauga,Clothing,In-Store,Completed,67.74,65,5,3,1266
T000210,C0779,2026-01-12,Toronto,Clothing,Mobile App,Completed,62.71,68,6,4,2582
T000211,C0262,2026-01-12,Toronto,Electronics,Online,Completed,84.79,56,16,17,213
T000212,C0717,2026-01-12,Toronto,Dining,Mobile App,Completed,83.95,66,4,20,534
T000213,C0790,2026-01-12,Mississauga,Home,Mobile App,Completed,168.48,41,13,0,836
T000214,C0450,2026-01-12,Ottawa,Groceries,Mobile App,Completed,103.11,63,8,14,45
T000215,C0737,2026-01-12,Vancouver,Clothing,Online,Completed,154.67,46,7,12,2748
T000216,C0273,2026-01-12,Windsor,Electronics,Online,Completed,84.29,64,12,18,351
T000217,C0080,2026-01-12,Vancouver,Travel,In-Store,Completed,103.46,26,15,17,1925
T000218,C0097,2026-01-12,Ottawa,Travel,Online,Completed,69.24,35,11,13,1345
T000219,C0448,2026-01-12,Toronto,Clothing,Mobile App,Completed,199.4,30,8,10,2548
T000220,C0903,2026-01-12,Mississauga,Home,Mobile App,Completed,111.82,41,5,23,1693
T000221,C0128,2026-01-12,Windsor,Dining,In-Store,Completed,74.31,65,7,6,2656
T000222,C0456,2026-01-13,Calgary,Electronics,Mobile App,Completed,72.45,24,9,0,2101
T000223,C0705,2026-01-13,Calgary,Dining,Online,Completed,77.46,60,6,18,2478
T000224,C0203,2026-01-13,Vancouver,Travel,Mobile App,Completed,87.23,66,8,3,1695
T000225,C0722,2026-01-13,Ottawa,Clothing,Online,Completed,1588.25,56,4,18,269
T000226,C0306,2026-01-13,Mississauga,Clothing,Mobile App,Completed,52.86,55,11,2,1915
T000227,C0809,2026-01-13,Windsor,Dining,In-Store,Completed,162.85,26,7,22,1163
T000228,C0580,2026-01-13,Vancouver,Home,In-Store,Completed,171.83,53,9,16,377
T000229,C0547,2026-01-13,Toronto,Groceries,Online,Completed,387.2,31,6,23,1327
T000230,C0177,2026-01-13,Windsor,Groceries,In-Store,Completed,50.88,32,10,7,1334
T000231,C0464,2026-01-13,Toronto,Groceries,Mobile App,Completed,149.77,67,11,9,2984
T000232,C0857,2026-01-13,Mississauga,Home,Mobile App,Completed,16.77,53,10,18,2137
T000233,C0020,2026-01-13,Windsor,Electronics,In-Store,Completed,171.97,75,6,20,2341
T000234,C0759,2026-01-13,Windsor,Travel,Online,Completed,24.64,44,7,2,992
T000235,C0493,2026-01-13,Mississauga,Clothing,In-Store,Completed,36.82,38,13,11,1312
T000236,C0720,2026-01-13,Calgary,Clothing,Mobile App,Completed,112.74,75,5,5,794
T000237,C0664,2026-01-13,Ottawa,Home,Online,Completed,50.12,54,7,8,1559
T000238,C0433,2026-01-13,Vancouver,Groceries,Mobile App,Completed,44.61,68,12,1,849
T000239,C0309,2026-01-13,Calgary,Dining,Mobile App,Completed,56.29,20,6,12,946
T000240,C0628,2026-01-14,Calgary,Travel,Mobile App,Completed,158.04,48,10,23,1156
T000241,C0141,2026-01-14,Mississauga,Clothing,In-Store,Completed,38.46,65,8,19,2848
T000242,C0585,2026-01-14,Calgary,Travel,Online,Completed,81.18,64,4,17,41
T000243,C0095,2026-01-14,Calgary,Travel,Online,Completed,61.61,59,6,0,2603
T000244,C0650,2026-01-14,Calgary,Electronics,Mobile App,Completed,170.64,27,5,2,2715
T000245,C0629,2026-01-14,Mississauga,Groceries,In-Store,Completed,174.75,49,6,16,774
T000246,C0085,2026-01-14,Windsor,Dining,Online,Completed,17.86,23,3,15,641
T000247,C0758,2026-01-14,Ottawa,Electronics,Mobile App,Completed,206.64,64,9,2,799
T000248,C0416,2026-01-14,Calgary,Travel,Online,Completed,50.58,54,12,10,2574
T000249,C0787,2026-01-14,Calgary,Clothing,Mobile App,Completed,103.91,29,5,22,473
T000250,C0042,2026-01-14,Ottawa,Travel,In-Store,Pending,38.27,60,8,21,196
T000251,C0180,2026-01-14,Toronto,Travel,In-Store,Completed,116.53,59,7,16,494
T000252,C0494,2026-01-14,Mississauga,Groceries,Online,Failed,743.45,21,6,3,859
T000253,C0189,2026-01-14,Vancouver,Travel,Online,Pending,94.7,23,7,5,2056
T000254,C0330,2026-01-14,Ottawa,Dining,Mobile App,Completed,57.5,29,10,0,1643
T000255,C0661,2026-01-14,Mississauga,Groceries,In-Store,Completed,69.78,22,10,3,1474
T000256,C0145,2026-01-14,Mississauga,Electronics,Mobile App,Completed,24.39,49,8,3,459
T000257,C0678,2026-01-14,Toronto,Clothing,Mobile App,Pending,291.28,69,8,21,2285
T000258,C0104,2026-01-14,Windsor,Home,Online,Completed,110.9,21,12,22,2962
T000259,C0176,2026-01-15,Vancouver,Travel,In-Store,Completed,34.85,53,8,18,1173
T000260,C0588,2026-01-15,Windsor,Home,Mobile App,Pending,35.83,42,5,22,1697
T000261,C0794,2026-01-15,Calgary,Electronics,In-Store,Completed,86.11,66,6,13,916
T000262,C0171,2026-01-15,Toronto,Electronics,In-Store,Failed,187.7,45,7,1,2426
T000263,C0300,2026-01-15,Ottawa,Home,In-Store,Completed,31.95,56,2,18,1741
T000264,C0926,2026-01-15,Mississauga,Electronics,Mobile App,Completed,219.0,71,4,12,854
T000265,C0990,2026-01-15,Vancouver,Travel,Mobile App,Completed,78.63,25,4,3,952
T000266,C0582,2026-01-15,Calgary,Electronics,Mobile App,Completed,38.55,36,10,16,594
T000267,C0448,2026-01-15,Ottawa,Electronics,In-Store,Completed,57.12,33,5,6,2828
T000268,C0347,2026-01-15,Ottawa,Dining,In-Store,Completed,375.75,27,9,0,2546
T000269,C0613,2026-01-15,Vancouver,Dining,In-Store,Completed,26.12,55,8,2,1303
T000270,C0591,2026-01-15,Ottawa,Home,Online,Completed,45.63,18,9,0,685
T000271,C0295,2026-01-15,Windsor,Home,Mobile App,Completed,191.01,40,10,10,622
T000272,C0023,2026-01-15,Mississauga,Travel,Online,Completed,102.17,25,5,1,1167
T000273,C0152,2026-01-15,Windsor,Travel,Mobile App,Completed,43.38,53,11,13,273
T000274,C0959,2026-01-15,Mississauga,Groceries,In-Store,Completed,193.01,61,6,16,2229
T000275,C0419,2026-01-15,Ottawa,Electronics,Mobile App,Completed,200.96,45,11,17,286
T000276,C0483,2026-01-15,Windsor,Groceries,Mobile App,Completed,112.66,43,6,22,723
T000277,C0468,2026-01-16,Windsor,Home,In-Store,Completed,50.51,44,5,23,1210
T000278,C0783,2026-01-16,Vancouver,Electronics,In-Store,Completed,57.58,29,6,1,1974
T000279,C0065,2026-01-16,Mississauga,Dining,In-Store,Completed,108.27,39,6,8,1299
T000280,C0083,2026-01-16,Windsor,Home,In-Store,Failed,27.87,72,4,3,2869
T000281,C0276,2026-01-16,Vancouver,Clothing,Online,Completed,262.77,20,7,7,1136
T000282,C0487,2026-01-16,Vancouver,Travel,Online,Completed,360.62,63,6,11,1628
T000283,C0672,2026-01-16,Vancouver,Groceries,Mobile App,Completed,69.55,27,7,20,1449
T000284,C0491,2026-01-16,Vancouver,Travel,Mobile App,Failed,115.05,24,9,10,832
T000285,C0442,2026-01-16,Calgary,Travel,Online,Completed,232.89,34,10,5,1841
T000286,C0938,2026-01-16,Ottawa,Electronics,Online,Completed,448.04,33,11,5,2821
T000287,C0162,2026-01-16,Windsor,Clothing,In-Store,Pending,319.29,36,8,18,597
T000288,C0572,2026-01-16,Calgary,Home,Mobile App,Pending,19.44,67,8,4,2751
T000289,C0543,2026-01-16,Windsor,Electronics,Mobile App,Completed,65.0,70,13,17,2487
T000290,C0474,2026-01-16,Windsor,Electronics,Mobile App,Completed,130.09,58,8,3,1884
T000291,C0808,2026-01-16,Vancouver,Electronics,Online,Completed,55.84,26,6,23,2208
T000292,C0267,2026-01-16,Calgary,Home,Online,Completed,386.84,72,7,6,2260
T000293,C0954,2026-01-16,Mississauga,Groceries,In-Store,Completed,339.55,67,6,23,1046
T000294,C0332,2026-01-16,Vancouver,Home,Online,Completed,42.48,22,5,20,2263
T000295,C0546,2026-01-16,Calgary,Clothing,In-Store,Completed,74.04,40,7,12,1336
T000296,C0521,2026-01-17,Vancouver,Dining,In-Store,Completed,44.95,62,8,10,1351
T000297,C0850,2026-01-17,Toronto,Travel,Mobile App,Completed,72.01,23,11,6,2766
T000298,C0439,2026-01-17,Ottawa,Home,Online,Completed,70.18,22,3,22,817
T000299,C0285,2026-01-17,Windsor,Clothing,Mobile App,Completed,191.29,53,7,22,263
T000300,C0022,2026-01-17,Calgary,Electronics,Mobile App,Failed,39.94,37,9,20,227
T000301,C0364,2026-01-17,Toronto,Groceries,Mobile App,Completed,9.19,43,9,20,1239
T000302,C0827,2026-01-17,Calgary,Travel,Mobile App,Completed,21.73,61,11,12,170
T000303,C0010,2026-01-17,Windsor,Groceries,Mobile App,Completed,35.47,49,4,12,2784
T000304,C0897,2026-01-17,Mississauga,Groceries,Online,Completed,48.68,59,17,19,187
T000305,C0543,2026-01-17,Windsor,Home,In-Store,Completed,99.66,25,8,13,2371
T000306,C0141,2026-01-17,Vancouver,Dining,In-Store,Completed,33.95,18,8,3,740
T000307,C0303,2026-01-17,Mississauga,Travel,Mobile App,Completed,30.36,32,6,0,2195
T000308,C0555,2026-01-17,Vancouver,Electronics,Online,Completed,38.58,29,10,15,364
T000309,C0316,2026-01-17,Toronto,Groceries,In-Store,Completed,32.93,36,7,22,2837
T000310,C0109,2026-01-17,Mississauga,Groceries,Online,Completed,53.06,63,12,22,171
T000311,C0666,2026-01-17,Calgary,Dining,Online,Completed,51.16,26,6,8,1091
T000312,C0673,2026-01-17,Calgary,Groceries,Mobile App,Completed,152.68,25,7,14,1762
T000313,C0119,2026-01-17,Windsor,Dining,Online,Completed,36.66,29,10,14,1906
T000314,C0282,2026-01-18,Mississauga,Electronics,Mobile App,Failed,62.72,36,9,11,1039
T000315,C0244,2026-01-18,Mississauga,Travel,Mobile App,Completed,53.48,29,6,14,175
T000316,C0660,2026-01-18,Ottawa,Travel,Mobile App,Completed,169.05,28,9,15,2998
T000317,C0731,2026-01-18,Ottawa,Electronics,Online,Completed,74.55,51,10,2,2605
T000318,C0727,2026-01-18,Toronto,Dining,Online,Completed,207.63,24,19,3,2012
T000319,C0939,2026-01-18,Vancouver,Groceries,In-Store,Failed,31.92,26,7,5,1018
T000320,C0769,2026-01-18,Windsor,Electronics,In-Store,Completed,81.51,66,8,7,2818
T000321,C0321,2026-01-18,Windsor,Home,Mobile App,Completed,52.1,19,3,16,556
T000322,C0108,2026-01-18,Calgary,Home,In-Store,Completed,29.98,21,8,6,222
T000323,C0615,2026-01-18,Vancouver,Dining,Online,Completed,80.26,22,3,17,2393
T000324,C0917,2026-01-18,Mississauga,Home,Mobile App,Completed,370.79,49,9,2,807
T000325,C0976,2026-01-18,Calgary,Travel,Mobile App,Completed,41.17,58,10,13,2264
T000326,C0231,2026-01-18,Mississauga,Groceries,In-Store,Completed,76.27,58,5,16,2350
T000327,C0237,2026-01-18,Ottawa,Home,Mobile App,Completed,3082.97,58,2,18,429
T000328,C0038,2026-01-18,Windsor,Dining,Mobile App,Completed,24.59,21,5,15,1866
T000329,C0142,2026-01-18,Windsor,Travel,In-Store,Completed,43.53,37,3,18,1372
T000330,C0555,2026-01-18,Mississauga,Travel,Online,Pending,57.98,54,9,20,1105
T000331,C0547,2026-01-18,Ottawa,Electronics,In-Store,Completed,60.21,57,9,13,1423
T000332,C0371,2026-01-19,Vancouver,Clothing,In-Store,Completed,70.14,37,7,16,2526
T000333,C0310,2026-01-19,Mississauga,Travel,Mobile App,Completed,20.94,67,5,4,424
T000334,C0830,2026-01-19,Calgary,Dining,Mobile App,Completed,49.93,66,3,19,1516
T000335,C0461,2026-01-19,Ottawa,Electronics,In-Store,Completed,130.21,62,9,5,2185
T000336,C0809,2026-01-19,Toronto,Clothing,In-Store,Pending,26.79,64,6,3,2751
T000337,C0964,2026-01-19,Vancouver,Electronics,In-Store,Completed,62.85,74,3,2,1685
T000338,C0318,2026-01-19,Ottawa,Groceries,In-Store,Pending,109.02,64,7,1,1655
T000339,C0203,2026-01-19,Mississauga,Home,In-Store,Completed,43.72,51,4,19,561
T000340,C0953,2026-01-19,Mississauga,Electronics,In-Store,Completed,113.63,41,7,8,1775
T000341,C0635,2026-01-19,Windsor,Travel,In-Store,Completed,23.33,38,9,4,2907
T000342,C0291,2026-01-19,Ottawa,Clothing,Mobile App,Failed,180.88,65,4,3,949
T000343,C0622,2026-01-19,Ottawa,Home,Online,Completed,116.0,35,11,13,1491
T000344,C0516,2026-01-19,Mississauga,Travel,Online,Failed,89.12,54,17,18,267
T000345,C0906,2026-01-19,Windsor,Clothing,Mobile App,Completed,221.13,47,3,1,865
T000346,C0256,2026-01-19,Mississauga,Home,Mobile App,Completed,64.25,39,4,10,69
T000347,C0992,2026-01-19,Mississauga,Home,In-Store,Completed,50.27,44,9,10,2650
T000348,C0937,2026-01-19,Mississauga,Groceries,In-Store,Completed,272.96,22,10,22,887
T000349,C0181,2026-01-19,Windsor,Clothing,In-Store,Completed,406.39,59,6,0,2804
T000350,C0165,2026-01-19,Ottawa,Electronics,In-Store,Completed,47.15,21,13,2,2555
T000351,C0534,2026-01-20,Windsor,Home,Online,Completed,77.17,22,9,5,525
T000352,C0045,2026-01-20,Ottawa,Groceries,In-Store,Completed,206.63,32,7,22,1033
T000353,C0299,2026-01-20,Toronto,Electronics,Online,Completed,79.54,48,12,0,1341
T000354,C0436,2026-01-20,Mississauga,Electronics,Online,Completed,140.9,35,5,17,2506
T000355,C0970,2026-01-20,Vancouver,Travel,In-Store,Completed,165.01,69,9,11,2890
T000356,C0993,2026-01-20,Vancouver,Groceries,Mobile App,Completed,52.7,71,7,19,2973
T000357,C0152,2026-01-20,Vancouver,Groceries,Online,Completed,121.39,40,8,5,1417
T000358,C0892,2026-01-20,Vancouver,Travel,Mobile App,Completed,84.55,75,5,11,1310
T000359,C0091,2026-01-20,Toronto,Home,In-Store,Completed,30.21,23,7,11,452
T000360,C0749,2026-01-20,Mississauga,Travel,Mobile App,Completed,36.65,26,7,8,1323
T000361,C0846,2026-01-20,Ottawa,Dining,In-Store,Completed,48.82,38,6,8,591
T000362,C0891,2026-01-20,Vancouver,Travel,Mobile App,Completed,187.15,72,9,17,2558
T000363,C0224,2026-01-20,Ottawa,Travel,In-Store,Completed,192.44,47,8,3,1107
T000364,C0894,2026-01-20,Calgary,Dining,Mobile App,Completed,160.79,58,10,23,1693
T000365,C0116,2026-01-20,Windsor,Travel,In-Store,Completed,123.56,55,15,21,705
T000366,C0519,2026-01-20,Toronto,Groceries,In-Store,Completed,120.73,46,2,0,2501
T000367,C0470,2026-01-20,Toronto,Electronics,In-Store,Completed,107.62,72,9,21,2251
T000368,C0316,2026-01-20,Ottawa,Clothing,Mobile App,Completed,120.19,73,9,14,2115
T000369,C0023,2026-01-21,Ottawa,Dining,Mobile App,Completed,127.32,43,12,22,2537
T000370,C0773,2026-01-21,Windsor,Groceries,Online,Failed,25.76,59,9,5,1142
T000371,C0336,2026-01-21,Vancouver,Groceries,Mobile App,Completed,43.42,54,5,20,2859
T000372,C0662,2026-01-21,Vancouver,Home,Mobile App,Completed,35.45,52,11,9,1947
T000373,C0411,2026-01-21,Mississauga,Electronics,Mobile App,Completed,217.83,23,8,11,312
T000374,C0374,2026-01-21,Windsor,Groceries,In-Store,Completed,346.76,30,13,13,113
T000375,C0887,2026-01-21,Vancouver,Clothing,In-Store,Completed,13.45,75,8,18,2279
T000376,C0095,2026-01-21,Vancouver,Travel,Mobile App,Completed,321.42,32,8,5,1518
T000377,C0737,2026-01-21,Windsor,Dining,In-Store,Completed,91.5,55,9,0,2810
T000378,C0747,2026-01-21,Windsor,Home,In-Store,Completed,201.03,70,4,0,295
T000379,C0380,2026-01-21,Mississauga,Electronics,In-Store,Completed,130.73,52,6,21,2130
T000380,C0263,2026-01-21,Ottawa,Travel,In-Store,Completed,289.16,30,9,1,1668
T000381,C0006,2026-01-21,Toronto,Clothing,Online,Completed,101.59,67,10,1,247
T000382,C0937,2026-01-21,Calgary,Travel,Online,Completed,26.67,19,5,0,2442
T000383,C0948,2026-01-21,Mississauga,Electronics,Online,Completed,77.7,59,10,7,223
T000384,C0241,2026-01-21,Mississauga,Clothing,In-Store,Completed,131.76,33,16,1,505
T000385,C0032,2026-01-21,Toronto,Clothing,In-Store,Completed,70.75,55,5,11,2760
T000386,C0123,2026-01-21,Calgary,Groceries,In-Store,Completed,148.67,45,7,3,1204
T000387,C0068,2026-01-22,Windsor,Groceries,Mobile App,Completed,80.38,51,12,6,2500
T000388,C0832,2026-01-22,Calgary,Clothing,Online,Completed,51.24,40,3,10,1652
T000389,C0892,2026-01-22,Mississauga,Groceries,In-Store,Completed,33.77,48,5,11,1452
T000390,C0154,2026-01-22,Calgary,Home,Online,Completed,60.92,72,6,10,629
T000391,C0747,2026-01-22,Windsor,Groceries,Online,Completed,101.14,65,9,1,409
T000392,C0180,2026-01-22,Toronto,Home,In-Store,Pending,16.07,42,7,0,127
T000393,C0368,2026-01-22,Vancouver,Clothing,Online,Completed,43.8,72,7,18,121
T000394,C0600,2026-01-22,Vancouver,Dining,Online,Completed,15.57,69,10,0,34
T000395,C0720,2026-01-22,Ottawa,Electronics,Mobile App,Completed,50.31,54,7,9,2852
T000396,C0875,2026-01-22,Toronto,Dining,Mobile App,Completed,235.18,52,7,6,788
T000397,C0045,2026-01-22,Calgary,Clothing,Online,Completed,31.01,20,10,0,2647
T000398,C0197,2026-01-22,Mississauga,Clothing,Online,Completed,154.52,48,4,1,941
T000399,C0281,2026-01-22,Calgary,Electronics,Online,Pending,957.33,30,9,2,1547
T000400,C0311,2026-01-22,Calgary,Travel,In-Store,Completed,292.41,27,11,4,1410
T000401,C0999,2026-01-22,Calgary,Home,Mobile App,Pending,95.22,67,3,18,2498
T000402,C0778,2026-01-22,Vancouver,Electronics,Online,Completed,176.32,33,10,0,2549
T000403,C0321,2026-01-22,Vancouver,Clothing,Online,Completed,26.53,53,4,19,391
T000404,C0972,2026-01-22,Ottawa,Electronics,In-Store,Completed,22.31,68,8,2,1266
T000405,C0500,2026-01-22,Toronto,Home,Mobile App,Completed,87.1,52,6,4,2644
T000406,C0501,2026-01-23,Mississauga,Electronics,In-Store,Completed,119.28,63,17,15,277
T000407,C0434,2026-01-23,Vancouver,Electronics,Mobile App,Completed,215.49,62,6,22,2459
T000408,C0144,2026-01-23,Vancouver,Dining,In-Store,Completed,52.42,43,11,3,999
T000409,C0935,2026-01-23,Ottawa,Dining,Online,Completed,100.19,71,8,15,2116
T000410,C0014,2026-01-23,Vancouver,Electronics,In-Store,Completed,97.31,70,12,10,938
T000411,C0175,2026-01-23,Toronto,Travel,Mobile App,Completed,76.02,37,6,19,1609
T000412,C0230,2026-01-23,Mississauga,Groceries,In-Store,Completed,79.92,65,6,19,1722
T000413,C0280,2026-01-23,Ottawa,Home,Online,Completed,41.11,28,10,17,728
T000414,C0132,2026-01-23,Calgary,Groceries,Online,Completed,107.81,24,5,1,1956
T000415,C0018,2026-01-23,Windsor,Dining,In-Store,Completed,100.33,48,7,7,317
T000416,C0678,2026-01-23,Windsor,Home,In-Store,Failed,58.48,53,11,6,31
T000417,C0970,2026-01-23,Mississauga,Groceries,In-Store,Completed,149.69,51,8,17,2014
T000418,C0122,2026-01-23,Windsor,Groceries,In-Store,Completed,203.63,64,7,15,1633
T000419,C0297,2026-01-23,Ottawa,Clothing,In-Store,Completed,151.17,40,8,12,1784
T000420,C0507,2026-01-23,Ottawa,Groceries,In-Store,Completed,35.04,64,3,4,761
T000421,C0928,2026-01-23,Vancouver,Home,Online,Completed,92.51,70,8,3,160
T000422,C0695,2026-01-23,Calgary,Dining,In-Store,Completed,39.17,23,5,12,2291
T000423,C0767,2026-01-23,Toronto,Home,In-Store,Completed,92.27,44,5,23,881
T000424,C0582,2026-01-24,Windsor,Electronics,Mobile App,Completed,39.3,31,13,16,1032
T000425,C0418,2026-01-24,Windsor,Groceries,Mobile App,Completed,251.7,56,11,4,2622
T000426,C0200,2026-01-24,Windsor,Home,In-Store,Completed,165.42,41,6,22,2749
T000427,C0865,2026-01-24,Vancouver,Clothing,Online,Completed,226.49,34,10,6,1094
T000428,C0805,2026-01-24,Toronto,Home,Online,Completed,207.81,32,3,23,1210
T000429,C0026,2026-01-24,Toronto,Electronics,Online,Completed,67.53,38,16,19,2924
T000430,C0716,2026-01-24,Calgary,Dining,Online,Completed,59.2,24,21,3,1070
T000431,C0085,2026-01-24,Calgary,Travel,Mobile App,Completed,373.57,24,8,1,1706
T000432,C0739,2026-01-24,Windsor,Dining,Online,Completed,73.87,54,9,21,429
T000433,C0826,2026-01-24,Windsor,Electronics,Online,Completed,26.88,72,9,0,2626
T000434,C0132,2026-01-24,Ottawa,Dining,In-Store,Completed,200.14,47,8,1,549
T000435,C0434,2026-01-24,Ottawa,Travel,Online,Completed,96.05,71,6,11,963
T000436,C0124,2026-01-24,Calgary,Groceries,Mobile App,Failed,305.73,26,12,10,2032
T000437,C0568,2026-01-24,Mississauga,Dining,Mobile App,Completed,104.5,74,11,10,2586
T000438,C0928,2026-01-24,Toronto,Electronics,Mobile App,Pending,83.57,52,4,11,1727
T000439,C0081,2026-01-24,Mississauga,Groceries,In-Store,Pending,311.02,61,6,5,2567
T000440,C0398,2026-01-24,Ottawa,Groceries,In-Store,Completed,22.99,21,14,2,1664
T000441,C0974,2026-01-24,Ottawa,Dining,In-Store,Completed,51.68,53,11,9,1442
T000442,C0301,2026-01-24,Ottawa,Groceries,Online,Completed,39.98,40,9,7,425
T000443,C0133,2026-01-25,Calgary,Dining,In-Store,Failed,13.16,70,5,9,1116
T000444,C0489,2026-01-25,Vancouver,Travel,Mobile App,Completed,178.55,63,11,18,344
T000445,C0509,2026-01-25,Windsor,Home,Online,Completed,52.92,68,13,0,817
T000446,C0663,2026-01-25,Mississauga,Groceries,Online,Completed,183.5,69,6,5,1331
T000447,C0314,2026-01-25,Vancouver,Dining,In-Store,Completed,118.32,59,4,21,2824
T000448,C0956,2026-01-25,Mississauga,Groceries,In-Store,Completed,142.41,32,9,2,2861
T000449,C0522,2026-01-25,Mississauga,Dining,Mobile App,Completed,57.72,34,7,12,1742
T000450,C0287,2026-01-25,Windsor,Dining,Mobile App,Completed,44.39,67,11,23,1278
T000451,C0961,2026-01-25,Windsor,Clothing,Mobile App,Completed,91.74,52,6,9,1070
T000452,C0925,2026-01-25,Vancouver,Dining,In-Store,Pending,185.67,69,8,1,2714
T000453,C0500,2026-01-25,Calgary,Home,Mobile App,Completed,81.44,64,8,22,1127
T000454,C0025,2026-01-25,Vancouver,Groceries,Online,Completed,46.81,53,11,0,2903
T000455,C0597,2026-01-25,Windsor,Groceries,In-Store,Completed,30.68,26,9,18,1382
T000456,C0556,2026-01-25,Toronto,Groceries,Online,Completed,101.11,74,13,6,359
T000457,C0149,2026-01-25,Toronto,Dining,Mobile App,Completed,53.07,32,6,18,1229
T000458,C0634,2026-01-25,Mississauga,Electronics,In-Store,Completed,79.97,32,11,2,2775
T000459,C0841,2026-01-25,Ottawa,Groceries,In-Store,Completed,69.39,26,12,7,1183
T000460,C0106,2026-01-25,Calgary,Electronics,Online,Completed,58.26,22,7,2,2172
T000461,C0724,2026-01-26,Calgary,Home,Mobile App,Failed,109.11,39,12,14,2981
T000462,C0141,2026-01-26,Toronto,Clothing,In-Store,Completed,136.18,66,7,9,312
T000463,C0749,2026-01-26,Vancouver,Groceries,Mobile App,Completed,451.75,68,13,5,2661
T000464,C0420,2026-01-26,Windsor,Home,In-Store,Completed,161.89,46,2,15,2191
T000465,C0007,2026-01-26,Windsor,Electronics,Online,Completed,329.4,36,6,0,1985
T000466,C0967,2026-01-26,Ottawa,Dining,In-Store,Completed,42.39,38,9,17,1494
T000467,C0166,2026-01-26,Toronto,Electronics,In-Store,Completed,21.8,71,12,2,2063
T000468,C0597,2026-01-26,Mississauga,Dining,Online,Completed,83.96,21,6,2,445
T000469,C0182,2026-01-26,Ottawa,Clothing,Online,Completed,176.26,21,42,6,2789
T000470,C0934,2026-01-26,Windsor,Clothing,Mobile App,Completed,154.26,21,8,13,737
T000471,C0739,2026-01-26,Ottawa,Travel,In-Store,Completed,238.01,69,5,20,483
T000472,C0805,2026-01-26,Mississauga,Travel,In-Store,Completed,9.84,23,6,17,2133
T000473,C0433,2026-01-26,Vancouver,Clothing,In-Store,Completed,246.58,72,3,8,258
T000474,C0468,2026-01-26,Windsor,Electronics,Mobile App,Completed,113.05,28,6,14,977
T000475,C0635,2026-01-26,Toronto,Dining,Online,Completed,22.88,49,11,19,756
T000476,C0785,2026-01-26,Ottawa,Groceries,In-Store,Completed,157.22,74,3,11,2857
T000477,C0847,2026-01-26,Windsor,Clothing,Online,Completed,98.17,24,9,17,780
T000478,C0018,2026-01-26,Vancouver,Dining,Online,Completed,117.53,34,7,10,2466
T000479,C0664,2026-01-27,Toronto,Travel,Online,Completed,198.72,60,13,10,1754
T000480,C0110,2026-01-27,Ottawa,Travel,In-Store,Pending,122.53,65,10,18,1675
T000481,C0288,2026-01-27,Calgary,Electronics,In-Store,Failed,24.31,70,10,18,2069
T000482,C0830,2026-01-27,Toronto,Groceries,In-Store,Completed,75.27,19,6,5,1888
T000483,C0251,2026-01-27,Windsor,Home,Mobile App,Completed,21.49,63,6,2,799
T000484,C0797,2026-01-27,Calgary,Electronics,In-Store,Completed,147.58,36,12,4,2759
T000485,C0464,2026-01-27,Ottawa,Groceries,In-Store,Completed,278.92,50,9,21,138
T000486,C0233,2026-01-27,Windsor,Electronics,Mobile App,Completed,29.59,70,11,1,982
T000487,C0335,2026-01-27,Windsor,Home,In-Store,Completed,48.03,70,8,19,933
T000488,C0531,2026-01-27,Vancouver,Electronics,Mobile App,Completed,40.15,28,10,9,2432
T000489,C0766,2026-01-27,Calgary,Home,Online,Failed,57.79,45,8,20,1468
T000490,C0607,2026-01-27,Mississauga,Dining,Mobile App,Completed,120.69,34,11,15,1362
T000491,C0934,2026-01-27,Mississauga,Home,Mobile App,Completed,58.33,53,5,17,71
T000492,C0868,2026-01-27,Vancouver,Travel,In-Store,Completed,148.01,65,11,12,2617
T000493,C0754,2026-01-27,Windsor,Groceries,Online,Failed,210.23,36,6,10,1235
T000494,C0604,2026-01-27,Windsor,Travel,In-Store,Completed,216.84,25,9,2,223
T000495,C0290,2026-01-27,Vancouver,Dining,Mobile App,Pending,32.86,21,19,7,820
T000496,C0413,2026-01-27,Windsor,Electronics,In-Store,Completed,276.08,21,10,23,2162
T000497,C0119,2026-01-27,Vancouver,Travel,Online,Completed,295.54,39,9,10,93
T000498,C0375,2026-01-28,Mississauga,Groceries,Online,Completed,318.12,74,12,8,2431
T000499,C0927,2026-01-28,Calgary,Clothing,In-Store,Completed,74.33,32,12,23,1398
T000500,C0426,2026-01-28,Toronto,Clothing,Mobile App,Completed,44.86,41,5,0,1851
T000501,C0114,2026-01-28,Calgary,Groceries,In-Store,Completed,36.82,57,12,15,2240
T000502,C0652,2026-01-28,Windsor,Dining,Mobile App,Completed,33.32,56,11,14,901
T000503,C0963,2026-01-28,Toronto,Travel,Mobile App,Completed,85.85,33,11,16,1605
T000504,C0868,2026-01-28,Vancouver,Groceries,Online,Completed,174.74,25,10,0,469
T000505,C0275,2026-01-28,Ottawa,Dining,Online,Completed,258.07,27,4,19,1527
T000506,C0454,2026-01-28,Calgary,Electronics,Mobile App,Completed,56.26,30,15,21,2225
T000507,C0532,2026-01-28,Toronto,Groceries,In-Store,Completed,82.25,22,4,15,472
T000508,C0248,2026-01-28,Toronto,Clothing,Mobile App,Completed,77.8,44,8,14,410
T000509,C0269,2026-01-28,Ottawa,Dining,Mobile App,Completed,49.53,55,4,12,348
T000510,C0237,2026-01-28,Calgary,Clothing,In-Store,Completed,158.86,57,4,7,2537
T000511,C0995,2026-01-28,Mississauga,Travel,Online,Completed,2562.75,70,11,21,2643
T000512,C0747,2026-01-28,Vancouver,Home,Mobile App,Completed,95.89,35,11,8,1518
T000513,C0841,2026-01-28,Calgary,Home,In-Store,Completed,115.26,55,9,18,1702
T000514,C0817,2026-01-28,Calgary,Travel,Online,Completed,143.42,69,8,2,1164
T000515,C0960,2026-01-28,Ottawa,Dining,In-Store,Pending,142.21,19,43,0,1554
T000516,C0106,2026-01-29,Vancouver,Dining,Online,Completed,41.68,63,7,10,732
T000517,C0882,2026-01-29,Ottawa,Clothing,Online,Completed,182.1,23,7,0,1424
T000518,C0067,2026-01-29,Vancouver,Dining,In-Store,Completed,105.61,49,8,12,78
T000519,C0476,2026-01-29,Ottawa,Travel,In-Store,Completed,58.75,66,11,13,1569
T000520,C0595,2026-01-29,Ottawa,Electronics,In-Store,Failed,103.73,44,4,3,2718
T000521,C0358,2026-01-29,Mississauga,Home,Mobile App,Pending,113.92,50,6,14,2121
T000522,C0147,2026-01-29,Ottawa,Travel,In-Store,Completed,213.19,53,8,16,1825
T000523,C0193,2026-01-29,Vancouver,Electronics,Mobile App,Completed,34.93,51,7,4,734
T000524,C0825,2026-01-29,Calgary,Travel,Mobile App,Completed,262.14,60,8,7,2111
T000525,C0319,2026-01-29,Ottawa,Dining,Mobile App,Pending,86.69,67,4,19,2794
T000526,C0311,2026-01-29,Toronto,Groceries,Online,Completed,55.28,25,9,1,2921
T000527,C0924,2026-01-29,Ottawa,Home,Mobile App,Failed,53.86,42,15,15,2848
T000528,C0144,2026-01-29,Windsor,Home,Online,Completed,36.29,67,15,5,679
T000529,C0916,2026-01-29,Toronto,Home,In-Store,Completed,19.35,40,8,16,683
T000530,C0921,2026-01-29,Toronto,Dining,In-Store,Completed,151.18,46,11,0,216
T000531,C0599,2026-01-29,Ottawa,Electronics,Online,Completed,457.79,61,12,19,2726
T000532,C0166,2026-01-29,Calgary,Groceries,Online,Completed,21.49,72,8,21,1469
T000533,C0156,2026-01-29,Ottawa,Clothing,Mobile App,Completed,37.89,32,8,14,1739
T000534,C0285,2026-01-30,Mississauga,Electronics,Mobile App,Completed,161.01,73,6,11,1280
T000535,C0578,2026-01-30,Toronto,Home,Online,Completed,81.77,59,8,16,2012
T000536,C0154,2026-01-30,Vancouver,Home,In-Store,Completed,172.76,19,7,23,219
T000537,C0456,2026-01-30,Toronto,Groceries,Online,Completed,77.96,67,11,15,1001
T000538,C0116,2026-01-30,Calgary,Home,Mobile App,Completed,51.89,40,8,14,1432
T000539,C0541,2026-01-30,Vancouver,Groceries,Mobile App,Completed,70.15,34,12,12,478
T000540,C0022,2026-01-30,Calgary,Dining,Mobile App,Failed,11.22,48,5,1,1637
T000541,C0710,2026-01-30,Windsor,Dining,In-Store,Pending,32.16,51,5,2,2091
T000542,C0056,2026-01-30,Toronto,Home,Online,Completed,190.32,49,8,4,376
T000543,C0195,2026-01-30,Windsor,Travel,Online,Completed,234.1,21,9,1,2487
T000544,C0175,2026-01-30,Vancouver,Home,Online,Completed,280.87,65,8,12,2094
T000545,C0831,2026-01-30,Windsor,Travel,Mobile App,Completed,123.64,37,13,9,247
T000546,C0054,2026-01-30,Calgary,Clothing,Online,Completed,12.49,26,10,0,1056
T000547,C0430,2026-01-30,Toronto,Home,Mobile App,Completed,49.55,50,4,12,2247
T000548,C0592,2026-01-30,Toronto,Home,Mobile App,Completed,262.07,54,7,14,1706
T000549,C0516,2026-01-30,Windsor,Dining,Online,Completed,337.73,24,8,4,98
T000550,C0681,2026-01-30,Vancouver,Dining,Mobile App,Completed,270.67,72,3,20,1922
T000551,C0804,2026-01-30,Ottawa,Home,Mobile App,Pending,69.54,52,8,7,900
T000552,C0394,2026-01-30,Mississauga,Clothing,In-Store,Completed,28.0,75,6,7,1093
T000553,C0829,2026-01-31,Ottawa,Home,In-Store,Pending,82.11,56,9,22,181
T000554,C0318,2026-01-31,Ottawa,Travel,Online,Completed,86.08,18,10,20,2214
T000555,C0985,2026-01-31,Ottawa,Home,In-Store,Completed,321.62,30,13,9,868
T000556,C0505,2026-01-31,Ottawa,Clothing,Mobile App,Pending,103.16,74,4,22,1976
T000557,C0737,2026-01-31,Toronto,Clothing,In-Store,Completed,86.21,50,4,14,1313
T000558,C0876,2026-01-31,Windsor,Electronics,Online,Completed,90.48,25,4,6,201
T000559,C0793,2026-01-31,Ottawa,Travel,In-Store,Completed,119.41,22,9,10,353
T000560,C0852,2026-01-31,Toronto,Clothing,Mobile App,Completed,144.77,49,8,11,428
T000561,C0537,2026-01-31,Mississauga,Clothing,Online,Completed,45.92,52,17,0,121
T000562,C0044,2026-01-31,Toronto,Home,Mobile App,Completed,34.59,32,13,7,163
T000563,C0494,2026-01-31,Vancouver,Electronics,Online,Completed,272.5,29,10,15,104
T000564,C0182,2026-01-31,Toronto,Electronics,Online,Completed,21.07,53,10,6,2613
T000565,C0890,2026-01-31,Toronto,Home,In-Store,Completed,341.97,43,11,14,2781
T000566,C0237,2026-01-31,Ottawa,Home,In-Store,Completed,16.75,20,14,0,1067
T000567,C0229,2026-01-31,Windsor,Electronics,Mobile App,Completed,51.72,21,8,5,275
T000568,C0250,2026-01-31,Mississauga,Dining,Online,Completed,194.17,31,55,5,1606
T000569,C0643,2026-01-31,Windsor,Home,Online,Completed,85.02,50,8,15,2140
T000570,C0572,2026-01-31,Windsor,Electronics,In-Store,Pending,27.76,35,7,19,1599
T000571,C0949,2026-02-01,Vancouver,Clothing,Mobile App,Completed,122.13,18,11,9,1246
T000572,C0417,2026-02-01,Vancouver,Groceries,Mobile App,Completed,89.98,71,2,21,1434
T000573,C0283,2026-02-01,Windsor,Electronics,In-Store,Completed,70.74,58,7,23,326
T000574,C0050,2026-02-01,Vancouver,Clothing,Mobile App,Completed,50.01,51,7,7,1216
T000575,C0008,2026-02-01,Vancouver,Travel,Mobile App,Completed,82.54,32,9,9,355
T000576,C0374,2026-02-01,Ottawa,Travel,Mobile App,Completed,51.83,59,13,0,1055
T000577,C0926,2026-02-01,Ottawa,Home,Mobile App,Completed,673.17,72,5,8,382
T000578,C0524,2026-02-01,Calgary,Electronics,In-Store,Completed,69.31,57,10,18,799
T000579,C0894,2026-02-01,Mississauga,Travel,Mobile App,Completed,61.87,35,13,19,630
T000580,C0102,2026-02-01,Mississauga,Travel,Online,Completed,53.64,40,12,16,732
T000581,C0094,2026-02-01,Ottawa,Clothing,In-Store,Completed,384.93,71,6,11,486
T000582,C0834,2026-02-01,Calgary,Electronics,Mobile App,Completed,21.1,18,7,6,1948
T000583,C0107,2026-02-01,Vancouver,Travel,Online,Completed,115.37,30,11,12,852
T000584,C0052,2026-02-01,Toronto,Dining,In-Store,Completed,69.36,24,6,19,2116
T000585,C0405,2026-02-01,Mississauga,Travel,Mobile App,Completed,25.35,55,9,21,1537
T000586,C0925,2026-02-01,Vancouver,Home,Online,Completed,42.37,44,9,18,753
T000587,C0690,2026-02-01,Windsor,Dining,Mobile App,Completed,111.28,25,9,10,623
T000588,C0100,2026-02-01,Calgary,Clothing,In-Store,Failed,40.77,72,7,2,436
T000589,C0838,2026-02-01,Vancouver,Home,Mobile App,Completed,105.98,50,7,17,2606
T000590,C0844,2026-02-02,Calgary,Clothing,In-Store,Completed,369.6,32,6,11,2322
T000591,C0801,2026-02-02,Toronto,Home,Online,Completed,98.26,72,6,1,1736
T000592,C0903,2026-02-02,Ottawa,Travel,Mobile App,Completed,24.71,58,7,4,249
T000593,C0240,2026-02-02,Ottawa,Electronics,Online,Completed,41.38,25,6,23,1723
T000594,C0980,2026-02-02,Ottawa,Home,Online,Completed,66.69,65,4,4,1668
T000595,C0321,2026-02-02,Calgary,Travel,Mobile App,Completed,63.01,21,7,10,2881
T000596,C0803,2026-02-02,Mississauga,Electronics,Mobile App,Completed,96.72,70,14,8,1472
T000597,C0580,2026-02-02,Ottawa,Electronics,Online,Completed,110.86,40,9,11,337
T000598,C0780,2026-02-02,Vancouver,Electronics,In-Store,Completed,370.04,35,13,3,2098
T000599,C0628,2026-02-02,Vancouver,Home,Online,Completed,84.73,21,4,9,1385
T000600,C0643,2026-02-02,Vancouver,Groceries,Online,Pending,31.92,72,4,19,2394
T000601,C0617,2026-02-02,Mississauga,Clothing,Mobile App,Completed,226.65,50,7,2,2961
T000602,C0779,2026-02-02,Calgary,Travel,Online,Completed,248.69,53,9,10,2768
T000603,C0740,2026-02-02,Toronto,Groceries,In-Store,Completed,103.57,67,6,19,1781
T000604,C0135,2026-02-02,Mississauga,Travel,Mobile App,Completed,68.94,47,7,20,843
T000605,C0827,2026-02-02,Ottawa,Clothing,Mobile App,Completed,144.29,34,11,21,1672
T000606,C0537,2026-02-02,Toronto,Clothing,In-Store,Completed,71.04,63,8,13,144
T000607,C0324,2026-02-02,Mississauga,Travel,Mobile App,Completed,14.81,48,12,0,1966
T000608,C0515,2026-02-03,Ottawa,Dining,In-Store,Pending,137.22,31,10,14,1720
T000609,C0967,2026-02-03,Ottawa,Groceries,Online,Pending,181.47,66,6,22,2567
T000610,C0858,2026-02-03,Toronto,Groceries,Online,Completed,289.33,65,4,13,1167
T000611,C0834,2026-02-03,Windsor,Dining,Mobile App,Completed,45.67,32,7,16,2264
T000612,C0463,2026-02-03,Windsor,Travel,Mobile App,Completed,103.02,55,11,4,1348
T000613,C0785,2026-02-03,Ottawa,Groceries,In-Store,Completed,104.93,71,6,17,1705
T000614,C0386,2026-02-03,Windsor,Home,Mobile App,Completed,91.4,64,9,3,2527
T000615,C0687,2026-02-03,Ottawa,Travel,Mobile App,Completed,93.72,29,7,8,1029
T000616,C0640,2026-02-03,Vancouver,Electronics,In-Store,Completed,87.73,67,7,7,1102
T000617,C0250,2026-02-03,Vancouver,Home,Online,Completed,101.76,21,5,0,1340
T000618,C0267,2026-02-03,Windsor,Electronics,Mobile App,Completed,159.53,53,9,16,1631
T000619,C0062,2026-02-03,Calgary,Home,Mobile App,Failed,239.82,47,10,2,182
T000620,C0140,2026-02-03,Toronto,Electronics,Online,Completed,44.69,20,7,20,432
T000621,C0434,2026-02-03,Toronto,Dining,Mobile App,Completed,73.42,60,9,20,1608
T000622,C0478,2026-02-03,Toronto,Dining,Online,Completed,59.35,35,9,3,2384
T000623,C0166,2026-02-03,Windsor,Home,Mobile App,Pending,52.55,67,10,11,216
T000624,C0417,2026-02-03,Calgary,Electronics,In-Store,Completed,21.52,68,10,1,1484
T000625,C0605,2026-02-03,Windsor,Home,Mobile App,Completed,86.77,52,6,4,2477
T000626,C0233,2026-02-04,Vancouver,Dining,Mobile App,Completed,127.75,54,8,20,998
T000627,C0339,2026-02-04,Mississauga,Electronics,In-Store,Completed,74.5,21,4,8,2892
T000628,C0368,2026-02-04,Toronto,Travel,Online,Completed,84.36,69,13,8,1328
T000629,C0506,2026-02-04,Mississauga,Clothing,Mobile App,Completed,121.31,57,8,21,2085
T000630,C0367,2026-02-04,Toronto,Dining,In-Store,Completed,282.06,40,6,6,742
T000631,C0737,2026-02-04,Mississauga,Groceries,In-Store,Completed,59.49,22,5,4,2677
T000632,C0328,2026-02-04,Ottawa,Dining,Online,Completed,31.4,47,6,0,1700
T000633,C0434,2026-02-04,Ottawa,Travel,Online,Failed,78.71,70,8,19,1412
T000634,C0380,2026-02-04,Windsor,Groceries,In-Store,Completed,421.44,68,9,4,699
T000635,C0183,2026-02-04,Vancouver,Groceries,In-Store,Completed,31.69,23,8,10,2341
T000636,C0686,2026-02-04,Ottawa,Home,In-Store,Completed,147.71,62,7,1,1095
T000637,C0236,2026-02-04,Windsor,Groceries,In-Store,Failed,227.44,22,8,12,2847
T000638,C0297,2026-02-04,Mississauga,Dining,Mobile App,Pending,11.38,39,0,16,287
T000639,C0793,2026-02-04,Toronto,Clothing,Mobile App,Completed,120.46,43,6,7,2983
T000640,C0949,2026-02-04,Calgary,Electronics,In-Store,Completed,141.96,19,13,1,921
T000641,C0671,2026-02-04,Vancouver,Dining,Mobile App,Completed,67.72,25,9,5,57
T000642,C0917,2026-02-04,Windsor,Groceries,In-Store,Completed,49.07,69,11,18,1163
T000643,C0855,2026-02-04,Vancouver,Clothing,In-Store,Completed,51.45,54,12,21,1013
T000644,C0481,2026-02-04,Vancouver,Travel,In-Store,Failed,64.29,63,8,16,2341
T000645,C0771,2026-02-05,Ottawa,Home,Mobile App,Completed,65.75,51,8,22,2927
T000646,C0329,2026-02-05,Toronto,Home,Online,Completed,56.01,44,10,0,1956
T000647,C0461,2026-02-05,Calgary,Dining,In-Store,Completed,63.42,19,6,18,1850
T000648,C0536,2026-02-05,Calgary,Groceries,Online,Completed,233.88,49,5,23,380
T000649,C0961,2026-02-05,Calgary,Dining,In-Store,Completed,30.28,62,7,21,754
T000650,C0849,2026-02-05,Calgary,Groceries,Mobile App,Completed,19.22,29,7,23,1817
T000651,C0490,2026-02-05,Calgary,Travel,In-Store,Completed,237.08,46,9,12,2037
T000652,C0653,2026-02-05,Vancouver,Groceries,Online,Completed,72.2,41,10,22,1344
T000653,C0203,2026-02-05,Toronto,Home,Mobile App,Completed,61.11,68,6,10,2497
T000654,C0805,2026-02-05,Mississauga,Travel,Mobile App,Completed,77.33,27,7,5,1264
T000655,C0554,2026-02-05,Windsor,Electronics,In-Store,Completed,101.55,24,9,20,2620
T000656,C0533,2026-02-05,Windsor,Home,Online,Completed,54.45,30,7,16,339
T000657,C0767,2026-02-05,Vancouver,Clothing,In-Store,Completed,130.67,27,7,16,2595
T000658,C0633,2026-02-05,Vancouver,Dining,Mobile App,Completed,37.51,67,8,10,1766
T000659,C0073,2026-02-05,Ottawa,Groceries,In-Store,Completed,65.77,33,12,23,2869
T000660,C0289,2026-02-05,Vancouver,Dining,Online,Completed,12.94,39,10,8,548
T000661,C0177,2026-02-05,Toronto,Travel,Online,Completed,230.22,32,6,14,376
T000662,C0735,2026-02-05,Windsor,Clothing,Mobile App,Completed,73.18,65,12,10,859
T000663,C0036,2026-02-06,Calgary,Electronics,In-Store,Failed,150.24,56,12,8,1729
T000664,C0203,2026-02-06,Mississauga,Clothing,Mobile App,Completed,127.45,45,5,16,2463
T000665,C0598,2026-02-06,Ottawa,Electronics,In-Store,Completed,135.64,64,11,3,2373
T000666,C0695,2026-02-06,Mississauga,Electronics,Online,Completed,84.44,22,6,2,200
T000667,C0504,2026-02-06,Windsor,Dining,In-Store,Completed,118.23,57,8,15,1365
T000668,C0861,2026-02-06,Vancouver,Groceries,Mobile App,Completed,37.55,38,8,10,2345
T000669,C0919,2026-02-06,Vancouver,Dining,In-Store,Completed,31.41,39,10,3,2265
T000670,C0133,2026-02-06,Vancouver,Dining,In-Store,Completed,78.0,27,2,22,1187
T000671,C0953,2026-02-06,Mississauga,Electronics,In-Store,Completed,47.7,23,13,22,1233
T000672,C0615,2026-02-06,Ottawa,Clothing,In-Store,Completed,285.52,58,8,14,875
T000673,C0637,2026-02-06,Calgary,Electronics,Online,Completed,116.92,67,6,8,852
T000674,C0096,2026-02-06,Ottawa,Clothing,Online,Completed,46.23,70,6,22,1528
T000675,C0622,2026-02-06,Mississauga,Clothing,Online,Pending,67.48,32,6,4,1400
T000676,C0726,2026-02-06,Windsor,Travel,Mobile App,Completed,95.17,62,9,0,819
T000677,C0581,2026-02-06,Ottawa,Electronics,In-Store,Completed,80.23,24,8,14,168
T000678,C0085,2026-02-06,Mississauga,Clothing,Mobile App,Completed,107.09,63,7,13,2533
T000679,C0524,2026-02-06,Ottawa,Electronics,Online,Completed,90.11,50,6,6,2430
T000680,C0936,2026-02-06,Toronto,Electronics,Online,Completed,26.06,67,7,16,163
T000681,C0724,2026-02-06,Windsor,Home,Mobile App,Completed,13.66,21,5,5,1792
T000682,C0138,2026-02-07,Vancouver,Dining,Mobile App,Completed,2542.73,63,9,8,2022
T000683,C0960,2026-02-07,Mississauga,Clothing,In-Store,Completed,136.88,45,8,3,1690
T000684,C0959,2026-02-07,Mississauga,Groceries,Online,Completed,62.47,50,10,2,2423
T000685,C0170,2026-02-07,Ottawa,Travel,Mobile App,Completed,243.16,49,5,2,1910
T000686,C0801,2026-02-07,Mississauga,Home,Online,Completed,81.68,59,5,2,667
T000687,C0407,2026-02-07,Vancouver,Clothing,In-Store,Completed,269.42,52,11,4,1121
T000688,C0594,2026-02-07,Windsor,Travel,In-Store,Completed,226.28,42,4,12,2319
T000689,C0446,2026-02-07,Vancouver,Home,Mobile App,Completed,207.73,43,5,9,2977
T000690,C0783,2026-02-07,Windsor,Electronics,Online,Failed,30.56,22,15,4,1369
T000691,C0997,2026-02-07,Mississauga,Dining,Online,Completed,86.25,60,6,2,1207
T000692,C0796,2026-02-07,Ottawa,Groceries,Online,Completed,240.33,58,6,1,2967
T000693,C0932,2026-02-07,Calgary,Clothing,Online,Completed,107.14,50,7,15,726
T000694,C0947,2026-02-07,Windsor,Clothing,In-Store,Completed,136.16,59,6,19,1149
T000695,C0091,2026-02-07,Ottawa,Clothing,Mobile App,Completed,26.13,33,11,5,2486
T000696,C0254,2026-02-07,Toronto,Clothing,Online,Completed,434.25,30,7,19,986
T000697,C0722,2026-02-07,Toronto,Groceries,In-Store,Completed,43.38,71,9,17,1973
T000698,C0591,2026-02-07,Vancouver,Travel,Online,Completed,15.6,73,7,17,2682
T000699,C0051,2026-02-07,Vancouver,Clothing,Online,Completed,63.07,67,3,6,2979
T000700,C0096,2026-02-08,Mississauga,Electronics,Mobile App,Completed,10.62,21,9,13,1989
T000701,C0521,2026-02-08,Ottawa,Dining,Online,Completed,33.79,49,3,13,347
T000702,C0617,2026-02-08,Mississauga,Home,In-Store,Completed,747.99,60,3,12,2322
T000703,C0168,2026-02-08,Windsor,Dining,Mobile App,Completed,61.54,20,6,17,2722
T000704,C0172,2026-02-08,Mississauga,Clothing,Mobile App,Completed,25.26,74,5,13,1265
T000705,C0130,2026-02-08,Windsor,Travel,Online,Completed,86.85,63,10,13,2269
T000706,C0565,2026-02-08,Vancouver,Travel,In-Store,Completed,39.63,35,4,18,1492
T000707,C0008,2026-02-08,Mississauga,Travel,Mobile App,Failed,177.24,47,8,6,2960
T000708,C0573,2026-02-08,Windsor,Travel,In-Store,Completed,39.91,70,4,15,2947
T000709,C0476,2026-02-08,Ottawa,Clothing,Online,Completed,106.99,67,13,16,1829
T000710,C0466,2026-02-08,Vancouver,Home,Online,Completed,32.06,65,7,3,1634
T000711,C0680,2026-02-08,Windsor,Electronics,Mobile App,Completed,774.2,75,5,17,2167
T000712,C0523,2026-02-08,Calgary,Home,Mobile App,Completed,130.42,61,7,8,2247
T000713,C0728,2026-02-08,Mississauga,Travel,Online,Completed,75.11,72,14,16,563
T000714,C0764,2026-02-08,Ottawa,Travel,Online,Completed,66.26,73,12,16,2938
T000715,C0921,2026-02-08,Calgary,Electronics,Online,Completed,53.1,19,10,6,1965
T000716,C0800,2026-02-08,Mississauga,Dining,Online,Completed,44.52,55,10,13,2187
T000717,C0518,2026-02-08,Windsor,Travel,Mobile App,Completed,43.49,37,8,2,437
T000718,C0493,2026-02-09,Vancouver,Dining,Mobile App,Completed,353.98,46,5,22,2152
T000719,C0236,2026-02-09,Toronto,Electronics,Online,Completed,53.14,27,7,4,649
T000720,C0600,2026-02-09,Mississauga,Clothing,Mobile App,Completed,13.91,57,8,6,373
T000721,C0140,2026-02-09,Calgary,Dining,Mobile App,Completed,31.55,66,8,9,2487
T000722,C0932,2026-02-09,Mississauga,Travel,In-Store,Completed,187.02,41,7,17,658
T000723,C0846,2026-02-09,Vancouver,Groceries,Mobile App,Completed,68.59,58,7,5,882
T000724,C0120,2026-02-09,Ottawa,Groceries,Online,Completed,75.84,36,4,17,2352
T000725,C0786,2026-02-09,Windsor,Home,Mobile App,Failed,229.75,61,8,3,1211
T000726,C0118,2026-02-09,Windsor,Groceries,Online,Failed,43.91,22,11,18,2948
T000727,C0722,2026-02-09,Ottawa,Clothing,Mobile App,Completed,145.5,69,13,18,1572
T000728,C0088,2026-02-09,Toronto,Home,In-Store,Completed,48.18,39,8,15,1318
T000729,C0489,2026-02-09,Mississauga,Dining,Online,Completed,138.68,47,5,23,2027
T000730,C0658,2026-02-09,Mississauga,Home,Mobile App,Pending,60.96,64,8,21,2291
T000731,C0729,2026-02-09,Calgary,Dining,Mobile App,Completed,69.22,19,8,16,1745
T000732,C0419,2026-02-09,Toronto,Home,In-Store,Completed,170.68,72,5,18,62
T000733,C0922,2026-02-09,Calgary,Electronics,Online,Completed,160.53,53,4,15,592
T000734,C0775,2026-02-09,Mississauga,Dining,Online,Failed,73.85,74,9,19,398
T000735,C0209,2026-02-09,Ottawa,Dining,Mobile App,Completed,56.93,49,12,19,1677
T000736,C0672,2026-02-09,Ottawa,Clothing,Online,Completed,330.94,29,9,10,263
T000737,C0731,2026-02-10,Windsor,Groceries,Mobile App,Completed,140.27,51,6,3,2577
T000738,C0334,2026-02-10,Calgary,Clothing,In-Store,Completed,60.96,51,7,1,345
T000739,C0739,2026-02-10,Windsor,Groceries,Mobile App,Completed,48.79,71,6,6,1825
T000740,C0899,2026-02-10,Toronto,Electronics,Mobile App,Completed,203.12,51,6,13,201
T000741,C0818,2026-02-10,Vancouver,Travel,Mobile App,Pending,93.76,41,9,6,2617
T000742,C0763,2026-02-10,Ottawa,Groceries,Online,Completed,73.97,28,12,11,103
T000743,C0635,2026-02-10,Calgary,Dining,Mobile App,Completed,93.73,36,7,4,2076
T000744,C0271,2026-02-10,Mississauga,Home,Online,Completed,113.27,51,10,22,2021
T000745,C0796,2026-02-10,Toronto,Clothing,Mobile App,Completed,81.0,39,8,10,1561
T000746,C0365,2026-02-10,Toronto,Groceries,Online,Completed,236.46,39,3,16,1336
T000747,C0533,2026-02-10,Mississauga,Travel,Mobile App,Completed,247.92,18,6,13,2767
T000748,C0315,2026-02-10,Windsor,Travel,Online,Completed,133.59,72,9,18,1640
T000749,C0314,2026-02-10,Calgary,Groceries,In-Store,Completed,273.46,66,8,13,483
T000750,C0158,2026-02-10,Toronto,Travel,In-Store,Completed,85.62,32,7,16,1042
T000751,C0962,2026-02-10,Calgary,Travel,Mobile App,Completed,152.85,25,8,20,1756
T000752,C0148,2026-02-10,Windsor,Clothing,Online,Completed,199.62,66,7,15,1221
T000753,C0087,2026-02-10,Toronto,Electronics,Online,Completed,202.11,66,11,15,1127
T000754,C0937,2026-02-10,Windsor,Electronics,In-Store,Completed,185.17,70,8,21,504
T000755,C0556,2026-02-11,Toronto,Clothing,Online,Completed,145.35,49,12,17,721
T000756,C0438,2026-02-11,Mississauga,Clothing,Mobile App,Completed,448.64,60,11,1,1937
T000757,C0738,2026-02-11,Windsor,Groceries,Online,Completed,53.73,60,11,19,2541
T000758,C0384,2026-02-11,Ottawa,Electronics,Mobile App,Completed,74.49,30,11,20,426
T000759,C0128,2026-02-11,Ottawa,Travel,In-Store,Pending,70.83,48,13,14,699
T000760,C0730,2026-02-11,Toronto,Clothing,Mobile App,Pending,62.17,33,5,19,2647
T000761,C0176,2026-02-11,Toronto,Electronics,Online,Completed,15.68,61,8,1,1120
T000762,C0553,2026-02-11,Toronto,Electronics,Online,Completed,273.5,74,9,23,868
T000763,C0950,2026-02-11,Windsor,Clothing,In-Store,Completed,35.53,22,9,20,1636
T000764,C0937,2026-02-11,Toronto,Clothing,Online,Completed,98.2,22,5,3,805
T000765,C0361,2026-02-11,Windsor,Home,Online,Completed,25.38,33,11,15,2641
T000766,C0781,2026-02-11,Ottawa,Clothing,Online,Completed,144.06,24,8,20,615
T000767,C0613,2026-02-11,Windsor,Home,Mobile App,Completed,43.6,18,8,17,1838
T000768,C0480,2026-02-11,Windsor,Electronics,Mobile App,Completed,32.37,74,6,5,348
T000769,C0140,2026-02-11,Mississauga,Electronics,Online,Completed,100.27,51,13,5,2708
T000770,C0377,2026-02-11,Ottawa,Electronics,Online,Completed,46.85,63,6,1,775
T000771,C0652,2026-02-11,Windsor,Groceries,In-Store,Completed,52.18,50,12,12,2349
T000772,C0987,2026-02-11,Windsor,Clothing,In-Store,Completed,98.36,61,11,6,2993
T000773,C0005,2026-02-12,Mississauga,Travel,Mobile App,Completed,167.78,57,12,13,1700
T000774,C0718,2026-02-12,Toronto,Groceries,Online,Completed,42.39,27,8,3,101
T000775,C0847,2026-02-12,Mississauga,Electronics,In-Store,Completed,36.6,26,12,9,1121
T000776,C0952,2026-02-12,Calgary,Electronics,Online,Completed,86.71,46,8,6,1494
T000777,C0424,2026-02-12,Mississauga,Dining,Online,Pending,134.43,39,8,3,307
T000778,C0119,2026-02-12,Toronto,Dining,Mobile App,Completed,294.71,66,4,21,1082
T000779,C0271,2026-02-12,Vancouver,Electronics,In-Store,Completed,34.19,35,5,2,1711
T000780,C0851,2026-02-12,Toronto,Home,In-Store,Completed,64.87,37,10,15,2341
T000781,C0878,2026-02-12,Windsor,Electronics,Online,Completed,230.92,48,9,10,618
T000782,C0638,2026-02-12,Toronto,Travel,In-Store,Completed,454.77,29,11,13,1857
T000783,C0123,2026-02-12,Calgary,Dining,In-Store,Completed,36.54,67,14,6,2104
T000784,C0122,2026-02-12,Calgary,Dining,Mobile App,Completed,45.36,18,8,20,118
T000785,C0479,2026-02-12,Ottawa,Clothing,In-Store,Failed,117.52,67,5,8,1306
T000786,C0589,2026-02-12,Ottawa,Home,Online,Completed,52.02,54,2,21,268
T000787,C0033,2026-02-12,Ottawa,Groceries,Mobile App,Completed,44.58,69,5,9,2492
T000788,C0687,2026-02-12,Ottawa,Dining,Online,Completed,104.63,35,15,23,1984
T000789,C0545,2026-02-12,Ottawa,Groceries,Mobile App,Completed,317.24,70,7,17,1724
T000790,C0013,2026-02-12,Calgary,Dining,In-Store,Completed,27.93,68,8,21,2079
T000791,C0096,2026-02-12,Vancouver,Travel,Mobile App,Pending,303.76,44,6,2,2807
T000792,C0455,2026-02-13,Toronto,Dining,In-Store,Completed,52.15,34,11,19,1923
T000793,C0723,2026-02-13,Mississauga,Electronics,In-Store,Completed,114.04,29,8,17,826
T000794,C0826,2026-02-13,Calgary,Electronics,In-Store,Failed,328.61,26,7,0,1976
T000795,C0432,2026-02-13,Mississauga,Electronics,Online,Completed,112.08,51,8,1,2404
T000796,C0296,2026-02-13,Windsor,Electronics,Online,Completed,66.01,73,5,13,2511
T000797,C0969,2026-02-13,Calgary,Dining,Mobile App,Completed,156.51,50,13,15,1604
T000798,C0459,2026-02-13,Ottawa,Clothing,Mobile App,Completed,73.37,73,8,9,1166
T000799,C0316,2026-02-13,Ottawa,Groceries,Mobile App,Pending,132.4,61,11,22,1359
T000800,C0443,2026-02-13,Mississauga,Groceries,Online,Completed,71.43,57,6,1,976
T000801,C0013,2026-02-13,Toronto,Travel,In-Store,Completed,176.73,60,9,8,656
T000802,C0302,2026-02-13,Mississauga,Clothing,In-Store,Completed,25.99,71,10,2,2467
T000803,C0516,2026-02-13,Mississauga,Electronics,Mobile App,Completed,35.92,67,3,23,2854
T000804,C0919,2026-02-13,Calgary,Electronics,In-Store,Completed,25.66,27,9,10,1020
T000805,C0739,2026-02-13,Windsor,Travel,Mobile App,Completed,81.02,51,12,0,1772
T000806,C0782,2026-02-13,Toronto,Dining,Mobile App,Completed,23.16,44,7,22,2877
T000807,C0545,2026-02-13,Mississauga,Clothing,In-Store,Completed,47.21,68,5,17,1129
T000808,C0111,2026-02-13,Calgary,Groceries,In-Store,Completed,33.16,29,15,10,2170
T000809,C0391,2026-02-13,Mississauga,Groceries,In-Store,Completed,298.98,65,4,14,2447
T000810,C0998,2026-02-14,Mississauga,Travel,Mobile App,Pending,36.62,45,8,18,2115
T000811,C0045,2026-02-14,Vancouver,Dining,In-Store,Completed,28.48,72,8,6,1527
T000812,C0880,2026-02-14,Ottawa,Clothing,Online,Completed,104.98,63,5,5,2724
T000813,C0685,2026-02-14,Windsor,Travel,In-Store,Completed,356.54,38,7,20,1046
T000814,C0284,2026-02-14,Calgary,Dining,In-Store,Completed,77.01,67,6,5,2306
T000815,C0778,2026-02-14,Ottawa,Groceries,Mobile App,Completed,82.25,28,3,15,770
T000816,C0837,2026-02-14,Toronto,Groceries,Mobile App,Completed,254.63,18,6,20,157
T000817,C0044,2026-02-14,Mississauga,Clothing,Online,Completed,179.32,47,6,1,2481
T000818,C0107,2026-02-14,Calgary,Electronics,In-Store,Completed,122.03,40,8,6,1390
T000819,C0666,2026-02-14,Mississauga,Travel,Online,Completed,51.81,25,4,1,2030
T000820,C1000,2026-02-14,Ottawa,Clothing,In-Store,Completed,125.24,75,6,15,1152
T000821,C0024,2026-02-14,Ottawa,Home,Mobile App,Failed,26.74,20,13,4,1418
T000822,C0666,2026-02-14,Vancouver,Electronics,Mobile App,Completed,50.03,52,5,0,1293
T000823,C0137,2026-02-14,Calgary,Groceries,Online,Completed,286.97,33,10,19,1761
T000824,C0651,2026-02-14,Toronto,Clothing,Online,Completed,257.07,35,10,0,866
T000825,C0624,2026-02-14,Ottawa,Clothing,Mobile App,Completed,123.29,30,7,13,647
T000826,C0091,2026-02-14,Ottawa,Electronics,In-Store,Completed,16.49,40,7,11,687
T000827,C0681,2026-02-14,Toronto,Travel,In-Store,Completed,30.44,56,12,7,1849
T000828,C0898,2026-02-14,Vancouver,Electronics,Mobile App,Completed,47.71,36,7,14,1642
T000829,C0864,2026-02-15,Toronto,Clothing,Mobile App,Completed,73.46,59,4,14,2909
T000830,C0029,2026-02-15,Mississauga,Clothing,Mobile App,Completed,29.36,43,3,1,2236
T000831,C0246,2026-02-15,Windsor,Electronics,Mobile App,Completed,68.94,63,7,2,785
T000832,C0241,2026-02-15,Toronto,Dining,Mobile App,Completed,381.78,43,5,18,576
T000833,C0454,2026-02-15,Vancouver,Dining,Mobile App,Completed,119.51,39,9,3,616
T000834,C0144,2026-02-15,Windsor,Groceries,Mobile App,Completed,102.38,47,13,1,849
T000835,C0855,2026-02-15,Windsor,Groceries,In-Store,Completed,35.79,57,3,4,2266
T000836,C0777,2026-02-15,Calgary,Home,Online,Completed,21.11,44,9,15,2004
T000837,C0809,2026-02-15,Calgary,Dining,Mobile App,Completed,29.92,70,11,4,866
T000838,C0199,2026-02-15,Toronto,Groceries,Mobile App,Completed,20.39,47,13,16,2014
T000839,C0015,2026-02-15,Windsor,Groceries,Online,Completed,90.6,35,5,22,650
T000840,C0911,2026-02-15,Vancouver,Dining,In-Store,Completed,117.8,19,5,10,285
T000841,C0289,2026-02-15,Vancouver,Home,In-Store,Completed,37.42,40,2,23,1223
T000842,C0657,2026-02-15,Calgary,Dining,In-Store,Completed,96.39,21,10,11,260
T000843,C0910,2026-02-15,Ottawa,Home,Mobile App,Completed,296.28,20,7,21,2429
T000844,C0037,2026-02-15,Toronto,Dining,In-Store,Completed,448.85,39,12,0,1507
T000845,C0006,2026-02-15,Calgary,Clothing,Mobile App,Completed,163.61,34,12,17,1875
T000846,C0006,2026-02-15,Toronto,Clothing,Mobile App,Pending,73.26,69,6,12,2515
T000847,C0157,2026-02-16,Toronto,Groceries,Mobile App,Completed,159.18,60,12,20,2153
T000848,C0052,2026-02-16,Vancouver,Groceries,In-Store,Completed,268.19,63,7,7,689
T000849,C0820,2026-02-16,Ottawa,Home,Online,Completed,15.43,49,5,21,1172
T000850,C0606,2026-02-16,Toronto,Home,Mobile App,Completed,299.59,24,7,5,2995
T000851,C0981,2026-02-16,Windsor,Groceries,Online,Completed,53.5,67,10,11,1477
T000852,C0802,2026-02-16,Ottawa,Travel,Online,Completed,53.94,46,9,2,2997
T000853,C0964,2026-02-16,Windsor,Home,Online,Completed,62.86,42,8,4,1684
T000854,C0239,2026-02-16,Vancouver,Home,Online,Completed,111.58,53,4,14,1820
T000855,C0288,2026-02-16,Mississauga,Electronics,Mobile App,Pending,33.05,27,9,8,1795
T000856,C0850,2026-02-16,Ottawa,Clothing,In-Store,Completed,66.72,45,8,20,2882
T000857,C0245,2026-02-16,Mississauga,Travel,Online,Completed,132.84,53,5,22,1799
T000858,C0058,2026-02-16,Mississauga,Home,Online,Completed,102.35,58,8,2,1196
T000859,C0670,2026-02-16,Mississauga,Groceries,Online,Completed,117.49,47,7,19,1376
T000860,C0801,2026-02-16,Vancouver,Travel,Mobile App,Completed,64.54,75,16,17,1520
T000861,C0969,2026-02-16,Ottawa,Groceries,Mobile App,Completed,153.29,75,8,15,654
T000862,C0928,2026-02-16,Ottawa,Dining,Online,Completed,208.64,23,4,11,2118
T000863,C0121,2026-02-16,Ottawa,Groceries,Online,Completed,198.27,22,11,15,1133
T000864,C0773,2026-02-16,Windsor,Dining,In-Store,Completed,122.26,47,13,0,239
T000865,C0847,2026-02-17,Calgary,Clothing,Mobile App,Completed,188.8,66,6,5,1177
T000866,C0699,2026-02-17,Ottawa,Travel,Online,Completed,178.23,47,4,11,2313
T000867,C0820,2026-02-17,Vancouver,Electronics,Mobile App,Completed,826.9,30,8,20,2301
T000868,C0838,2026-02-17,Calgary,Dining,Online,Completed,239.37,50,7,20,2811
T000869,C0447,2026-02-17,Calgary,Dining,Online,Completed,78.82,72,6,13,2836
T000870,C0041,2026-02-17,Vancouver,Clothing,In-Store,Failed,39.16,27,10,22,1723
T000871,C0457,2026-02-17,Vancouver,Electronics,Online,Completed,68.08,43,12,22,1685
T000872,C0202,2026-02-17,Mississauga,Groceries,Online,Completed,64.11,55,9,11,680
T000873,C0114,2026-02-17,Vancouver,Travel,Online,Completed,131.28,40,9,1,2820
T000874,C0125,2026-02-17,Windsor,Clothing,Online,Completed,46.87,20,8,10,416
T000875,C0698,2026-02-17,Vancouver,Dining,Mobile App,Failed,234.16,56,8,16,2958
T000876,C0505,2026-02-17,Toronto,Electronics,Online,Completed,26.09,60,14,8,676
T000877,C0540,2026-02-17,Calgary,Groceries,Online,Completed,21.22,55,5,21,2683
T000878,C0746,2026-02-17,Windsor,Home,Online,Completed,75.78,56,12,9,628
T000879,C0549,2026-02-17,Ottawa,Clothing,Online,Completed,41.53,56,14,19,2203
T000880,C0631,2026-02-17,Toronto,Groceries,In-Store,Completed,29.17,37,10,11,2584
T000881,C0087,2026-02-17,Toronto,Groceries,Mobile App,Completed,49.46,18,9,10,2183
T000882,C0852,2026-02-17,Calgary,Groceries,Online,Completed,44.5,75,8,1,436
T000883,C0449,2026-02-17,Calgary,Dining,Mobile App,Completed,85.74,29,11,6,2848
T000884,C0156,2026-02-18,Windsor,Clothing,In-Store,Completed,50.16,66,9,15,2911
T000885,C0814,2026-02-18,Toronto,Groceries,Online,Pending,53.75,49,7,11,1965
T000886,C0735,2026-02-18,Vancouver,Clothing,Mobile App,Completed,84.65,49,9,8,2342
T000887,C0054,2026-02-18,Calgary,Groceries,Online,Completed,201.29,19,8,2,1312
T000888,C0194,2026-02-18,Windsor,Clothing,In-Store,Completed,296.72,75,5,15,2205
T000889,C0016,2026-02-18,Ottawa,Electronics,In-Store,Completed,96.38,48,9,14,2968
T000890,C0271,2026-02-18,Windsor,Home,In-Store,Completed,102.96,66,7,15,1863
T000891,C0100,2026-02-18,Vancouver,Dining,Online,Completed,72.74,63,5,2,848
T000892,C0710,2026-02-18,Mississauga,Electronics,Online,Completed,127.96,26,13,21,163
T000893,C0523,2026-02-18,Toronto,Electronics,Mobile App,Completed,118.43,72,7,5,2022
T000894,C0981,2026-02-18,Windsor,Clothing,Mobile App,Completed,262.33,52,6,6,2164
T000895,C0750,2026-02-18,Ottawa,Dining,Online,Completed,17.07,28,10,5,2410
T000896,C0612,2026-02-18,Vancouver,Dining,In-Store,Failed,69.64,51,8,22,1166
T000897,C0510,2026-02-18,Toronto,Clothing,Mobile App,Completed,113.4,53,8,11,2219
T000898,C0055,2026-02-18,Calgary,Travel,Online,Completed,83.12,55,7,15,397
T000899,C0071,2026-02-18,Ottawa,Travel,In-Store,Completed,38.26,36,6,17,2345
T000900,C0617,2026-02-18,Calgary,Dining,Mobile App,Completed,28.17,72,6,14,2501
T000901,C0005,2026-02-18,Calgary,Groceries,Mobile App,Completed,168.68,31,7,17,873
T000902,C0043,2026-02-19,Toronto,Groceries,In-Store,Completed,44.67,46,6,13,1020
T000903,C0220,2026-02-19,Toronto,Groceries,Mobile App,Completed,19.12,66,4,15,2494
T000904,C0885,2026-02-19,Vancouver,Travel,In-Store,Completed,176.04,22,9,4,1819
T000905,C0459,2026-02-19,Windsor,Travel,Online,Completed,125.56,41,7,10,1518
T000906,C0710,2026-02-19,Toronto,Clothing,Mobile App,Completed,77.03,45,6,0,494
T000907,C0412,2026-02-19,Mississauga,Home,Online,Completed,39.07,62,6,12,2437
T000908,C0174,2026-02-19,Calgary,Electronics,Online,Completed,77.19,63,7,13,409
T000909,C0372,2026-02-19,Vancouver,Home,In-Store,Completed,238.87,64,8,12,1307
T000910,C0092,2026-02-19,Ottawa,Home,Mobile App,Pending,21.55,38,15,21,1356
T000911,C0771,2026-02-19,Windsor,Travel,Mobile App,Completed,22.49,46,16,11,2170
T000912,C0184,2026-02-19,Mississauga,Travel,Mobile App,Completed,49.85,19,6,20,157
T000913,C0377,2026-02-19,Vancouver,Electronics,In-Store,Completed,83.1,65,9,12,68
T000914,C0981,2026-02-19,Toronto,Electronics,In-Store,Completed,55.75,35,7,1,1854
T000915,C0592,2026-02-19,Ottawa,Groceries,In-Store,Pending,146.8,45,8,1,1102
T000916,C0459,2026-02-19,Toronto,Travel,Online,Failed,214.47,57,7,7,264
T000917,C0544,2026-02-19,Windsor,Dining,In-Store,Completed,107.73,63,10,18,2331
T000918,C0785,2026-02-19,Windsor,Electronics,Online,Completed,136.87,22,7,11,1582
T000919,C0255,2026-02-19,Vancouver,Groceries,Online,Completed,107.12,62,7,8,1865
T000920,C0637,2026-02-20,Calgary,Groceries,Mobile App,Completed,85.69,39,9,11,1100
T000921,C0873,2026-02-20,Toronto,Travel,Mobile App,Completed,28.31,42,7,22,681
T000922,C0573,2026-02-20,Vancouver,Clothing,Online,Completed,35.48,25,11,4,991
T000923,C0447,2026-02-20,Ottawa,Travel,Online,Completed,26.96,59,12,14,2717
T000924,C0146,2026-02-20,Calgary,Groceries,Online,Completed,74.92,45,6,16,2314
T000925,C0249,2026-02-20,Calgary,Groceries,Online,Completed,103.55,24,14,19,2576
T000926,C0947,2026-02-20,Toronto,Groceries,Mobile App,Completed,24.8,26,7,11,1438
T000927,C0542,2026-02-20,Vancouver,Clothing,Mobile App,Completed,90.41,59,8,22,2653
T000928,C0302,2026-02-20,Ottawa,Clothing,Mobile App,Pending,40.4,24,5,20,604
T000929,C0419,2026-02-20,Toronto,Electronics,In-Store,Pending,34.25,48,8,2,2009
T000930,C0579,2026-02-20,Windsor,Groceries,Online,Completed,49.95,58,10,6,1180
T000931,C0538,2026-02-20,Calgary,Electronics,Online,Completed,32.79,70,11,5,594
T000932,C0700,2026-02-20,Ottawa,Clothing,Mobile App,Completed,142.35,27,8,21,1176
T000933,C0258,2026-02-20,Mississauga,Groceries,Mobile App,Completed,73.69,35,11,2,2019
T000934,C0650,2026-02-20,Windsor,Clothing,In-Store,Completed,169.96,26,5,19,1601
T000935,C0443,2026-02-20,Calgary,Dining,In-Store,Completed,58.3,69,7,23,2679
T000936,C0941,2026-02-20,Windsor,Groceries,Mobile App,Completed,60.21,52,10,9,1950
T000937,C0158,2026-02-20,Toronto,Home,Mobile App,Completed,417.81,75,6,3,1675
T000938,C0149,2026-02-20,Ottawa,Travel,Online,Completed,21.39,20,9,19,939
T000939,C0462,2026-02-21,Calgary,Clothing,In-Store,Completed,253.27,58,9,10,2415
T000940,C0509,2026-02-21,Windsor,Groceries,Online,Pending,346.89,19,13,15,963
T000941,C0691,2026-02-21,Windsor,Dining,In-Store,Completed,162.97,24,6,7,462
T000942,C0405,2026-02-21,Mississauga,Travel,In-Store,Pending,64.18,43,7,10,2388
T000943,C0914,2026-02-21,Windsor,Travel,Online,Completed,285.86,39,4,9,2151
T000944,C0475,2026-02-21,Ottawa,Groceries,Online,Completed,64.66,39,7,12,565
T000945,C0130,2026-02-21,Windsor,Travel,In-Store,Pending,46.65,21,5,0,2953
T000946,C0120,2026-02-21,Toronto,Home,In-Store,Failed,61.11,49,4,13,1973
T000947,C0974,2026-02-21,Windsor,Clothing,Mobile App,Failed,52.35,37,6,6,1638
T000948,C0135,2026-02-21,Calgary,Electronics,Online,Completed,38.02,75,3,5,2964
T000949,C0948,2026-02-21,Calgary,Home,Online,Completed,218.36,63,3,22,2213
T000950,C0279,2026-02-21,Ottawa,Clothing,Mobile App,Completed,44.05,43,6,3,2352
T000951,C0094,2026-02-21,Mississauga,Groceries,Mobile App,Completed,82.88,62,7,19,1725
T000952,C0305,2026-02-21,Vancouver,Groceries,Mobile App,Pending,24.91,51,12,18,822
T000953,C0615,2026-02-21,Windsor,Home,Mobile App,Completed,87.26,46,9,9,234
T000954,C0428,2026-02-21,Ottawa,Electronics,Mobile App,Completed,31.82,71,10,2,130
T000955,C0786,2026-02-21,Vancouver,Groceries,In-Store,Pending,31.16,52,3,15,750
T000956,C0611,2026-02-21,Vancouver,Dining,Mobile App,Failed,77.46,46,14,16,888
T000957,C0401,2026-02-22,Windsor,Travel,In-Store,Pending,208.74,50,4,4,969
T000958,C0635,2026-02-22,Vancouver,Travel,Mobile App,Completed,123.59,63,12,21,39
T000959,C0972,2026-02-22,Ottawa,Travel,In-Store,Completed,131.03,61,9,7,935
T000960,C0412,2026-02-22,Calgary,Home,In-Store,Failed,76.11,49,10,10,1768
T000961,C0154,2026-02-22,Windsor,Clothing,Mobile App,Completed,63.9,28,11,22,1571
T000962,C0409,2026-02-22,Ottawa,Groceries,In-Store,Completed,166.52,54,9,18,1392
T000963,C0841,2026-02-22,Vancouver,Groceries,Online,Failed,52.66,42,9,10,2687
T000964,C0218,2026-02-22,Windsor,Groceries,Mobile App,Completed,172.76,72,5,20,1815
T000965,C0950,2026-02-22,Vancouver,Dining,In-Store,Completed,243.04,70,10,8,1744
T000966,C0589,2026-02-22,Toronto,Dining,Mobile App,Completed,41.57,18,9,6,2380
T000967,C0602,2026-02-22,Vancouver,Home,In-Store,Completed,47.1,75,14,16,2726
T000968,C0318,2026-02-22,Ottawa,Dining,Mobile App,Pending,53.45,70,7,6,717
T000969,C0921,2026-02-22,Windsor,Groceries,In-Store,Completed,24.43,70,11,13,2621
T000970,C0037,2026-02-22,Toronto,Home,Mobile App,Completed,57.03,46,4,12,1135
T000971,C0299,2026-02-22,Vancouver,Electronics,Mobile App,Completed,256.95,33,8,12,2723
T000972,C0419,2026-02-22,Windsor,Home,Online,Pending,34.95,53,10,21,1399
T000973,C0478,2026-02-22,Mississauga,Clothing,Mobile App,Pending,262.19,69,12,9,2091
T000974,C0475,2026-02-22,Toronto,Home,Mobile App,Completed,58.8,44,7,16,2314
T000975,C0148,2026-02-22,Calgary,Clothing,In-Store,Completed,512.64,75,7,9,1204
T000976,C0226,2026-02-23,Ottawa,Groceries,Mobile App,Completed,47.61,33,3,4,1382
T000977,C0096,2026-02-23,Calgary,Travel,Mobile App,Completed,75.21,67,13,8,1061
T000978,C0573,2026-02-23,Toronto,Dining,In-Store,Completed,39.21,21,7,9,656
T000979,C0351,2026-02-23,Windsor,Travel,In-Store,Completed,47.38,66,7,4,2956
T000980,C0566,2026-02-23,Ottawa,Clothing,Mobile App,Completed,265.1,72,13,13,2690
T000981,C0590,2026-02-23,Ottawa,Travel,Online,Completed,127.23,58,10,23,267
T000982,C0703,2026-02-23,Vancouver,Electronics,In-Store,Completed,203.8,54,4,8,216
T000983,C0548,2026-02-23,Calgary,Home,Mobile App,Completed,27.78,41,17,13,2415
T000984,C0648,2026-02-23,Vancouver,Travel,Mobile App,Completed,148.3,68,10,4,1928
T000985,C0588,2026-02-23,Toronto,Home,Online,Completed,37.22,25,9,7,2198
T000986,C0653,2026-02-23,Windsor,Electronics,Online,Completed,27.27,34,11,19,937
T000987,C0617,2026-02-23,Calgary,Home,In-Store,Completed,104.13,25,7,3,1780
T000988,C0317,2026-02-23,Ottawa,Electronics,Mobile App,Failed,103.22,34,7,16,1478
T000989,C0247,2026-02-23,Calgary,Dining,In-Store,Completed,88.94,48,5,22,126
T000990,C0788,2026-02-23,Ottawa,Home,Online,Pending,156.42,37,11,18,2901
T000991,C0343,2026-02-23,Toronto,Dining,Online,Completed,178.61,42,9,18,2901
T000992,C0550,2026-02-23,Mississauga,Electronics,In-Store,Completed,296.46,31,6,3,1794
T000993,C0197,2026-02-23,Vancouver,Home,In-Store,Completed,30.9,38,2,1,406
T000994,C0432,2026-02-24,Ottawa,Home,Online,Completed,304.71,46,7,3,2027
T000995,C0530,2026-02-24,Toronto,Electronics,In-Store,Completed,420.99,30,9,19,729
T000996,C0627,2026-02-24,Windsor,Electronics,In-Store,Completed,62.26,72,7,2,1965
T000997,C0527,2026-02-24,Calgary,Electronics,Online,Completed,20.58,70,8,3,621
T000998,C0361,2026-02-24,Calgary,Groceries,Online,Completed,26.22,68,4,15,2164
T000999,C0962,2026-02-24,Vancouver,Travel,In-Store,Completed,57.4,18,7,1,1376
T001000,C0513,2026-02-24,Toronto,Electronics,Mobile App,Pending,470.91,46,7,21,1348
T001001,C0809,2026-02-24,Ottawa,Home,Mobile App,Completed,86.24,64,7,16,2969
T001002,C0737,2026-02-24,Vancouver,Electronics,In-Store,Completed,50.3,38,9,20,81
T001003,C0559,2026-02-24,Ottawa,Travel,Online,Completed,47.47,31,3,16,2733
T001004,C0887,2026-02-24,Ottawa,Travel,Mobile App,Failed,27.61,53,3,6,2672
T001005,C0129,2026-02-24,Mississauga,Travel,Mobile App,Completed,178.76,18,9,15,2836
T001006,C0922,2026-02-24,Windsor,Groceries,Online,Completed,78.6,53,8,8,1697
T001007,C0851,2026-02-24,Windsor,Dining,In-Store,Completed,506.49,44,10,22,40
T001008,C0504,2026-02-24,Vancouver,Travel,Online,Completed,144.98,57,7,11,2742
T001009,C0734,2026-02-24,Toronto,Dining,Mobile App,Completed,172.1,57,5,14,2032
T001010,C0521,2026-02-24,Toronto,Home,Mobile App,Pending,69.19,49,6,0,2217
T001011,C0269,2026-02-24,Mississauga,Travel,Online,Completed,33.63,51,1,3,790
T001012,C0800,2026-02-25,Vancouver,Dining,Mobile App,Completed,40.45,19,8,16,2266
T001013,C0246,2026-02-25,Ottawa,Groceries,In-Store,Completed,26.54,74,4,22,515
T001014,C0315,2026-02-25,Ottawa,Electronics,In-Store,Completed,184.29,22,4,5,1968
T001015,C0520,2026-02-25,Ottawa,Dining,Online,Failed,61.28,74,13,22,2116
T001016,C0838,2026-02-25,Toronto,Dining,Mobile App,Completed,191.0,74,8,19,2886
T001017,C0384,2026-02-25,Windsor,Home,In-Store,Completed,95.41,59,11,16,2637
T001018,C0495,2026-02-25,Toronto,Clothing,Mobile App,Completed,66.27,61,4,12,2389
T001019,C0042,2026-02-25,Vancouver,Groceries,Online,Completed,31.45,19,14,0,2146
T001020,C0116,2026-02-25,Vancouver,Travel,In-Store,Completed,109.84,72,6,3,1323
T001021,C0056,2026-02-25,Windsor,Dining,Online,Completed,70.58,48,8,2,1858
T001022,C0073,2026-02-25,Windsor,Groceries,Mobile App,Pending,183.0,37,11,17,842
T001023,C0869,2026-02-25,Windsor,Travel,In-Store,Failed,46.27,56,7,6,2334
T001024,C0842,2026-02-25,Calgary,Travel,Mobile App,Completed,143.5,49,8,19,1203
T001025,C0822,2026-02-25,Mississauga,Groceries,Online,Completed,342.88,38,6,17,2573
T001026,C0056,2026-02-25,Vancouver,Dining,Mobile App,Completed,107.16,36,9,20,569
T001027,C0078,2026-02-25,Mississauga,Clothing,Online,Completed,165.7,24,4,20,316
T001028,C0281,2026-02-25,Vancouver,Electronics,In-Store,Completed,138.21,70,7,2,737
T001029,C0566,2026-02-25,Ottawa,Dining,Online,Completed,426.68,56,8,15,1350
T001030,C0335,2026-02-25,Windsor,Groceries,Online,Pending,116.57,34,12,11,512
T001031,C0488,2026-02-26,Calgary,Electronics,In-Store,Completed,154.1,59,8,18,1642
T001032,C0173,2026-02-26,Vancouver,Home,Online,Completed,82.42,58,10,1,199
T001033,C0731,2026-02-26,Vancouver,Travel,In-Store,Failed,44.01,26,9,10,2386
T001034,C0314,2026-02-26,Calgary,Electronics,Mobile App,Completed,30.44,28,11,23,1197
T001035,C0067,2026-02-26,Windsor,Dining,Online,Completed,249.52,31,7,0,2465
T001036,C0743,2026-02-26,Toronto,Electronics,Mobile App,Pending,36.07,24,8,11,2285
T001037,C0903,2026-02-26,Ottawa,Dining,Online,Completed,160.23,65,7,7,2709
T001038,C0015,2026-02-26,Windsor,Groceries,Online,Completed,121.06,27,8,18,235
T001039,C0437,2026-02-26,Mississauga,Travel,In-Store,Completed,185.45,65,10,9,1594
T001040,C0828,2026-02-26,Windsor,Travel,In-Store,Completed,54.88,48,11,6,1936
T001041,C0707,2026-02-26,Mississauga,Travel,In-Store,Failed,43.4,24,8,14,676
T001042,C0857,2026-02-26,Mississauga,Dining,Online,Completed,117.25,66,10,5,2939
T001043,C0416,2026-02-26,Mississauga,Electronics,In-Store,Completed,66.3,28,8,12,2645
T001044,C0373,2026-02-26,Vancouver,Electronics,Online,Completed,29.85,75,11,11,1379
T001045,C0710,2026-02-26,Ottawa,Electronics,Online,Completed,441.6,18,6,23,2884
T001046,C0154,2026-02-26,Mississauga,Dining,Mobile App,Completed,43.38,54,11,14,851
T001047,C0240,2026-02-26,Toronto,Dining,Online,Pending,36.53,36,5,22,2890
T001048,C0601,2026-02-26,Ottawa,Clothing,In-Store,Completed,69.19,48,4,6,1877
T001049,C0669,2026-02-27,Windsor,Groceries,In-Store,Completed,246.55,66,7,1,92
T001050,C0120,2026-02-27,Windsor,Electronics,Online,Completed,13.48,63,8,8,2060
T001051,C0509,2026-02-27,Mississauga,Home,Mobile App,Completed,229.76,34,8,10,2451
T001052,C0365,2026-02-27,Toronto,Home,In-Store,Completed,39.17,21,11,9,901
T001053,C0502,2026-02-27,Mississauga,Home,Mobile App,Completed,2321.29,34,5,0,1935
T001054,C0959,2026-02-27,Windsor,Electronics,In-Store,Completed,47.85,64,9,0,1215
T001055,C0077,2026-02-27,Calgary,Groceries,Mobile App,Completed,462.1,47,9,13,2956
T001056,C0996,2026-02-27,Calgary,Electronics,Mobile App,Completed,94.5,61,11,5,2820
T001057,C0450,2026-02-27,Toronto,Groceries,Online,Completed,46.56,46,9,8,1716
T001058,C0773,2026-02-27,Ottawa,Home,Mobile App,Completed,65.81,48,11,18,1594
T001059,C0425,2026-02-27,Ottawa,Home,Mobile App,Pending,91.73,21,6,9,274
T001060,C0311,2026-02-27,Mississauga,Clothing,In-Store,Completed,3156.1,19,10,19,2960
T001061,C0771,2026-02-27,Mississauga,Clothing,Online,Completed,123.42,58,5,11,1978
T001062,C0688,2026-02-27,Vancouver,Dining,In-Store,Completed,84.9,29,10,17,1541
T001063,C0145,2026-02-27,Mississauga,Dining,Mobile App,Completed,26.37,38,8,6,1072
T001064,C0706,2026-02-27,Toronto,Home,In-Store,Completed,63.65,39,7,3,516
T001065,C0754,2026-02-27,Mississauga,Clothing,Online,Completed,142.35,54,8,6,690
T001066,C0388,2026-02-27,Windsor,Travel,In-Store,Completed,48.1,72,9,3,2402
T001067,C0926,2026-02-28,Mississauga,Home,Mobile App,Pending,150.58,61,5,11,865
T001068,C0641,2026-02-28,Windsor,Dining,Online,Completed,87.32,55,7,7,2580
T001069,C0334,2026-02-28,Toronto,Dining,In-Store,Completed,70.64,66,3,6,2997
T001070,C0011,2026-02-28,Calgary,Home,Online,Completed,234.55,47,51,5,120
T001071,C0675,2026-02-28,Toronto,Dining,Mobile App,Failed,19.4,26,12,9,2428
T001072,C0210,2026-02-28,Vancouver,Clothing,Mobile App,Completed,47.88,46,4,0,723
T001073,C0757,2026-02-28,Vancouver,Dining,Mobile App,Completed,242.31,74,14,9,1526
T001074,C0526,2026-02-28,Ottawa,Electronics,In-Store,Completed,402.7,63,6,5,1367
T001075,C0467,2026-02-28,Calgary,Electronics,Online,Failed,593.33,38,4,12,1043
T001076,C0164,2026-02-28,Toronto,Travel,In-Store,Completed,88.72,36,4,11,2763
T001077,C0712,2026-02-28,Windsor,Dining,Mobile App,Completed,125.44,71,6,10,667
T001078,C0166,2026-02-28,Windsor,Dining,Online,Completed,170.28,23,9,14,2656
T001079,C0418,2026-02-28,Ottawa,Clothing,Online,Completed,251.25,72,6,1,2609
T001080,C0837,2026-02-28,Ottawa,Groceries,Mobile App,Completed,110.92,57,5,2,1971
T001081,C0921,2026-02-28,Calgary,Groceries,In-Store,Completed,186.77,64,9,11,2196
T001082,C0990,2026-02-28,Mississauga,Home,Online,Completed,125.64,37,3,9,2297
T001083,C0959,2026-02-28,Windsor,Travel,Online,Completed,132.49,55,11,7,2058
T001084,C0556,2026-02-28,Calgary,Travel,In-Store,Completed,38.94,36,10,9,459
T001085,C0201,2026-02-28,Vancouver,Groceries,In-Store,Completed,64.25,18,5,5,1134
T001086,C0840,2026-03-01,Vancouver,Travel,Mobile App,Failed,54.51,44,2,3,1715
T001087,C0802,2026-03-01,Mississauga,Dining,Mobile App,Completed,30.94,74,5,5,1468
T001088,C0991,2026-03-01,Mississauga,Travel,In-Store,Completed,20.88,32,6,22,2353
T001089,C0651,2026-03-01,Mississauga,Groceries,In-Store,Completed,59.3,27,9,2,2844
T001090,C0142,2026-03-01,Vancouver,Travel,Mobile App,Completed,67.92,71,11,23,729
T001091,C0503,2026-03-01,Windsor,Travel,Mobile App,Completed,92.94,70,12,16,2444
T001092,C0449,2026-03-01,Calgary,Electronics,Online,Completed,136.32,67,6,2,402
T001093,C0843,2026-03-01,Windsor,Groceries,Mobile App,Completed,99.74,74,9,19,2900
T001094,C0393,2026-03-01,Mississauga,Home,Mobile App,Completed,68.33,75,3,6,1811
T001095,C0329,2026-03-01,Windsor,Clothing,Online,Completed,39.05,71,3,11,2883
T001096,C0081,2026-03-01,Ottawa,Travel,Mobile App,Completed,179.14,73,8,0,2761
T001097,C0836,2026-03-01,Vancouver,Clothing,Online,Completed,77.95,61,9,0,95
T001098,C0756,2026-03-01,Calgary,Clothing,In-Store,Completed,58.79,36,10,18,2921
T001099,C0042,2026-03-01,Vancouver,Groceries,In-Store,Completed,72.54,44,8,14,2950
T001100,C0434,2026-03-01,Windsor,Dining,Mobile App,Completed,45.6,40,8,10,1295
T001101,C0480,2026-03-01,Windsor,Home,Mobile App,Completed,54.14,47,16,22,1369
T001102,C0470,2026-03-01,Calgary,Electronics,In-Store,Completed,52.7,58,10,23,1417
T001103,C0919,2026-03-01,Mississauga,Home,In-Store,Completed,66.58,32,3,23,1663
T001104,C0151,2026-03-02,Toronto,Groceries,Mobile App,Completed,148.42,18,7,11,1890
T001105,C0307,2026-03-02,Vancouver,Electronics,Mobile App,Completed,120.14,52,8,19,267
T001106,C0181,2026-03-02,Ottawa,Dining,Mobile App,Completed,316.52,75,9,1,141
T001107,C0245,2026-03-02,Toronto,Travel,Mobile App,Completed,238.08,67,6,17,216
T001108,C0908,2026-03-02,Vancouver,Electronics,Mobile App,Completed,448.37,18,7,19,1641
T001109,C0941,2026-03-02,Ottawa,Electronics,Mobile App,Completed,136.72,52,6,0,1688
T001110,C0045,2026-03-02,Ottawa,Travel,Mobile App,Completed,134.87,48,9,18,1894
T001111,C0633,2026-03-02,Calgary,Electronics,Online,Completed,56.17,42,9,21,765
T001112,C0233,2026-03-02,Mississauga,Home,In-Store,Completed,171.53,56,10,4,401
T001113,C0193,2026-03-02,Mississauga,Home,Online,Completed,48.66,42,6,22,847
T001114,C0293,2026-03-02,Ottawa,Electronics,In-Store,Completed,24.36,71,8,4,2492
T001115,C0195,2026-03-02,Windsor,Travel,In-Store,Completed,311.07,70,8,22,1363
T001116,C0491,2026-03-02,Toronto,Electronics,Online,Completed,29.4,55,8,22,1620
T001117,C0996,2026-03-02,Calgary,Dining,Mobile App,Completed,123.43,44,7,11,350
T001118,C0587,2026-03-02,Windsor,Clothing,Mobile App,Completed,40.22,52,8,23,2609
T001119,C0724,2026-03-02,Ottawa,Electronics,In-Store,Completed,221.48,70,8,12,551
T001120,C0494,2026-03-02,Windsor,Groceries,Mobile App,Completed,248.68,35,6,17,1676
T001121,C0014,2026-03-02,Windsor,Electronics,Online,Pending,133.28,68,6,10,2982
T001122,C0085,2026-03-02,Ottawa,Home,In-Store,Completed,245.2,52,6,4,945
T001123,C0269,2026-03-03,Vancouver,Electronics,Online,Completed,85.53,21,12,7,1421
T001124,C0244,2026-03-03,Mississauga,Dining,Online,Completed,567.76,61,8,4,1142
T001125,C0841,2026-03-03,Toronto,Travel,Online,Failed,160.28,29,12,4,894
T001126,C0844,2026-03-03,Windsor,Groceries,In-Store,Completed,39.53,47,7,15,2866
T001127,C0855,2026-03-03,Toronto,Electronics,In-Store,Completed,90.18,73,11,1,2204
T001128,C0638,2026-03-03,Calgary,Electronics,Mobile App,Completed,74.67,63,14,2,1369
T001129,C0557,2026-03-03,Windsor,Home,In-Store,Completed,68.7,58,8,22,1817
T001130,C0650,2026-03-03,Mississauga,Home,Mobile App,Completed,20.78,22,11,4,1539
T001131,C0407,2026-03-03,Toronto,Clothing,In-Store,Completed,118.09,67,9,14,2851
T001132,C0671,2026-03-03,Mississauga,Electronics,Online,Completed,26.17,37,6,0,2282
T001133,C0795,2026-03-03,Calgary,Travel,Online,Completed,9.93,20,11,17,970
T001134,C0763,2026-03-03,Mississauga,Travel,Online,Failed,63.45,73,6,12,2450
T001135,C0614,2026-03-03,Ottawa,Home,In-Store,Completed,44.71,29,9,0,1255
T001136,C0059,2026-03-03,Windsor,Groceries,In-Store,Pending,40.87,36,12,14,2763
T001137,C0725,2026-03-03,Toronto,Clothing,Mobile App,Completed,6.08,26,7,3,91
T001138,C0367,2026-03-03,Vancouver,Electronics,Online,Pending,41.24,54,9,23,2087
T001139,C0744,2026-03-03,Toronto,Travel,Online,Completed,73.34,68,9,12,1911
T001140,C0540,2026-03-03,Mississauga,Home,Mobile App,Completed,49.58,48,11,2,915
T001141,C0882,2026-03-04,Windsor,Groceries,Online,Completed,118.14,68,7,11,1860
T001142,C0339,2026-03-04,Toronto,Groceries,In-Store,Completed,277.66,72,6,21,473
T001143,C0932,2026-03-04,Ottawa,Clothing,Online,Completed,131.84,68,8,19,505
T001144,C0845,2026-03-04,Calgary,Groceries,In-Store,Completed,203.38,27,13,7,1393
T001145,C0332,2026-03-04,Toronto,Clothing,Mobile App,Completed,218.2,29,13,12,2538
T001146,C0483,2026-03-04,Vancouver,Travel,Online,Completed,35.75,35,12,21,310
T001147,C0532,2026-03-04,Ottawa,Dining,In-Store,Completed,123.46,55,12,9,779
T001148,C0769,2026-03-04,Vancouver,Home,In-Store,Completed,198.05,68,6,16,2744
T001149,C0690,2026-03-04,Toronto,Home,Mobile App,Completed,58.68,36,7,11,1341
T001150,C0853,2026-03-04,Calgary,Electronics,Mobile App,Completed,43.41,56,4,7,2940
T001151,C0370,2026-03-04,Toronto,Groceries,Online,Completed,1529.55,28,5,3,642
T001152,C0505,2026-03-04,Calgary,Groceries,In-Store,Completed,24.13,49,10,21,1577
T001153,C0431,2026-03-04,Ottawa,Groceries,Mobile App,Completed,33.71,63,4,13,1089
T001154,C0910,2026-03-04,Mississauga,Home,Online,Completed,48.23,40,7,14,145
T001155,C0305,2026-03-04,Toronto,Travel,Mobile App,Completed,124.66,27,10,0,2684
T001156,C0588,2026-03-04,Ottawa,Clothing,Online,Completed,102.38,41,10,15,909
T001157,C0121,2026-03-04,Toronto,Electronics,In-Store,Pending,204.42,62,9,4,244
T001158,C0851,2026-03-04,Ottawa,Home,Mobile App,Completed,38.82,72,5,21,1183
T001159,C0385,2026-03-05,Vancouver,Clothing,In-Store,Completed,37.1,53,6,15,1598
T001160,C0341,2026-03-05,Windsor,Clothing,Mobile App,Completed,132.68,56,4,10,1190
T001161,C0583,2026-03-05,Windsor,Dining,In-Store,Completed,43.11,42,8,9,956
T001162,C0499,2026-03-05,Windsor,Clothing,Online,Completed,50.89,71,4,2,2118
T001163,C0848,2026-03-05,Windsor,Travel,Mobile App,Completed,17.54,68,13,17,2115
T001164,C0532,2026-03-05,Toronto,Dining,In-Store,Pending,108.84,74,7,1,2944
T001165,C0517,2026-03-05,Windsor,Travel,Online,Completed,315.06,68,7,22,422
T001166,C0105,2026-03-05,Ottawa,Electronics,Online,Completed,35.44,49,4,7,102
T001167,C0022,2026-03-05,Windsor,Home,In-Store,Completed,202.57,73,6,21,2577
T001168,C0399,2026-03-05,Vancouver,Clothing,In-Store,Pending,80.81,53,7,20,2897
T001169,C0999,2026-03-05,Vancouver,Clothing,Mobile App,Completed,18.95,52,7,11,1981
T001170,C0918,2026-03-05,Vancouver,Clothing,Online,Completed,39.73,56,11,22,2753
T001171,C0629,2026-03-05,Ottawa,Dining,In-Store,Completed,37.7,28,8,16,1831
T001172,C0631,2026-03-05,Windsor,Home,Mobile App,Completed,64.95,66,5,13,2572
T001173,C0392,2026-03-05,Calgary,Electronics,Mobile App,Completed,121.42,39,6,5,1463
T001174,C0178,2026-03-05,Windsor,Travel,Mobile App,Failed,409.21,56,6,13,1325
T001175,C0009,2026-03-05,Mississauga,Groceries,Online,Completed,25.18,66,6,14,1692
T001176,C0339,2026-03-05,Mississauga,Electronics,Online,Completed,56.29,24,58,5,1192
T001177,C0317,2026-03-05,Vancouver,Travel,In-Store,Completed,39.69,35,4,13,1168
T001178,C0192,2026-03-06,Ottawa,Dining,In-Store,Completed,28.93,72,6,21,1454
T001179,C0260,2026-03-06,Vancouver,Home,Online,Pending,92.18,38,9,11,1927
T001180,C0025,2026-03-06,Calgary,Travel,Online,Completed,85.11,56,6,9,1971
T001181,C0608,2026-03-06,Mississauga,Dining,Online,Completed,18.19,50,12,14,83
T001182,C0928,2026-03-06,Calgary,Dining,In-Store,Completed,86.32,68,9,11,811
T001183,C0691,2026-03-06,Windsor,Travel,Mobile App,Completed,30.51,47,8,15,790
T001184,C0449,2026-03-06,Calgary,Clothing,Online,Completed,85.86,42,8,23,1218
T001185,C0421,2026-03-06,Windsor,Electronics,Online,Completed,250.07,18,9,17,1923
T001186,C0308,2026-03-06,Calgary,Travel,Online,Completed,126.0,45,8,19,2879
T001187,C0143,2026-03-06,Mississauga,Travel,Mobile App,Pending,98.84,51,7,5,2166
T001188,C0599,2026-03-06,Calgary,Groceries,Mobile App,Completed,54.23,57,8,18,248
T001189,C0567,2026-03-06,Toronto,Home,In-Store,Completed,89.97,63,7,1,2049
T001190,C0008,2026-03-06,Mississauga,Travel,Online,Completed,137.2,63,9,10,631
T001191,C0416,2026-03-06,Calgary,Electronics,Online,Completed,126.11,44,13,4,2142
T001192,C0279,2026-03-06,Toronto,Travel,Mobile App,Completed,78.13,22,10,3,153
T001193,C0171,2026-03-06,Windsor,Clothing,In-Store,Completed,102.25,32,9,23,1079
T001194,C0704,2026-03-06,Toronto,Home,Online,Completed,27.76,41,7,8,1791
T001195,C0526,2026-03-06,Windsor,Groceries,Mobile App,Completed,45.53,74,9,12,645
T001196,C0634,2026-03-07,Mississauga,Dining,In-Store,Completed,155.1,62,3,10,1573
T001197,C0714,2026-03-07,Ottawa,Electronics,In-Store,Completed,173.88,69,8,17,1310
T001198,C0982,2026-03-07,Windsor,Travel,In-Store,Completed,92.04,75,6,19,224
T001199,C0803,2026-03-07,Toronto,Travel,Online,Completed,298.8,25,10,1,1113
T001200,C0621,2026-03-07,Windsor,Dining,Mobile App,Completed,130.9,18,6,18,1401
T001201,C0880,2026-03-07,Calgary,Home,Mobile App,Completed,69.72,51,3,15,1715
T001202,C0478,2026-03-07,Calgary,Travel,Online,Completed,30.14,33,4,22,610
T001203,C0985,2026-03-07,Windsor,Dining,Mobile App,Completed,288.75,68,13,1,2442
T001204,C0762,2026-03-07,Windsor,Groceries,Online,Completed,163.6,44,8,1,1948
T001205,C0651,2026-03-07,Toronto,Electronics,In-Store,Completed,391.98,18,11,5,2319
T001206,C0904,2026-03-07,Calgary,Home,Mobile App,Completed,536.18,30,8,10,2430
T001207,C0516,2026-03-07,Vancouver,Dining,Online,Completed,28.47,37,4,16,2289
T001208,C0721,2026-03-07,Vancouver,Home,Mobile App,Completed,28.53,19,5,19,348
T001209,C0285,2026-03-07,Windsor,Travel,Online,Completed,7.46,36,8,16,1161
T001210,C0964,2026-03-07,Ottawa,Travel,Mobile App,Completed,185.54,49,6,11,2272
T001211,C0624,2026-03-07,Toronto,Dining,In-Store,Completed,148.51,69,8,3,1173
T001212,C0783,2026-03-07,Vancouver,Travel,Online,Completed,92.37,55,5,5,1339
T001213,C0461,2026-03-07,Ottawa,Groceries,Mobile App,Completed,29.98,23,7,9,1230
T001214,C0867,2026-03-08,Windsor,Groceries,Online,Completed,78.8,42,11,19,1553
T001215,C0075,2026-03-08,Vancouver,Dining,Mobile App,Completed,3316.17,62,9,21,121
T001216,C0115,2026-03-08,Ottawa,Travel,Mobile App,Completed,165.33,39,7,1,1364
T001217,C0508,2026-03-08,Mississauga,Travel,Online,Pending,107.2,50,7,22,1919
T001218,C0733,2026-03-08,Windsor,Dining,In-Store,Completed,149.44,75,11,8,2158
T001219,C0810,2026-03-08,Toronto,Electronics,In-Store,Completed,76.49,25,9,14,1812
T001220,C0441,2026-03-08,Calgary,Clothing,In-Store,Completed,232.04,45,6,16,2145
T001221,C0650,2026-03-08,Windsor,Travel,In-Store,Completed,145.42,53,10,9,224
T001222,C0554,2026-03-08,Windsor,Groceries,Online,Completed,30.99,64,8,3,1773
T001223,C0962,2026-03-08,Vancouver,Dining,In-Store,Completed,2537.56,66,4,4,1990
T001224,C0655,2026-03-08,Windsor,Clothing,Online,Completed,240.9,34,15,20,701
T001225,C0417,2026-03-08,Mississauga,Clothing,Mobile App,Completed,126.26,45,10,15,1197
T001226,C0970,2026-03-08,Vancouver,Electronics,Mobile App,Completed,107.91,66,7,9,1158
T001227,C0108,2026-03-08,Ottawa,Home,Online,Completed,348.09,66,7,23,178
T001228,C0985,2026-03-08,Ottawa,Travel,Mobile App,Completed,21.21,65,6,9,2448
T001229,C0155,2026-03-08,Toronto,Dining,Mobile App,Completed,244.13,56,9,17,1746
T001230,C0289,2026-03-08,Mississauga,Travel,Online,Completed,56.71,33,7,22,959
T001231,C0822,2026-03-08,Mississauga,Home,Mobile App,Completed,215.63,39,4,8,2874
T001232,C0734,2026-03-08,Ottawa,Electronics,Mobile App,Failed,94.16,56,10,3,2756
T001233,C0971,2026-03-09,Toronto,Groceries,Online,Completed,29.55,32,6,10,229
T001234,C0750,2026-03-09,Toronto,Dining,In-Store,Completed,55.74,57,11,10,885
T001235,C0638,2026-03-09,Vancouver,Groceries,Mobile App,Completed,202.58,47,8,13,2834
T001236,C0347,2026-03-09,Vancouver,Home,In-Store,Completed,71.09,43,6,12,1664
T001237,C0005,2026-03-09,Vancouver,Home,Online,Completed,50.12,38,11,14,1231
T001238,C0124,2026-03-09,Windsor,Travel,In-Store,Completed,49.83,62,9,2,1845
T001239,C0298,2026-03-09,Calgary,Home,In-Store,Completed,146.73,44,5,20,2346
T001240,C0041,2026-03-09,Windsor,Groceries,Mobile App,Completed,376.41,35,10,7,530
T001241,C0509,2026-03-09,Ottawa,Travel,In-Store,Completed,13.78,40,14,18,725
T001242,C0778,2026-03-09,Toronto,Dining,In-Store,Completed,918.95,46,9,12,1492
T001243,C0964,2026-03-09,Calgary,Electronics,Mobile App,Completed,101.07,53,7,7,590
T001244,C0490,2026-03-09,Windsor,Electronics,In-Store,Completed,139.19,75,2,22,805
T001245,C0876,2026-03-09,Vancouver,Travel,Mobile App,Completed,58.66,37,10,6,434
T001246,C0986,2026-03-09,Windsor,Travel,Mobile App,Completed,84.75,28,7,11,740
T001247,C0860,2026-03-09,Vancouver,Groceries,Mobile App,Completed,100.11,74,6,7,1802
T001248,C0465,2026-03-09,Mississauga,Travel,Online,Completed,34.85,26,15,13,1478
T001249,C0326,2026-03-09,Toronto,Home,Mobile App,Completed,42.85,70,6,2,1779
T001250,C0978,2026-03-09,Windsor,Groceries,Mobile App,Completed,232.65,26,2,16,915
T001251,C0242,2026-03-10,Vancouver,Home,Online,Completed,22.72,39,8,0,2254
T001252,C0412,2026-03-10,Windsor,Travel,In-Store,Completed,123.66,75,6,3,1791
T001253,C0075,2026-03-10,Windsor,Dining,In-Store,Completed,62.04,27,6,23,99
T001254,C0794,2026-03-10,Ottawa,Clothing,In-Store,Completed,37.56,27,7,3,2135
T001255,C0650,2026-03-10,Windsor,Travel,Mobile App,Completed,454.32,53,6,7,1985
T001256,C0085,2026-03-10,Toronto,Clothing,Mobile App,Completed,37.76,29,11,11,2192
T001257,C0222,2026-03-10,Ottawa,Groceries,Online,Completed,32.53,19,6,11,1768
T001258,C0556,2026-03-10,Vancouver,Groceries,In-Store,Completed,72.51,58,5,14,650
T001259,C0541,2026-03-10,Vancouver,Travel,Mobile App,Completed,44.23,73,5,2,2393
T001260,C0803,2026-03-10,Calgary,Electronics,In-Store,Completed,85.46,62,11,7,1029
T001261,C0267,2026-03-10,Toronto,Electronics,Mobile App,Completed,97.0,73,9,10,690
T001262,C0925,2026-03-10,Mississauga,Dining,In-Store,Completed,103.76,48,6,1,2910
T001263,C0445,2026-03-10,Windsor,Clothing,Mobile App,Completed,76.5,53,10,0,1758
T001264,C0823,2026-03-10,Calgary,Electronics,Mobile App,Completed,46.8,74,9,18,2749
T001265,C0239,2026-03-10,Ottawa,Home,Online,Completed,1778.55,47,5,21,1106
T001266,C0037,2026-03-10,Toronto,Dining,Mobile App,Completed,77.3,20,7,16,2763
T001267,C0056,2026-03-10,Vancouver,Groceries,Online,Completed,55.78,31,9,23,2917
T001268,C0373,2026-03-10,Toronto,Groceries,Mobile App,Completed,299.06,54,11,21,1836
T001269,C0954,2026-03-10,Windsor,Home,Mobile App,Completed,76.67,67,11,22,945
T001270,C0049,2026-03-11,Vancouver,Groceries,Online,Completed,215.04,53,6,19,1690
T001271,C0369,2026-03-11,Ottawa,Dining,Online,Completed,241.16,41,8,4,1783
T001272,C0110,2026-03-11,Vancouver,Clothing,In-Store,Completed,253.96,36,7,17,1610
T001273,C0932,2026-03-11,Ottawa,Travel,Online,Failed,152.95,57,5,19,977
T001274,C0676,2026-03-11,Calgary,Electronics,In-Store,Completed,84.95,70,6,12,2198
T001275,C0763,2026-03-11,Ottawa,Groceries,Online,Completed,80.5,34,4,8,2165
T001276,C0714,2026-03-11,Toronto,Clothing,Online,Completed,69.07,50,5,22,167
T001277,C0658,2026-03-11,Toronto,Dining,In-Store,Completed,13.47,42,8,15,1905
T001278,C0774,2026-03-11,Vancouver,Groceries,Mobile App,Completed,156.59,32,7,16,506
T001279,C0009,2026-03-11,Toronto,Electronics,Online,Completed,104.63,41,8,22,2879
T001280,C0866,2026-03-11,Mississauga,Travel,Online,Completed,171.46,23,7,2,834
T001281,C0740,2026-03-11,Toronto,Electronics,Online,Completed,76.95,48,7,13,1831
T001282,C0740,2026-03-11,Windsor,Dining,Online,Completed,149.57,24,5,18,1942
T001283,C0394,2026-03-11,Ottawa,Groceries,Online,Completed,26.36,45,3,9,2367
T001284,C0801,2026-03-11,Windsor,Clothing,Online,Completed,31.46,70,5,5,815
T001285,C0382,2026-03-11,Mississauga,Travel,In-Store,Completed,10.36,26,4,12,2467
T001286,C0049,2026-03-11,Calgary,Clothing,Online,Completed,75.83,32,4,19,447
T001287,C0908,2026-03-11,Toronto,Groceries,Mobile App,Failed,44.08,59,7,14,60
T001288,C0235,2026-03-12,Toronto,Dining,In-Store,Pending,39.44,70,8,23,318
T001289,C0102,2026-03-12,Windsor,Electronics,Mobile App,Completed,112.97,73,10,13,164
T001290,C0622,2026-03-12,Vancouver,Travel,In-Store,Completed,59.2,24,12,3,2691
T001291,C0234,2026-03-12,Mississauga,Clothing,In-Store,Completed,25.14,31,8,3,267
T001292,C0859,2026-03-12,Ottawa,Electronics,In-Store,Completed,739.3,75,8,1,2036
T001293,C0444,2026-03-12,Toronto,Clothing,Mobile App,Completed,82.37,47,14,17,1604
T001294,C0005,2026-03-12,Vancouver,Travel,Online,Completed,33.85,66,6,18,1280
T001295,C0952,2026-03-12,Toronto,Clothing,Mobile App,Completed,48.1,18,7,0,529
T001296,C0515,2026-03-12,Vancouver,Groceries,Online,Completed,73.37,24,10,19,322
T001297,C0263,2026-03-12,Toronto,Home,Online,Completed,73.24,29,7,16,1504
T001298,C0678,2026-03-12,Calgary,Dining,Mobile App,Completed,257.11,22,10,16,1918
T001299,C0531,2026-03-12,Windsor,Electronics,Mobile App,Completed,79.45,69,8,10,1930
T001300,C0030,2026-03-12,Windsor,Electronics,Online,Completed,411.41,64,3,11,1873
T001301,C0760,2026-03-12,Mississauga,Home,In-Store,Completed,58.86,40,9,0,1218
T001302,C0402,2026-03-12,Toronto,Home,In-Store,Failed,122.13,22,12,20,51
T001303,C0700,2026-03-12,Toronto,Groceries,Online,Failed,202.62,24,12,17,2418
T001304,C0896,2026-03-12,Ottawa,Dining,In-Store,Completed,234.75,33,2,15,984
T001305,C0611,2026-03-12,Windsor,Clothing,Mobile App,Completed,259.24,60,5,22,2003
T001306,C0672,2026-03-13,Mississauga,Travel,In-Store,Completed,67.45,64,9,20,2305
T001307,C0255,2026-03-13,Vancouver,Electronics,In-Store,Completed,84.6,49,5,4,2980
T001308,C0238,2026-03-13,Toronto,Dining,Mobile App,Completed,10.33,70,11,8,2597
T001309,C0416,2026-03-13,Mississauga,Dining,Online,Completed,71.96,71,11,6,2616
T001310,C0853,2026-03-13,Windsor,Electronics,In-Store,Completed,214.91,62,8,8,783
T001311,C0525,2026-03-13,Mississauga,Home,Online,Completed,182.17,22,10,2,1905
T001312,C0349,2026-03-13,Windsor,Electronics,Mobile App,Completed,78.98,69,12,14,1355
T001313,C0780,2026-03-13,Toronto,Clothing,Online,Completed,360.29,70,6,3,1493
T001314,C0854,2026-03-13,Toronto,Home,Mobile App,Completed,61.33,50,6,16,2325
T001315,C0903,2026-03-13,Calgary,Clothing,In-Store,Completed,46.24,52,8,22,2844
T001316,C0299,2026-03-13,Toronto,Clothing,Online,Completed,57.09,63,5,3,1801
T001317,C0710,2026-03-13,Vancouver,Groceries,Mobile App,Completed,32.74,52,14,6,406
T001318,C0591,2026-03-13,Calgary,Groceries,Online,Completed,1732.27,37,7,3,1078
T001319,C0449,2026-03-13,Mississauga,Clothing,Online,Completed,108.62,58,11,19,668
T001320,C0397,2026-03-13,Windsor,Clothing,In-Store,Completed,142.76,63,10,19,2915
T001321,C0115,2026-03-13,Vancouver,Clothing,Mobile App,Completed,59.77,26,4,15,2901
T001322,C0275,2026-03-13,Calgary,Dining,In-Store,Completed,80.91,57,4,13,1545
T001323,C0550,2026-03-13,Toronto,Travel,In-Store,Completed,13.34,28,13,12,613
T001324,C0887,2026-03-13,Calgary,Groceries,In-Store,Completed,117.03,51,9,5,1889
T001325,C0867,2026-03-14,Calgary,Electronics,Online,Completed,92.45,24,7,14,2818
T001326,C0188,2026-03-14,Toronto,Travel,Online,Completed,33.35,75,7,8,1525
T001327,C0680,2026-03-14,Toronto,Groceries,Online,Completed,77.77,56,5,9,712
T001328,C0085,2026-03-14,Vancouver,Groceries,Online,Completed,68.27,45,9,19,411
T001329,C0676,2026-03-14,Toronto,Groceries,Mobile App,Completed,380.82,47,6,0,1817
T001330,C0342,2026-03-14,Ottawa,Electronics,In-Store,Failed,34.49,53,11,5,1651
T001331,C0450,2026-03-14,Toronto,Home,In-Store,Completed,112.66,25,7,15,1047
T001332,C0718,2026-03-14,Vancouver,Clothing,Mobile App,Failed,33.63,47,12,14,861
T001333,C0425,2026-03-14,Windsor,Home,Mobile App,Completed,52.9,59,3,22,2296
T001334,C0808,2026-03-14,Toronto,Electronics,Mobile App,Completed,107.55,33,10,12,101
T001335,C0534,2026-03-14,Toronto,Travel,In-Store,Completed,71.02,45,4,9,2158
T001336,C0999,2026-03-14,Windsor,Home,Mobile App,Completed,84.57,37,10,22,510
T001337,C0639,2026-03-14,Ottawa,Dining,Mobile App,Completed,112.78,27,9,22,2939
T001338,C0297,2026-03-14,Toronto,Travel,Online,Completed,55.87,74,5,18,2780
T001339,C0776,2026-03-14,Vancouver,Clothing,Online,Completed,180.22,52,5,22,286
T001340,C0408,2026-03-14,Ottawa,Clothing,In-Store,Completed,65.56,40,6,17,2407
T001341,C0535,2026-03-14,Windsor,Home,Mobile App,Completed,78.24,37,5,7,1785
T001342,C0137,2026-03-14,Calgary,Travel,Mobile App,Completed,115.56,57,10,18,95
T001343,C0120,2026-03-15,Ottawa,Travel,Mobile App,Completed,103.09,24,6,23,1009
T001344,C0575,2026-03-15,Vancouver,Home,Mobile App,Completed,146.97,50,13,22,1840
T001345,C0187,2026-03-15,Windsor,Clothing,Online,Completed,111.28,31,6,18,451
T001346,C0998,2026-03-15,Vancouver,Dining,In-Store,Completed,126.64,69,9,6,1777
T001347,C0856,2026-03-15,Ottawa,Travel,Online,Completed,64.46,63,9,18,980
T001348,C0701,2026-03-15,Calgary,Travel,In-Store,Completed,34.27,61,6,0,1428
T001349,C0735,2026-03-15,Mississauga,Electronics,Online,Completed,25.26,26,7,15,471
T001350,C0596,2026-03-15,Vancouver,Travel,Online,Failed,20.54,22,8,6,457
T001351,C0061,2026-03-15,Mississauga,Travel,Mobile App,Completed,380.3,44,4,3,2820
T001352,C0393,2026-03-15,Toronto,Home,Mobile App,Completed,12.96,38,12,21,2808
T001353,C0496,2026-03-15,Toronto,Travel,Mobile App,Completed,234.47,60,6,17,2436
T001354,C0916,2026-03-15,Calgary,Groceries,In-Store,Completed,42.31,59,4,16,1574
T001355,C0220,2026-03-15,Vancouver,Home,Online,Completed,233.02,41,14,14,2782
T001356,C0497,2026-03-15,Mississauga,Travel,In-Store,Completed,13.07,27,9,3,2206
T001357,C0345,2026-03-15,Vancouver,Electronics,Mobile App,Completed,69.6,36,5,12,1641
T001358,C0135,2026-03-15,Toronto,Clothing,In-Store,Pending,292.53,47,15,8,2553
T001359,C0104,2026-03-15,Toronto,Dining,Online,Completed,155.85,32,14,23,2597
T001360,C0366,2026-03-15,Ottawa,Dining,In-Store,Completed,63.81,36,7,14,2889
T001361,C0083,2026-03-15,Ottawa,Home,Mobile App,Completed,16.3,31,7,20,2984
T001362,C0068,2026-03-16,Calgary,Home,Online,Completed,27.62,21,7,3,354
T001363,C0351,2026-03-16,Vancouver,Travel,Mobile App,Pending,276.84,52,9,7,2939
T001364,C0202,2026-03-16,Windsor,Dining,Mobile App,Completed,63.22,75,4,0,1171
T001365,C0555,2026-03-16,Vancouver,Home,Mobile App,Completed,79.97,73,6,23,1981
T001366,C0018,2026-03-16,Mississauga,Electronics,In-Store,Pending,108.16,71,10,1,1590
T001367,C0302,2026-03-16,Vancouver,Clothing,Online,Completed,28.09,56,7,2,956
T001368,C0454,2026-03-16,Windsor,Travel,Online,Completed,120.16,61,5,17,1747
T001369,C0964,2026-03-16,Toronto,Home,In-Store,Completed,59.5,21,11,2,1761
T001370,C0635,2026-03-16,Toronto,Dining,In-Store,Completed,109.1,29,12,7,2733
T001371,C0881,2026-03-16,Calgary,Clothing,Online,Completed,52.0,58,7,15,2951
T001372,C0344,2026-03-16,Toronto,Groceries,Mobile App,Completed,22.32,75,5,10,1459
T001373,C0450,2026-03-16,Calgary,Clothing,Mobile App,Completed,59.11,70,9,18,190
T001374,C0421,2026-03-16,Vancouver,Groceries,In-Store,Failed,146.54,54,5,0,2305
T001375,C0888,2026-03-16,Toronto,Travel,Mobile App,Completed,118.82,24,9,15,2648
T001376,C0960,2026-03-16,Calgary,Electronics,In-Store,Completed,87.26,74,8,15,1365
T001377,C0963,2026-03-16,Toronto,Home,In-Store,Pending,182.37,36,9,6,960
T001378,C0752,2026-03-16,Toronto,Clothing,In-Store,Completed,71.49,20,7,16,1170
T001379,C0504,2026-03-16,Ottawa,Groceries,In-Store,Completed,89.16,62,10,10,1265
T001380,C0541,2026-03-17,Windsor,Home,Mobile App,Completed,56.53,28,10,20,802
T001381,C0981,2026-03-17,Windsor,Electronics,Online,Completed,191.67,35,12,18,1060
T001382,C0285,2026-03-17,Windsor,Travel,Mobile App,Completed,108.9,57,8,17,931
T001383,C0347,2026-03-17,Ottawa,Groceries,Mobile App,Completed,52.94,73,8,12,403
T001384,C0897,2026-03-17,Toronto,Groceries,Mobile App,Completed,23.97,70,11,16,1919
T001385,C0387,2026-03-17,Windsor,Electronics,Online,Completed,217.43,27,7,3,1176
T001386,C0236,2026-03-17,Ottawa,Travel,Online,Completed,45.16,28,12,10,194
T001387,C0561,2026-03-17,Mississauga,Travel,In-Store,Completed,90.37,64,7,8,1879
T001388,C0326,2026-03-17,Vancouver,Home,Mobile App,Completed,627.89,36,5,1,957
T001389,C0891,2026-03-17,Windsor,Groceries,Mobile App,Completed,168.0,22,9,19,443
T001390,C0910,2026-03-17,Ottawa,Clothing,Mobile App,Completed,334.33,52,10,15,2034
T001391,C0307,2026-03-17,Vancouver,Groceries,Online,Completed,53.8,56,11,7,2094
T001392,C0530,2026-03-17,Mississauga,Electronics,In-Store,Completed,211.24,75,9,0,296
T001393,C0984,2026-03-17,Windsor,Electronics,Mobile App,Completed,86.95,46,7,23,2277
T001394,C0743,2026-03-17,Ottawa,Groceries,In-Store,Completed,116.02,64,7,15,1635
T001395,C0216,2026-03-17,Ottawa,Travel,Mobile App,Completed,473.6,48,7,19,489
T001396,C0591,2026-03-17,Toronto,Home,Online,Completed,67.07,71,7,1,1393
T001397,C0620,2026-03-17,Ottawa,Clothing,In-Store,Completed,86.4,46,10,21,2979
T001398,C0654,2026-03-18,Toronto,Home,In-Store,Completed,39.45,57,3,1,223
T001399,C0026,2026-03-18,Ottawa,Travel,Mobile App,Completed,180.88,73,6,21,1482
T001400,C0300,2026-03-18,Calgary,Groceries,Online,Failed,52.78,68,8,13,257
T001401,C0855,2026-03-18,Ottawa,Dining,Online,Completed,202.75,41,5,20,629
T001402,C0242,2026-03-18,Vancouver,Clothing,Online,Completed,20.91,47,9,22,1814
T001403,C0300,2026-03-18,Windsor,Groceries,Online,Completed,135.5,52,8,21,1773
T001404,C0323,2026-03-18,Calgary,Groceries,Mobile App,Completed,49.18,25,10,17,1598
T001405,C0178,2026-03-18,Vancouver,Home,Mobile App,Completed,158.16,31,6,2,1760
T001406,C0156,2026-03-18,Calgary,Groceries,Online,Completed,84.03,59,6,16,2170
T001407,C0348,2026-03-18,Vancouver,Home,Mobile App,Completed,53.93,22,4,12,1422
T001408,C0875,2026-03-18,Ottawa,Clothing,In-Store,Completed,61.2,52,4,19,1884
T001409,C0002,2026-03-18,Ottawa,Travel,Mobile App,Completed,41.26,46,8,23,2679
T001410,C0284,2026-03-18,Calgary,Travel,Online,Completed,173.26,46,2,11,1491
T001411,C0061,2026-03-18,Calgary,Groceries,Mobile App,Completed,34.86,67,10,6,382
T001412,C0562,2026-03-18,Mississauga,Dining,In-Store,Completed,67.74,33,7,17,1312
T001413,C0251,2026-03-18,Toronto,Clothing,Mobile App,Completed,113.99,63,7,5,2097
T001414,C0792,2026-03-18,Toronto,Home,In-Store,Completed,335.0,63,7,11,975
T001415,C0586,2026-03-18,Windsor,Dining,Mobile App,Pending,84.33,75,6,16,1051
T001416,C0784,2026-03-18,Toronto,Home,In-Store,Completed,69.17,65,7,22,149
T001417,C0635,2026-03-19,Windsor,Clothing,Mobile App,Completed,107.26,47,9,17,2797
T001418,C0439,2026-03-19,Toronto,Groceries,In-Store,Completed,14.59,39,8,17,262
T001419,C0861,2026-03-19,Calgary,Travel,Online,Completed,30.69,63,7,12,2594
T001420,C0477,2026-03-19,Toronto,Travel,Mobile App,Pending,61.78,71,11,7,1746
T001421,C0950,2026-03-19,Ottawa,Travel,Mobile App,Completed,46.37,34,7,20,2231
T001422,C0995,2026-03-19,Mississauga,Clothing,In-Store,Completed,21.8,39,8,8,1751
T001423,C0590,2026-03-19,Windsor,Home,Online,Completed,176.23,46,10,5,296
T001424,C0675,2026-03-19,Vancouver,Travel,Mobile App,Completed,106.0,24,8,15,164
T001425,C0256,2026-03-19,Calgary,Electronics,Mobile App,Completed,95.76,36,8,21,838
T001426,C0815,2026-03-19,Vancouver,Home,Mobile App,Completed,47.12,27,7,11,1321
T001427,C0672,2026-03-19,Calgary,Home,Mobile App,Completed,90.93,62,7,8,2883
T001428,C0903,2026-03-19,Ottawa,Clothing,In-Store,Completed,131.62,46,4,3,2849
T001429,C0268,2026-03-19,Vancouver,Travel,Online,Completed,67.86,53,11,19,493
T001430,C0788,2026-03-19,Toronto,Groceries,Online,Pending,124.03,22,7,15,588
T001431,C0471,2026-03-19,Calgary,Dining,Online,Completed,43.21,51,2,4,2849
T001432,C0186,2026-03-19,Vancouver,Electronics,Online,Completed,92.34,59,8,14,2311
T001433,C0172,2026-03-19,Windsor,Travel,Mobile App,Completed,224.48,57,8,8,1136
T001434,C0563,2026-03-19,Mississauga,Clothing,Mobile App,Completed,242.23,64,10,0,1539
T001435,C0320,2026-03-20,Ottawa,Electronics,Online,Completed,262.72,24,8,15,128
T001436,C0102,2026-03-20,Toronto,Home,In-Store,Completed,108.35,49,9,9,2340
T001437,C0428,2026-03-20,Vancouver,Groceries,Online,Completed,87.32,45,6,5,2463
T001438,C0653,2026-03-20,Windsor,Groceries,In-Store,Completed,58.04,69,6,17,837
T001439,C0319,2026-03-20,Toronto,Home,Mobile App,Completed,18.29,58,9,5,248
T001440,C0956,2026-03-20,Windsor,Groceries,Mobile App,Completed,27.1,73,8,4,2953
T001441,C0780,2026-03-20,Calgary,Clothing,Mobile App,Completed,73.69,19,10,4,1461
T001442,C0513,2026-03-20,Windsor,Clothing,Online,Completed,77.53,43,5,20,1099
T001443,C0935,2026-03-20,Ottawa,Electronics,Mobile App,Completed,282.32,58,6,10,103
T001444,C0433,2026-03-20,Vancouver,Groceries,Mobile App,Completed,259.88,23,7,13,1891
T001445,C0140,2026-03-20,Toronto,Electronics,In-Store,Completed,47.42,55,14,19,2914
T001446,C0036,2026-03-20,Vancouver,Groceries,Online,Completed,170.41,31,12,9,2060
T001447,C0939,2026-03-20,Windsor,Clothing,Online,Completed,56.66,22,10,6,2892
T001448,C0960,2026-03-20,Vancouver,Home,Mobile App,Completed,151.85,56,10,23,1991
T001449,C0740,2026-03-20,Windsor,Home,Online,Completed,168.64,42,8,14,2116
T001450,C0104,2026-03-20,Toronto,Clothing,Online,Completed,244.31,41,8,15,1603
T001451,C0294,2026-03-20,Vancouver,Clothing,In-Store,Completed,55.92,36,12,7,2439
T001452,C0042,2026-03-20,Vancouver,Home,Online,Failed,201.3,57,9,22,2039
T001453,C0052,2026-03-21,Calgary,Clothing,Mobile App,Completed,17.3,53,12,7,1792
T001454,C0247,2026-03-21,Vancouver,Travel,Mobile App,Completed,255.81,56,7,23,2047
T001455,C0573,2026-03-21,Mississauga,Home,Online,Completed,83.21,63,11,14,2741
T001456,C0066,2026-03-21,Windsor,Electronics,Online,Completed,84.73,53,58,11,2220
T001457,C0985,2026-03-21,Windsor,Dining,Online,Completed,15.04,22,6,17,1267
T001458,C0456,2026-03-21,Ottawa,Home,Mobile App,Completed,61.09,27,9,8,2186
T001459,C0264,2026-03-21,Mississauga,Electronics,In-Store,Pending,269.03,75,6,19,2694
T001460,C0517,2026-03-21,Mississauga,Electronics,In-Store,Completed,59.14,34,8,20,2029
T001461,C0791,2026-03-21,Windsor,Groceries,Online,Completed,155.88,42,6,2,1597
T001462,C0313,2026-03-21,Mississauga,Electronics,Online,Completed,87.53,39,4,0,2734
T001463,C0048,2026-03-21,Windsor,Travel,In-Store,Completed,209.75,75,5,1,1157
T001464,C0051,2026-03-21,Toronto,Home,Online,Completed,100.03,65,5,11,2697
T001465,C0852,2026-03-21,Toronto,Groceries,In-Store,Completed,38.5,46,9,15,1635
T001466,C0112,2026-03-21,Ottawa,Clothing,Mobile App,Completed,89.18,57,8,15,156
T001467,C0636,2026-03-21,Mississauga,Clothing,Online,Completed,331.52,49,10,6,198
T001468,C0385,2026-03-21,Toronto,Home,In-Store,Completed,129.76,55,12,19,2943
T001469,C0778,2026-03-21,Ottawa,Clothing,Mobile App,Completed,76.99,73,4,2,829
T001470,C0061,2026-03-21,Toronto,Groceries,Mobile App,Completed,578.27,56,10,16,2388
T001471,C0898,2026-03-21,Toronto,Dining,Online,Completed,227.69,24,14,11,1957
T001472,C0699,2026-03-22,Toronto,Home,Online,Completed,170.18,47,8,0,1792
T001473,C0450,2026-03-22,Mississauga,Home,Mobile App,Completed,111.32,65,5,20,1555
T001474,C0208,2026-03-22,Calgary,Travel,Mobile App,Completed,158.12,20,13,16,1836
T001475,C0978,2026-03-22,Windsor,Home,Online,Completed,162.55,38,13,13,2349
T001476,C0303,2026-03-22,Windsor,Clothing,In-Store,Completed,13.29,29,6,15,1184
T001477,C0491,2026-03-22,Windsor,Groceries,In-Store,Completed,118.91,59,10,7,1946
T001478,C0395,2026-03-22,Mississauga,Home,Mobile App,Completed,74.14,26,8,0,1308
T001479,C0231,2026-03-22,Vancouver,Electronics,Mobile App,Completed,55.58,54,10,9,2040
T001480,C0417,2026-03-22,Windsor,Dining,In-Store,Completed,71.99,21,5,7,1155
T001481,C0152,2026-03-22,Ottawa,Electronics,Mobile App,Completed,22.65,71,8,16,621
T001482,C0002,2026-03-22,Calgary,Clothing,Online,Completed,18.33,36,8,11,2848
T001483,C0290,2026-03-22,Calgary,Groceries,Online,Completed,245.23,41,12,23,2883
T001484,C0113,2026-03-22,Ottawa,Travel,Mobile App,Completed,125.9,63,5,15,1806
T001485,C0415,2026-03-22,Vancouver,Home,Online,Completed,10.93,40,7,16,1948
T001486,C0863,2026-03-22,Calgary,Clothing,Mobile App,Completed,52.08,24,12,16,501
T001487,C0163,2026-03-22,Vancouver,Electronics,Online,Failed,179.67,70,6,7,2223
T001488,C0002,2026-03-22,Windsor,Home,In-Store,Completed,67.0,24,11,13,2318
T001489,C0112,2026-03-22,Toronto,Dining,Online,Completed,244.91,46,3,21,385
T001490,C0509,2026-03-23,Toronto,Clothing,Mobile App,Completed,207.46,25,8,23,2092
T001491,C0275,2026-03-23,Calgary,Travel,In-Store,Completed,26.83,58,6,7,510
T001492,C0490,2026-03-23,Ottawa,Groceries,Online,Completed,75.25,33,10,16,1910
T001493,C0030,2026-03-23,Windsor,Groceries,In-Store,Completed,58.08,72,4,1,2357
T001494,C0334,2026-03-23,Mississauga,Electronics,Online,Completed,26.1,29,7,3,814
T001495,C0411,2026-03-23,Windsor,Home,Mobile App,Completed,24.69,56,10,9,2600
T001496,C0432,2026-03-23,Vancouver,Home,Online,Completed,42.84,18,7,17,1867
T001497,C0552,2026-03-23,Ottawa,Dining,In-Store,Completed,49.3,24,5,4,2965
T001498,C0781,2026-03-23,Calgary,Home,In-Store,Failed,108.14,34,8,5,2454
T001499,C0468,2026-03-23,Windsor,Groceries,Online,Completed,206.49,69,11,17,1899
T001500,C0842,2026-03-23,Mississauga,Home,Online,Completed,131.53,75,9,4,526
T001501,C0530,2026-03-23,Toronto,Electronics,In-Store,Completed,160.85,53,8,1,2856
T001502,C0261,2026-03-23,Calgary,Groceries,In-Store,Completed,67.76,37,11,15,1655
T001503,C0230,2026-03-23,Ottawa,Clothing,Online,Completed,141.91,36,8,12,1268
T001504,C0323,2026-03-23,Ottawa,Dining,Online,Completed,74.93,30,6,12,650
T001505,C0598,2026-03-23,Mississauga,Electronics,Mobile App,Pending,58.4,37,9,13,1554
T001506,C0243,2026-03-23,Windsor,Clothing,Mobile App,Completed,426.32,46,11,22,1670
T001507,C0915,2026-03-23,Calgary,Electronics,In-Store,Completed,11.73,57,8,22,162
T001508,C0480,2026-03-23,Mississauga,Clothing,Mobile App,Completed,17.29,31,10,13,1937
T001509,C0864,2026-03-24,Vancouver,Electronics,Online,Completed,117.68,20,11,15,153
T001510,C0684,2026-03-24,Toronto,Groceries,Mobile App,Completed,67.86,50,6,12,2438
T001511,C0334,2026-03-24,Windsor,Electronics,Mobile App,Completed,25.06,32,11,8,1552
T001512,C0229,2026-03-24,Vancouver,Travel,Online,Failed,34.68,41,7,3,1510
T001513,C0744,2026-03-24,Toronto,Electronics,In-Store,Completed,38.74,59,6,15,1227
T001514,C0331,2026-03-24,Toronto,Groceries,Mobile App,Completed,181.48,70,11,20,2793
T001515,C0247,2026-03-24,Vancouver,Clothing,In-Store,Completed,238.22,48,9,16,2251
T001516,C0931,2026-03-24,Windsor,Dining,Online,Completed,342.5,71,8,7,2736
T001517,C0483,2026-03-24,Windsor,Dining,In-Store,Failed,22.02,33,8,14,2483
T001518,C0049,2026-03-24,Ottawa,Electronics,Mobile App,Completed,26.59,59,8,10,2456
T001519,C0495,2026-03-24,Windsor,Groceries,Online,Completed,25.09,74,9,23,2506
T001520,C0461,2026-03-24,Toronto,Groceries,In-Store,Completed,254.21,30,10,12,1678
T001521,C0864,2026-03-24,Toronto,Clothing,In-Store,Completed,121.18,60,9,11,978
T001522,C0712,2026-03-24,Toronto,Groceries,In-Store,Completed,91.0,45,10,22,592
T001523,C0192,2026-03-24,Toronto,Electronics,Online,Completed,103.32,69,7,4,840
T001524,C0151,2026-03-24,Vancouver,Home,Online,Completed,1591.85,35,7,6,1963
T001525,C0604,2026-03-24,Windsor,Dining,Mobile App,Pending,32.78,73,9,4,1280
T001526,C0048,2026-03-24,Toronto,Clothing,Mobile App,Completed,131.48,64,7,16,2126
T001527,C0320,2026-03-25,Toronto,Dining,In-Store,Completed,72.56,58,40,16,1728
T001528,C0139,2026-03-25,Mississauga,Home,Mobile App,Completed,30.64,19,6,16,1499
T001529,C0021,2026-03-25,Calgary,Clothing,Mobile App,Completed,138.49,22,8,22,725
T001530,C0919,2026-03-25,Mississauga,Dining,In-Store,Completed,59.19,56,9,0,2901
T001531,C0090,2026-03-25,Toronto,Clothing,In-Store,Completed,103.13,45,9,5,1625
T001532,C0010,2026-03-25,Windsor,Dining,Mobile App,Completed,76.43,36,16,9,318
T001533,C0933,2026-03-25,Mississauga,Home,In-Store,Completed,181.33,66,11,5,1191
T001534,C0189,2026-03-25,Windsor,Dining,Mobile App,Completed,102.49,45,8,0,2566
T001535,C0817,2026-03-25,Calgary,Home,Mobile App,Completed,40.11,44,4,5,974
T001536,C0032,2026-03-25,Vancouver,Travel,Online,Completed,111.76,36,5,3,2714
T001537,C0154,2026-03-25,Mississauga,Travel,In-Store,Completed,114.91,74,9,22,789
T001538,C0111,2026-03-25,Calgary,Dining,Mobile App,Completed,131.27,39,10,1,1895
T001539,C0707,2026-03-25,Windsor,Clothing,Mobile App,Completed,205.03,33,8,5,1558
T001540,C0621,2026-03-25,Toronto,Clothing,In-Store,Completed,50.35,57,5,6,2666
T001541,C0476,2026-03-25,Calgary,Clothing,Mobile App,Completed,149.96,19,11,17,861
T001542,C0242,2026-03-25,Calgary,Clothing,In-Store,Completed,19.62,52,8,16,659
T001543,C0089,2026-03-25,Windsor,Groceries,In-Store,Completed,76.76,50,7,20,732
T001544,C0570,2026-03-25,Ottawa,Home,Online,Completed,67.3,32,39,3,1055
T001545,C0231,2026-03-26,Windsor,Home,Online,Completed,291.0,62,5,20,826
T001546,C0591,2026-03-26,Ottawa,Electronics,Mobile App,Completed,74.42,20,11,9,568
T001547,C0688,2026-03-26,Vancouver,Home,Mobile App,Completed,142.51,74,10,19,1748
T001548,C0850,2026-03-26,Vancouver,Travel,Mobile App,Completed,19.01,67,11,13,961
T001549,C0494,2026-03-26,Ottawa,Electronics,Mobile App,Completed,63.03,28,10,11,493
T001550,C0005,2026-03-26,Vancouver,Electronics,Online,Completed,41.4,46,9,4,521
T001551,C0281,2026-03-26,Ottawa,Dining,In-Store,Completed,697.04,29,12,0,370
T001552,C0854,2026-03-26,Vancouver,Groceries,In-Store,Completed,48.22,53,5,6,516
T001553,C0534,2026-03-26,Windsor,Clothing,Mobile App,Completed,90.46,38,5,5,2825
T001554,C0620,2026-03-26,Mississauga,Clothing,In-Store,Completed,94.66,46,9,13,121
T001555,C0458,2026-03-26,Mississauga,Clothing,Mobile App,Completed,22.01,73,5,17,2862
T001556,C0163,2026-03-26,Ottawa,Travel,Mobile App,Completed,54.35,53,6,16,2241
T001557,C0897,2026-03-26,Toronto,Dining,Mobile App,Completed,119.91,68,12,19,870
T001558,C0773,2026-03-26,Windsor,Clothing,Mobile App,Failed,91.42,54,5,11,927
T001559,C0996,2026-03-26,Calgary,Home,Mobile App,Completed,12.03,45,15,5,302
T001560,C0856,2026-03-26,Toronto,Groceries,Online,Completed,52.49,18,10,8,1844
T001561,C0292,2026-03-26,Ottawa,Dining,In-Store,Completed,202.42,23,8,8,249
T001562,C0255,2026-03-26,Ottawa,Home,In-Store,Completed,140.14,48,9,20,2092
T001563,C0249,2026-03-26,Mississauga,Home,Online,Completed,239.36,47,7,15,1389
T001564,C0919,2026-03-27,Toronto,Home,In-Store,Completed,36.78,47,13,19,2023
T001565,C0557,2026-03-27,Toronto,Electronics,In-Store,Completed,252.51,67,11,6,2862
T001566,C0455,2026-03-27,Windsor,Dining,In-Store,Completed,81.85,23,10,6,2794
T001567,C0969,2026-03-27,Toronto,Groceries,Online,Completed,328.99,56,12,20,596
T001568,C0604,2026-03-27,Toronto,Home,In-Store,Completed,85.24,61,8,17,2167
T001569,C0910,2026-03-27,Toronto,Travel,In-Store,Completed,14.91,55,12,1,1673
T001570,C0985,2026-03-27,Windsor,Electronics,Online,Completed,174.95,31,8,14,1859
T001571,C0080,2026-03-27,Calgary,Groceries,In-Store,Completed,58.3,41,7,0,260
T001572,C0362,2026-03-27,Ottawa,Clothing,Online,Failed,61.74,21,6,1,423
T001573,C0735,2026-03-27,Toronto,Clothing,Online,Completed,24.72,28,7,2,525
T001574,C0814,2026-03-27,Ottawa,Home,In-Store,Pending,337.48,64,8,1,93
T001575,C0149,2026-03-27,Toronto,Home,In-Store,Completed,54.58,53,6,11,322
T001576,C0319,2026-03-27,Mississauga,Clothing,Mobile App,Completed,324.22,68,15,0,2183
T001577,C0549,2026-03-27,Toronto,Clothing,Online,Completed,58.91,58,8,13,989
T001578,C0800,2026-03-27,Toronto,Clothing,In-Store,Completed,38.63,31,9,3,2606
T001579,C0113,2026-03-27,Toronto,Home,Mobile App,Completed,260.93,65,11,5,2354
T001580,C0601,2026-03-27,Mississauga,Dining,Online,Completed,79.86,57,9,2,1808
T001581,C0297,2026-03-27,Mississauga,Clothing,Mobile App,Completed,80.53,29,4,6,1121
T001582,C0217,2026-03-28,Mississauga,Clothing,Mobile App,Completed,28.6,18,4,2,2972
T001583,C0516,2026-03-28,Ottawa,Groceries,Mobile App,Completed,57.61,62,10,12,1908
T001584,C0415,2026-03-28,Vancouver,Clothing,Mobile App,Completed,122.37,59,8,9,2667
T001585,C0636,2026-03-28,Vancouver,Dining,Online,Completed,28.17,23,8,21,832
T001586,C0318,2026-03-28,Ottawa,Groceries,In-Store,Failed,53.75,44,3,17,2818
T001587,C0824,2026-03-28,Ottawa,Electronics,Mobile App,Completed,59.46,71,6,9,860
T001588,C0079,2026-03-28,Mississauga,Groceries,Online,Completed,89.94,63,9,10,2200
T001589,C0862,2026-03-28,Windsor,Home,In-Store,Completed,298.95,65,8,0,2991
T001590,C0030,2026-03-28,Mississauga,Clothing,Mobile App,Completed,65.87,40,7,13,2891
T001591,C0736,2026-03-28,Toronto,Groceries,Mobile App,Completed,47.26,25,10,13,1103
T001592,C0347,2026-03-28,Calgary,Travel,In-Store,Completed,877.49,38,13,8,1813
T001593,C0384,2026-03-28,Mississauga,Travel,Mobile App,Pending,58.82,57,6,7,2181
T001594,C0020,2026-03-28,Vancouver,Travel,Mobile App,Completed,72.28,66,3,15,1422
T001595,C0703,2026-03-28,Calgary,Travel,Online,Completed,62.71,55,8,15,1524
T001596,C0166,2026-03-28,Mississauga,Home,Online,Completed,67.18,20,10,7,165
T001597,C0660,2026-03-28,Calgary,Travel,Mobile App,Completed,90.81,52,7,18,280
T001598,C0726,2026-03-28,Mississauga,Travel,Online,Completed,185.92,28,4,7,2767
T001599,C0846,2026-03-28,Toronto,Travel,Online,Completed,119.83,53,13,10,257
T001600,C0709,2026-03-29,Toronto,Dining,In-Store,Completed,212.34,41,6,22,1202
T001601,C0302,2026-03-29,Toronto,Home,Mobile App,Completed,206.45,48,7,16,2312
T001602,C0739,2026-03-29,Calgary,Dining,Mobile App,Completed,101.49,52,7,10,318
T001603,C0826,2026-03-29,Mississauga,Clothing,Online,Completed,117.04,55,9,13,2614
T001604,C0318,2026-03-29,Windsor,Travel,In-Store,Failed,218.13,18,5,10,2145
T001605,C0125,2026-03-29,Mississauga,Clothing,Mobile App,Completed,33.05,74,8,4,1318
T001606,C0891,2026-03-29,Windsor,Clothing,Online,Completed,710.61,51,3,1,1019
T001607,C0148,2026-03-29,Calgary,Clothing,In-Store,Completed,54.98,47,6,19,305
T001608,C0594,2026-03-29,Calgary,Travel,In-Store,Completed,63.08,39,17,22,1645
T001609,C0237,2026-03-29,Toronto,Travel,Mobile App,Completed,30.34,24,10,21,2308
T001610,C0127,2026-03-29,Vancouver,Travel,Mobile App,Completed,31.12,54,4,8,2989
T001611,C0777,2026-03-29,Mississauga,Dining,Mobile App,Completed,194.53,39,4,9,836
T001612,C0144,2026-03-29,Toronto,Clothing,Online,Completed,585.41,70,11,16,1975
T001613,C0671,2026-03-29,Calgary,Home,In-Store,Completed,52.48,56,7,8,112
T001614,C0694,2026-03-29,Toronto,Clothing,Mobile App,Completed,114.19,43,10,16,104
T001615,C0061,2026-03-29,Windsor,Clothing,In-Store,Completed,102.49,19,8,11,593
T001616,C0173,2026-03-29,Toronto,Clothing,Mobile App,Completed,198.91,50,4,21,195
T001617,C0795,2026-03-29,Mississauga,Dining,In-Store,Completed,560.35,67,4,20,927
T001618,C0508,2026-03-29,Ottawa,Groceries,In-Store,Completed,309.66,44,14,21,1751
T001619,C0122,2026-03-30,Windsor,Dining,Online,Completed,69.39,55,7,19,514
T001620,C0992,2026-03-30,Toronto,Clothing,Mobile App,Completed,133.23,24,9,3,180
T001621,C0265,2026-03-30,Toronto,Clothing,Mobile App,Completed,144.97,41,7,18,1160
T001622,C0005,2026-03-30,Calgary,Travel,Mobile App,Completed,83.56,64,13,2,48
T001623,C0925,2026-03-30,Vancouver,Clothing,Online,Completed,33.49,42,8,17,1886
T001624,C0017,2026-03-30,Calgary,Groceries,Online,Completed,43.11,69,10,21,984
T001625,C0554,2026-03-30,Ottawa,Travel,Online,Completed,225.56,41,12,20,2332
T001626,C0994,2026-03-30,Ottawa,Clothing,Online,Completed,246.23,65,6,6,198
T001627,C0578,2026-03-30,Vancouver,Travel,Online,Completed,71.25,55,6,17,1051
T001628,C0585,2026-03-30,Ottawa,Clothing,Online,Failed,106.12,72,4,20,2575
T001629,C0389,2026-03-30,Mississauga,Dining,Mobile App,Completed,235.17,48,8,0,1092
T001630,C0127,2026-03-30,Windsor,Travel,Online,Completed,19.97,45,5,9,1137
T001631,C0573,2026-03-30,Mississauga,Travel,In-Store,Completed,58.16,38,6,4,125
T001632,C0898,2026-03-30,Toronto,Clothing,In-Store,Completed,472.41,55,13,8,1455
T001633,C0092,2026-03-30,Windsor,Electronics,In-Store,Completed,109.62,74,11,21,2126
T001634,C0881,2026-03-30,Vancouver,Electronics,Mobile App,Completed,32.55,27,10,4,2283
T001635,C0416,2026-03-30,Calgary,Dining,Online,Completed,93.91,72,9,16,498
T001636,C0537,2026-03-30,Toronto,Electronics,Mobile App,Completed,202.53,74,9,23,1013
T001637,C0166,2026-03-31,Toronto,Dining,Mobile App,Completed,9.76,62,3,20,242
T001638,C0622,2026-03-31,Toronto,Dining,Online,Completed,98.74,51,10,1,988
T001639,C0183,2026-03-31,Vancouver,Electronics,Mobile App,Pending,61.94,68,11,22,2727
T001640,C0274,2026-03-31,Windsor,Dining,In-Store,Failed,21.05,33,10,12,827
T001641,C0722,2026-03-31,Windsor,Travel,Mobile App,Completed,91.13,54,9,23,1510
T001642,C0051,2026-03-31,Toronto,Clothing,Online,Completed,75.69,64,10,17,2929
T001643,C0448,2026-03-31,Calgary,Electronics,Online,Completed,83.28,64,8,18,2850
T001644,C0595,2026-03-31,Mississauga,Home,In-Store,Completed,63.22,52,6,10,652
T001645,C0133,2026-03-31,Vancouver,Dining,Mobile App,Completed,35.68,40,13,3,1277
T001646,C0295,2026-03-31,Vancouver,Clothing,Online,Completed,24.68,73,8,7,2061
T001647,C0344,2026-03-31,Toronto,Groceries,Mobile App,Completed,47.26,57,6,12,2966
T001648,C0664,2026-03-31,Vancouver,Electronics,Mobile App,Completed,176.45,62,6,3,1945
T001649,C0977,2026-03-31,Ottawa,Dining,In-Store,Completed,103.62,54,14,0,2307
T001650,C0837,2026-03-31,Ottawa,Dining,Mobile App,Completed,80.15,68,6,4,1400
T001651,C0190,2026-03-31,Windsor,Dining,Mobile App,Completed,35.12,45,5,18,418
T001652,C0019,2026-03-31,Calgary,Groceries,Online,Completed,61.86,49,9,22,2293
T001653,C0052,2026-03-31,Calgary,Dining,Mobile App,Completed,159.05,64,12,19,1209
T001654,C0596,2026-03-31,Mississauga,Clothing,Mobile App,Completed,130.54,48,9,9,565
T001655,C0157,2026-03-31,Toronto,Clothing,Online,Completed,56.66,32,8,12,1519
T001656,C0232,2026-04-01,Calgary,Electronics,In-Store,Completed,9.23,61,8,0,265
T001657,C0848,2026-04-01,Calgary,Dining,In-Store,Completed,47.9,39,7,12,2059
T001658,C0874,2026-04-01,Ottawa,Travel,Mobile App,Completed,56.39,24,6,9,1927
T001659,C0840,2026-04-01,Ottawa,Travel,Mobile App,Completed,39.32,39,7,9,1352
T001660,C0254,2026-04-01,Windsor,Clothing,In-Store,Failed,59.83,21,10,14,804
T001661,C0620,2026-04-01,Toronto,Dining,Online,Completed,170.16,68,7,10,1443
T001662,C0611,2026-04-01,Calgary,Clothing,Online,Completed,82.35,75,7,14,2627
T001663,C0186,2026-04-01,Mississauga,Home,Online,Completed,197.14,33,7,20,886
T001664,C0554,2026-04-01,Windsor,Electronics,In-Store,Completed,23.58,71,8,2,1725
T001665,C0526,2026-04-01,Vancouver,Clothing,Mobile App,Completed,65.58,59,9,21,1661
T001666,C0397,2026-04-01,Toronto,Electronics,Online,Completed,16.35,73,3,6,577
T001667,C0752,2026-04-01,Toronto,Dining,Mobile App,Completed,59.15,27,5,17,1613
T001668,C0678,2026-04-01,Windsor,Travel,In-Store,Pending,34.95,21,3,17,875
T001669,C0533,2026-04-01,Mississauga,Travel,Online,Completed,252.58,71,10,23,2535
T001670,C0726,2026-04-01,Mississauga,Travel,Online,Completed,120.41,33,12,23,1803
T001671,C0764,2026-04-01,Windsor,Electronics,Online,Completed,201.39,52,12,4,1698
T001672,C0567,2026-04-01,Mississauga,Groceries,Mobile App,Completed,59.01,70,6,12,2797
T001673,C0268,2026-04-01,Mississauga,Home,Online,Completed,35.73,37,4,21,1155
T001674,C0759,2026-04-02,Ottawa,Home,Mobile App,Completed,34.77,23,2,2,1164
T001675,C0718,2026-04-02,Ottawa,Home,In-Store,Completed,106.51,63,4,15,738
T001676,C0984,2026-04-02,Calgary,Travel,Online,Completed,395.95,44,8,20,207
T001677,C0150,2026-04-02,Vancouver,Home,Online,Completed,120.68,19,8,11,2443
T001678,C0420,2026-04-02,Windsor,Dining,In-Store,Pending,61.81,37,10,10,2078
T001679,C0925,2026-04-02,Calgary,Groceries,In-Store,Completed,72.4,48,9,9,2047
T001680,C0515,2026-04-02,Ottawa,Electronics,Mobile App,Completed,82.77,69,4,17,1682
T001681,C0943,2026-04-02,Windsor,Electronics,In-Store,Completed,475.94,31,7,3,1972
T001682,C0013,2026-04-02,Mississauga,Dining,Online,Completed,242.55,48,11,5,2269
T001683,C0036,2026-04-02,Vancouver,Home,Online,Completed,106.02,28,19,2,266
T001684,C0797,2026-04-02,Vancouver,Electronics,In-Store,Failed,93.31,34,6,20,1519
T001685,C0359,2026-04-02,Mississauga,Travel,In-Store,Completed,109.63,33,7,18,2540
T001686,C0521,2026-04-02,Toronto,Electronics,Mobile App,Completed,129.38,48,10,6,1214
T001687,C0429,2026-04-02,Windsor,Travel,Mobile App,Completed,59.83,56,8,14,1699
T001688,C0408,2026-04-02,Toronto,Travel,In-Store,Completed,41.48,24,11,16,1307
T001689,C0940,2026-04-02,Vancouver,Groceries,In-Store,Completed,204.39,22,7,4,2548
T001690,C0095,2026-04-02,Ottawa,Dining,Mobile App,Completed,86.6,60,8,9,2441
T001691,C0773,2026-04-02,Mississauga,Groceries,Online,Completed,190.39,35,10,8,2386
T001692,C0890,2026-04-03,Vancouver,Home,In-Store,Completed,344.43,53,6,8,1187
T001693,C0658,2026-04-03,Vancouver,Clothing,Online,Completed,132.31,22,6,15,2863
T001694,C0396,2026-04-03,Vancouver,Home,In-Store,Completed,115.29,52,13,4,1408
T001695,C0161,2026-04-03,Toronto,Home,Mobile App,Completed,1290.59,70,9,5,2225
T001696,C0683,2026-04-03,Ottawa,Electronics,Online,Completed,101.35,43,8,20,773
T001697,C0469,2026-04-03,Calgary,Clothing,Online,Completed,33.64,51,8,4,569
T001698,C0150,2026-04-03,Vancouver,Groceries,Online,Completed,66.93,35,6,10,72
T001699,C0360,2026-04-03,Windsor,Home,Online,Completed,317.85,34,6,17,859
T001700,C0962,2026-04-03,Mississauga,Clothing,Online,Completed,28.29,21,8,9,658
T001701,C0266,2026-04-03,Calgary,Clothing,Mobile App,Completed,44.84,45,8,11,2891
T001702,C0179,2026-04-03,Toronto,Home,Mobile App,Completed,217.7,72,7,2,2427
T001703,C0682,2026-04-03,Ottawa,Home,In-Store,Completed,67.48,24,7,10,2962
T001704,C0200,2026-04-03,Toronto,Home,Mobile App,Completed,77.4,42,8,3,2748
T001705,C0920,2026-04-03,Calgary,Groceries,Mobile App,Completed,211.67,66,8,3,1726
T001706,C0859,2026-04-03,Toronto,Groceries,Mobile App,Completed,46.22,46,10,8,2232
T001707,C0984,2026-04-03,Toronto,Home,Mobile App,Completed,24.39,62,4,15,662
T001708,C0913,2026-04-03,Windsor,Electronics,Online,Completed,26.1,39,4,1,1328
T001709,C0244,2026-04-03,Windsor,Dining,In-Store,Completed,139.37,52,7,2,2481
T001710,C0213,2026-04-03,Mississauga,Groceries,In-Store,Completed,105.94,75,12,14,2049
T001711,C0343,2026-04-04,Windsor,Travel,In-Store,Completed,47.18,52,8,14,2875
T001712,C0470,2026-04-04,Mississauga,Clothing,Mobile App,Completed,31.74,64,9,4,397
T001713,C0880,2026-04-04,Ottawa,Home,Online,Completed,67.54,58,10,1,1415
T001714,C0734,2026-04-04,Ottawa,Travel,Mobile App,Completed,219.57,23,15,17,303
T001715,C0645,2026-04-04,Calgary,Travel,Mobile App,Completed,41.77,27,4,23,505
T001716,C0879,2026-04-04,Mississauga,Travel,Online,Completed,48.39,53,10,15,587
T001717,C0646,2026-04-04,Ottawa,Dining,In-Store,Completed,30.9,38,10,5,2196
T001718,C0380,2026-04-04,Vancouver,Travel,Mobile App,Completed,62.2,46,10,11,1823
T001719,C0414,2026-04-04,Windsor,Home,Online,Completed,113.3,46,12,20,1456
T001720,C0518,2026-04-04,Vancouver,Electronics,Online,Failed,513.14,64,7,4,1278
T001721,C0089,2026-04-04,Calgary,Dining,Mobile App,Completed,102.29,75,10,1,2512
T001722,C0742,2026-04-04,Windsor,Travel,Online,Completed,81.21,75,7,18,573
T001723,C0653,2026-04-04,Windsor,Travel,Mobile App,Completed,177.0,22,12,15,1165
T001724,C0732,2026-04-04,Mississauga,Groceries,Mobile App,Completed,153.61,61,8,23,1650
T001725,C0534,2026-04-04,Windsor,Electronics,In-Store,Completed,52.02,60,4,11,1204
T001726,C0783,2026-04-04,Ottawa,Travel,In-Store,Completed,601.49,68,12,17,2737
T001727,C0950,2026-04-04,Calgary,Clothing,In-Store,Completed,83.26,42,11,10,1195
T001728,C0570,2026-04-04,Ottawa,Clothing,In-Store,Completed,103.91,47,9,17,1667
T001729,C0445,2026-04-05,Toronto,Home,In-Store,Completed,135.82,44,7,16,1788
T001730,C0105,2026-04-05,Windsor,Clothing,In-Store,Completed,114.05,39,3,4,1567
T001731,C0779,2026-04-05,Vancouver,Travel,Mobile App,Completed,310.83,32,10,20,610
T001732,C0904,2026-04-05,Windsor,Electronics,Mobile App,Completed,51.48,55,6,9,1084
T001733,C0700,2026-04-05,Ottawa,Dining,Mobile App,Failed,165.43,18,4,11,2975
T001734,C0866,2026-04-05,Vancouver,Clothing,Online,Completed,97.76,61,9,1,66
T001735,C0862,2026-04-05,Windsor,Dining,Online,Completed,195.97,66,12,6,2513
T001736,C0799,2026-04-05,Ottawa,Clothing,Mobile App,Pending,70.8,31,6,1,760
T001737,C0503,2026-04-05,Mississauga,Groceries,In-Store,Completed,63.1,30,4,22,1857
T001738,C0100,2026-04-05,Toronto,Groceries,In-Store,Completed,158.37,47,8,10,1010
T001739,C0004,2026-04-05,Mississauga,Electronics,Online,Completed,115.23,67,6,3,502
T001740,C0205,2026-04-05,Mississauga,Electronics,Online,Completed,42.33,24,11,6,1379
T001741,C0432,2026-04-05,Toronto,Travel,Online,Completed,266.78,43,5,15,1359
T001742,C0744,2026-04-05,Calgary,Travel,In-Store,Completed,158.43,30,10,15,2768
T001743,C0456,2026-04-05,Ottawa,Travel,In-Store,Failed,79.8,67,8,14,570
T001744,C0024,2026-04-05,Toronto,Electronics,In-Store,Completed,57.09,69,9,22,922
T001745,C0211,2026-04-05,Calgary,Travel,Online,Completed,115.83,22,4,23,2529
T001746,C0980,2026-04-05,Calgary,Groceries,Online,Pending,149.02,26,6,10,959
T001747,C0989,2026-04-06,Toronto,Dining,Mobile App,Completed,21.93,27,4,16,81
T001748,C0378,2026-04-06,Toronto,Groceries,In-Store,Completed,3383.01,65,15,3,983
T001749,C0805,2026-04-06,Mississauga,Groceries,Online,Completed,148.02,70,7,1,1384
T001750,C0720,2026-04-06,Ottawa,Groceries,In-Store,Completed,11.51,39,4,4,666
T001751,C0932,2026-04-06,Vancouver,Groceries,In-Store,Completed,100.43,27,6,9,514
T001752,C0888,2026-04-06,Mississauga,Dining,In-Store,Completed,153.4,56,8,10,1315
T001753,C0629,2026-04-06,Ottawa,Travel,Online,Completed,139.27,69,9,23,126
T001754,C0395,2026-04-06,Toronto,Travel,Mobile App,Completed,168.13,70,7,11,2250
T001755,C0627,2026-04-06,Ottawa,Dining,Online,Completed,64.34,43,8,11,1205
T001756,C0320,2026-04-06,Calgary,Electronics,Mobile App,Completed,35.12,63,11,13,2212
T001757,C0349,2026-04-06,Ottawa,Groceries,In-Store,Failed,18.41,73,5,2,1492
T001758,C0609,2026-04-06,Mississauga,Clothing,In-Store,Completed,215.09,65,8,21,41
T001759,C0572,2026-04-06,Windsor,Home,In-Store,Completed,154.51,45,6,6,2957
T001760,C0581,2026-04-06,Calgary,Electronics,In-Store,Completed,229.49,33,6,21,2312
T001761,C0385,2026-04-06,Toronto,Electronics,In-Store,Completed,45.89,39,8,17,242
T001762,C0410,2026-04-06,Windsor,Electronics,In-Store,Completed,168.33,38,6,15,1197
T001763,C0011,2026-04-06,Toronto,Electronics,Online,Completed,23.7,75,10,21,1971
T001764,C0602,2026-04-06,Calgary,Electronics,In-Store,Completed,40.59,60,6,3,87
T001765,C0576,2026-04-06,Mississauga,Dining,Online,Pending,94.61,67,7,17,620
T001766,C0936,2026-04-07,Calgary,Clothing,Online,Completed,149.36,63,8,4,2973
T001767,C0505,2026-04-07,Ottawa,Clothing,Mobile App,Completed,354.18,45,9,23,2191
T001768,C0468,2026-04-07,Ottawa,Home,Online,Completed,69.31,63,9,7,2625
T001769,C0068,2026-04-07,Ottawa,Dining,In-Store,Completed,40.72,55,8,8,2697
T001770,C0197,2026-04-07,Windsor,Dining,Online,Completed,38.98,60,5,17,1092
T001771,C0339,2026-04-07,Ottawa,Dining,In-Store,Completed,47.37,35,5,9,2426
T001772,C0378,2026-04-07,Vancouver,Groceries,In-Store,Completed,561.45,31,15,20,2055
T001773,C0363,2026-04-07,Calgary,Dining,Online,Completed,161.74,28,10,9,1862
T001774,C0395,2026-04-07,Ottawa,Electronics,Mobile App,Completed,218.83,34,7,15,1924
T001775,C0769,2026-04-07,Calgary,Dining,Online,Completed,69.37,74,10,4,612
T001776,C0132,2026-04-07,Calgary,Groceries,In-Store,Completed,84.88,72,12,20,2956
T001777,C0333,2026-04-07,Ottawa,Clothing,In-Store,Completed,154.01,26,5,0,489
T001778,C0163,2026-04-07,Mississauga,Home,In-Store,Completed,55.3,50,7,5,569
T001779,C0308,2026-04-07,Toronto,Home,In-Store,Completed,66.36,72,9,18,2680
T001780,C0685,2026-04-07,Windsor,Groceries,In-Store,Pending,47.9,61,7,16,662
T001781,C0047,2026-04-07,Calgary,Groceries,Online,Completed,58.11,53,4,4,234
T001782,C0340,2026-04-07,Toronto,Home,Mobile App,Completed,88.61,52,7,6,2020
T001783,C0024,2026-04-07,Mississauga,Home,Online,Completed,42.28,36,5,6,952
T001784,C0955,2026-04-08,Vancouver,Travel,In-Store,Completed,108.39,71,11,15,253
T001785,C0728,2026-04-08,Windsor,Electronics,In-Store,Completed,108.26,22,6,8,590
T001786,C0244,2026-04-08,Calgary,Travel,In-Store,Completed,72.99,68,13,0,2468
T001787,C0199,2026-04-08,Ottawa,Travel,Online,Completed,42.07,68,9,9,478
T001788,C0099,2026-04-08,Toronto,Home,Mobile App,Completed,92.93,33,4,14,665
T001789,C0473,2026-04-08,Windsor,Travel,In-Store,Completed,55.34,47,4,9,1964
T001790,C0754,2026-04-08,Vancouver,Groceries,Online,Completed,88.43,69,9,21,2308
T001791,C0585,2026-04-08,Calgary,Clothing,Online,Completed,216.17,45,12,15,1691
T001792,C0882,2026-04-08,Calgary,Clothing,In-Store,Completed,29.3,35,6,6,486
T001793,C0344,2026-04-08,Calgary,Electronics,In-Store,Completed,539.22,22,5,15,919
T001794,C0279,2026-04-08,Toronto,Groceries,In-Store,Completed,79.92,43,5,20,2228
T001795,C0479,2026-04-08,Vancouver,Groceries,Mobile App,Completed,120.63,34,9,23,1410
T001796,C0203,2026-04-08,Toronto,Home,Mobile App,Completed,44.83,67,10,1,268
T001797,C0976,2026-04-08,Toronto,Dining,Mobile App,Completed,224.42,67,8,6,2637
T001798,C0186,2026-04-08,Vancouver,Travel,Mobile App,Completed,76.39,36,12,15,339
T001799,C0479,2026-04-08,Mississauga,Home,Mobile App,Completed,60.8,30,9,0,2062
T001800,C0523,2026-04-08,Ottawa,Groceries,Mobile App,Completed,52.12,34,10,10,174
T001801,C0058,2026-04-08,Calgary,Electronics,In-Store,Completed,67.66,41,10,14,1259
T001802,C0469,2026-04-08,Toronto,Clothing,In-Store,Completed,121.3,56,9,0,1988
T001803,C0455,2026-04-09,Ottawa,Travel,In-Store,Completed,98.45,26,12,2,528
T001804,C0260,2026-04-09,Calgary,Groceries,Online,Completed,82.17,75,11,15,521
T001805,C0128,2026-04-09,Mississauga,Clothing,Mobile App,Completed,46.43,58,5,11,1974
T001806,C0046,2026-04-09,Ottawa,Groceries,In-Store,Completed,44.21,25,7,3,1109
T001807,C0009,2026-04-09,Mississauga,Clothing,In-Store,Completed,57.45,36,7,0,849
T001808,C0482,2026-04-09,Calgary,Clothing,Mobile App,Completed,125.7,58,6,11,2669
T001809,C0090,2026-04-09,Toronto,Clothing,Mobile App,Completed,149.24,47,5,22,909
T001810,C0960,2026-04-09,Calgary,Dining,Mobile App,Completed,167.36,48,5,5,972
T001811,C0245,2026-04-09,Vancouver,Electronics,Mobile App,Failed,84.89,20,12,10,2404
T001812,C0653,2026-04-09,Vancouver,Home,Mobile App,Completed,117.76,41,9,2,518
T001813,C0674,2026-04-09,Mississauga,Travel,Online,Pending,73.66,53,6,9,1362
T001814,C0496,2026-04-09,Ottawa,Travel,Online,Failed,19.33,61,9,2,2018
T001815,C0884,2026-04-09,Mississauga,Groceries,Online,Completed,70.75,43,6,5,237
T001816,C0111,2026-04-09,Windsor,Travel,Mobile App,Completed,61.78,50,8,15,501
T001817,C0235,2026-04-09,Calgary,Travel,Mobile App,Completed,35.14,30,11,11,2756
T001818,C0253,2026-04-09,Ottawa,Electronics,Mobile App,Completed,52.48,64,8,4,2195
T001819,C0136,2026-04-09,Vancouver,Clothing,Mobile App,Completed,95.34,58,12,3,1017
T001820,C0295,2026-04-09,Toronto,Groceries,Mobile App,Completed,32.44,61,8,7,1352
T001821,C0313,2026-04-10,Vancouver,Clothing,Mobile App,Completed,46.45,56,12,19,1141
T001822,C0765,2026-04-10,Ottawa,Home,Mobile App,Completed,316.83,75,8,4,2804
T001823,C0302,2026-04-10,Calgary,Travel,Online,Completed,21.77,69,2,7,2236
T001824,C0877,2026-04-10,Toronto,Groceries,In-Store,Completed,72.74,65,11,3,719
T001825,C0773,2026-04-10,Ottawa,Travel,In-Store,Completed,31.54,37,7,14,287
T001826,C0902,2026-04-10,Ottawa,Travel,In-Store,Completed,44.87,21,7,0,1474
T001827,C0106,2026-04-10,Ottawa,Travel,In-Store,Completed,71.85,18,12,4,2420
T001828,C0985,2026-04-10,Toronto,Electronics,Online,Completed,36.72,63,2,11,2558
T001829,C0614,2026-04-10,Mississauga,Travel,Online,Completed,138.45,70,6,15,334
T001830,C0983,2026-04-10,Windsor,Electronics,Online,Completed,268.04,55,6,18,1957
T001831,C0355,2026-04-10,Ottawa,Travel,Online,Completed,173.83,59,7,17,1395
T001832,C0953,2026-04-10,Windsor,Travel,Mobile App,Completed,203.07,23,6,1,638
T001833,C0589,2026-04-10,Mississauga,Travel,In-Store,Completed,26.31,50,8,14,1635
T001834,C0072,2026-04-10,Ottawa,Clothing,Mobile App,Completed,69.13,53,15,4,240
T001835,C0411,2026-04-10,Toronto,Home,Mobile App,Completed,126.46,27,9,14,197
T001836,C0138,2026-04-10,Vancouver,Clothing,Mobile App,Completed,178.25,61,7,21,1696
T001837,C0942,2026-04-10,Vancouver,Clothing,Online,Completed,377.29,37,12,0,529
T001838,C0305,2026-04-10,Toronto,Home,In-Store,Pending,210.89,29,6,21,1719
T001839,C0223,2026-04-11,Toronto,Electronics,Online,Completed,182.12,58,15,22,2936
T001840,C0553,2026-04-11,Calgary,Electronics,Online,Completed,797.28,43,4,23,667
T001841,C0426,2026-04-11,Windsor,Travel,Online,Pending,92.25,49,10,0,2169
T001842,C0097,2026-04-11,Calgary,Dining,Online,Completed,66.48,49,9,15,2378
T001843,C0817,2026-04-11,Mississauga,Clothing,Online,Completed,98.83,54,8,6,411
T001844,C0846,2026-04-11,Mississauga,Groceries,Mobile App,Completed,39.05,41,7,0,731
T001845,C0743,2026-04-11,Windsor,Groceries,In-Store,Completed,90.03,65,12,1,664
T001846,C0617,2026-04-11,Ottawa,Clothing,In-Store,Completed,19.59,68,9,3,2917
T001847,C0403,2026-04-11,Toronto,Clothing,In-Store,Completed,54.19,46,4,9,1773
T001848,C0543,2026-04-11,Mississauga,Electronics,Mobile App,Completed,77.06,27,11,5,2143
T001849,C0521,2026-04-11,Mississauga,Electronics,Online,Completed,190.54,34,10,1,383
T001850,C0166,2026-04-11,Toronto,Travel,In-Store,Completed,218.56,62,10,8,1828
T001851,C0082,2026-04-11,Mississauga,Dining,Online,Completed,37.47,32,5,11,1688
T001852,C0254,2026-04-11,Ottawa,Electronics,In-Store,Completed,496.35,63,7,8,1975
T001853,C0455,2026-04-11,Vancouver,Travel,In-Store,Completed,96.43,56,13,15,1357
T001854,C0161,2026-04-11,Toronto,Clothing,Mobile App,Pending,104.24,43,6,4,49
T001855,C0107,2026-04-11,Calgary,Clothing,In-Store,Completed,21.49,25,5,7,2005
T001856,C0852,2026-04-11,Calgary,Clothing,Online,Completed,50.18,49,8,4,1101
T001857,C0375,2026-04-11,Vancouver,Travel,In-Store,Completed,207.47,58,12,5,808
T001858,C0585,2026-04-12,Calgary,Home,Mobile App,Completed,98.2,26,9,22,2604
T001859,C0525,2026-04-12,Mississauga,Electronics,In-Store,Completed,93.16,65,7,15,542
T001860,C0736,2026-04-12,Vancouver,Groceries,In-Store,Completed,103.1,29,12,2,2767
T001861,C0740,2026-04-12,Vancouver,Groceries,Online,Failed,24.93,41,6,4,1491
T001862,C0297,2026-04-12,Ottawa,Home,Online,Failed,78.3,48,2,0,598
T001863,C0848,2026-04-12,Windsor,Travel,Online,Completed,281.39,60,9,20,2538
T001864,C0372,2026-04-12,Ottawa,Electronics,Online,Completed,214.08,31,5,0,2698
T001865,C0836,2026-04-12,Calgary,Home,In-Store,Completed,76.42,37,11,1,2841
T001866,C0405,2026-04-12,Calgary,Electronics,Mobile App,Completed,321.11,64,5,13,1138
T001867,C0111,2026-04-12,Mississauga,Travel,In-Store,Completed,29.15,37,5,11,2775
T001868,C0761,2026-04-12,Windsor,Electronics,In-Store,Completed,37.21,53,12,5,2096
T001869,C0031,2026-04-12,Vancouver,Groceries,Mobile App,Completed,414.36,41,2,11,1201
T001870,C0773,2026-04-12,Toronto,Electronics,Mobile App,Completed,138.92,21,6,11,2629
T001871,C0044,2026-04-12,Toronto,Electronics,In-Store,Completed,66.49,47,11,3,1558
T001872,C0207,2026-04-12,Ottawa,Travel,Mobile App,Completed,81.1,38,6,11,690
T001873,C0604,2026-04-12,Calgary,Groceries,Online,Completed,42.82,33,3,19,2256
T001874,C0942,2026-04-12,Windsor,Electronics,In-Store,Completed,107.53,67,7,21,433
T001875,C0409,2026-04-12,Mississauga,Travel,In-Store,Completed,100.53,62,14,14,900
T001876,C0121,2026-04-13,Windsor,Dining,Mobile App,Completed,86.45,34,9,3,1433
T001877,C0233,2026-04-13,Mississauga,Travel,In-Store,Completed,31.72,48,2,18,1811
T001878,C0897,2026-04-13,Toronto,Travel,Mobile App,Completed,106.45,59,10,7,1879
T001879,C0727,2026-04-13,Ottawa,Home,Online,Completed,54.19,21,10,3,2468
T001880,C0101,2026-04-13,Ottawa,Home,Online,Completed,36.77,23,16,16,1716
T001881,C0385,2026-04-13,Windsor,Electronics,Mobile App,Completed,249.48,49,3,4,1540
T001882,C0265,2026-04-13,Windsor,Clothing,Mobile App,Completed,537.49,71,5,12,2049
T001883,C0178,2026-04-13,Vancouver,Travel,Mobile App,Completed,443.14,71,11,12,1555
T001884,C0847,2026-04-13,Windsor,Travel,Online,Pending,147.71,44,5,14,2758
T001885,C0618,2026-04-13,Toronto,Clothing,Online,Completed,67.82,58,9,8,1195
T001886,C0180,2026-04-13,Toronto,Groceries,Online,Completed,80.07,46,6,11,370
T001887,C0651,2026-04-13,Calgary,Dining,In-Store,Failed,119.99,70,12,2,1862
T001888,C0414,2026-04-13,Mississauga,Clothing,In-Store,Completed,59.47,51,13,19,2891
T001889,C0062,2026-04-13,Toronto,Home,Mobile App,Completed,260.77,69,8,16,626
T001890,C0450,2026-04-13,Calgary,Groceries,Mobile App,Completed,15.06,39,15,2,507
T001891,C0186,2026-04-13,Toronto,Dining,Mobile App,Completed,66.11,72,6,19,1286
T001892,C0246,2026-04-13,Mississauga,Electronics,Online,Completed,167.93,60,12,22,2799
T001893,C0879,2026-04-13,Toronto,Electronics,Online,Completed,41.44,62,10,18,852
T001894,C0711,2026-04-13,Vancouver,Groceries,In-Store,Completed,69.31,18,9,4,2282
T001895,C0135,2026-04-14,Vancouver,Travel,In-Store,Completed,140.79,64,16,16,830
T001896,C0852,2026-04-14,Vancouver,Clothing,Mobile App,Completed,308.95,27,9,4,2439
T001897,C0575,2026-04-14,Windsor,Travel,Online,Completed,28.3,72,8,19,791
T001898,C0875,2026-04-14,Windsor,Dining,Online,Completed,26.57,28,9,5,2627
T001899,C0748,2026-04-14,Calgary,Clothing,Online,Completed,38.04,65,13,22,1512
T001900,C0340,2026-04-14,Vancouver,Travel,Mobile App,Failed,23.01,54,9,17,364
T001901,C0535,2026-04-14,Toronto,Home,Mobile App,Completed,24.44,40,10,19,2824
T001902,C0531,2026-04-14,Vancouver,Dining,Mobile App,Completed,37.18,69,10,14,2001
T001903,C0720,2026-04-14,Vancouver,Electronics,In-Store,Completed,242.53,40,7,2,45
T001904,C0249,2026-04-14,Ottawa,Dining,Online,Completed,65.2,21,10,2,1057
T001905,C0334,2026-04-14,Ottawa,Travel,Mobile App,Completed,87.3,22,10,19,2676
T001906,C0245,2026-04-14,Toronto,Dining,Online,Completed,37.73,67,7,20,1159
T001907,C0297,2026-04-14,Toronto,Clothing,Online,Completed,145.64,40,9,9,2864
T001908,C0162,2026-04-14,Toronto,Groceries,Mobile App,Completed,418.66,65,4,23,1592
T001909,C0037,2026-04-14,Toronto,Travel,In-Store,Completed,39.97,19,7,6,386
T001910,C0941,2026-04-14,Calgary,Dining,Online,Completed,368.22,22,10,11,1808
T001911,C0075,2026-04-14,Ottawa,Electronics,In-Store,Pending,115.86,75,8,10,219
T001912,C0888,2026-04-14,Vancouver,Travel,Online,Completed,86.23,26,4,0,2116
T001913,C0004,2026-04-15,Windsor,Clothing,Online,Pending,119.43,57,9,6,274
T001914,C0778,2026-04-15,Calgary,Travel,Mobile App,Completed,118.46,38,9,12,1843
T001915,C0329,2026-04-15,Windsor,Groceries,Online,Failed,412.07,47,12,0,508
T001916,C0518,2026-04-15,Calgary,Groceries,Mobile App,Completed,132.27,24,5,13,703
T001917,C0283,2026-04-15,Toronto,Dining,In-Store,Completed,134.64,33,12,12,620
T001918,C0491,2026-04-15,Toronto,Clothing,In-Store,Completed,59.4,61,8,4,1105
T001919,C0452,2026-04-15,Toronto,Electronics,Mobile App,Failed,173.45,49,16,12,1826
T001920,C0530,2026-04-15,Vancouver,Electronics,In-Store,Completed,37.69,47,6,0,2588
T001921,C0394,2026-04-15,Windsor,Home,Online,Completed,93.25,72,5,15,1951
T001922,C0537,2026-04-15,Mississauga,Groceries,Mobile App,Completed,985.79,41,11,11,2150
T001923,C0826,2026-04-15,Mississauga,Groceries,In-Store,Completed,10.12,64,8,8,2564
T001924,C0435,2026-04-15,Vancouver,Groceries,In-Store,Completed,103.63,60,9,4,1395
T001925,C0362,2026-04-15,Mississauga,Home,In-Store,Completed,107.08,44,11,20,320
T001926,C0132,2026-04-15,Toronto,Dining,In-Store,Completed,70.02,34,12,5,735
T001927,C0360,2026-04-15,Mississauga,Groceries,In-Store,Completed,71.44,38,2,13,2968
T001928,C0126,2026-04-15,Windsor,Electronics,Mobile App,Completed,91.87,68,9,8,2501
T001929,C0183,2026-04-15,Vancouver,Home,Online,Completed,68.61,35,9,20,2979
T001930,C0953,2026-04-15,Vancouver,Clothing,In-Store,Completed,102.65,55,7,21,771
T001931,C0090,2026-04-16,Toronto,Electronics,In-Store,Completed,56.16,25,8,19,474
T001932,C0483,2026-04-16,Vancouver,Electronics,In-Store,Completed,474.23,38,6,14,2715
T001933,C0835,2026-04-16,Toronto,Groceries,Online,Completed,68.61,72,11,23,2998
T001934,C0954,2026-04-16,Ottawa,Clothing,In-Store,Completed,137.94,49,9,13,1336
T001935,C0147,2026-04-16,Mississauga,Groceries,Online,Pending,48.13,65,7,15,2940
T001936,C0164,2026-04-16,Windsor,Electronics,In-Store,Completed,187.88,33,5,7,1997
T001937,C0373,2026-04-16,Mississauga,Dining,Mobile App,Pending,158.55,62,6,17,2540
T001938,C0555,2026-04-16,Windsor,Travel,In-Store,Failed,121.39,75,11,23,690
T001939,C0960,2026-04-16,Vancouver,Travel,Mobile App,Completed,35.5,71,6,13,1727
T001940,C0208,2026-04-16,Calgary,Clothing,In-Store,Completed,44.84,43,11,16,485
T001941,C0165,2026-04-16,Vancouver,Electronics,Online,Completed,356.34,57,10,6,2275
T001942,C0254,2026-04-16,Mississauga,Dining,In-Store,Completed,44.42,70,6,2,733
T001943,C0875,2026-04-16,Ottawa,Dining,Online,Completed,146.56,65,5,9,2567
T001944,C0031,2026-04-16,Mississauga,Groceries,Mobile App,Completed,38.08,74,7,1,1685
T001945,C0381,2026-04-16,Vancouver,Clothing,Mobile App,Completed,200.29,19,9,23,2066
T001946,C0119,2026-04-16,Ottawa,Travel,In-Store,Completed,47.43,49,7,14,2073
T001947,C0158,2026-04-16,Mississauga,Dining,Mobile App,Completed,37.49,63,11,17,2711
T001948,C0917,2026-04-16,Mississauga,Home,Online,Completed,46.39,60,5,6,1460
T001949,C0002,2026-04-16,Mississauga,Electronics,Online,Completed,53.09,26,5,14,1207
T001950,C0322,2026-04-17,Ottawa,Home,Online,Completed,119.9,51,6,2,2368
T001951,C0916,2026-04-17,Vancouver,Clothing,In-Store,Completed,90.16,27,9,22,1218
T001952,C0609,2026-04-17,Mississauga,Electronics,Online,Completed,33.51,23,9,17,480
T001953,C0072,2026-04-17,Vancouver,Clothing,In-Store,Completed,83.0,24,10,7,1906
T001954,C0466,2026-04-17,Vancouver,Clothing,Mobile App,Failed,32.16,73,10,20,2813
T001955,C0971,2026-04-17,Mississauga,Dining,In-Store,Completed,146.89,33,9,13,1925
T001956,C0401,2026-04-17,Calgary,Dining,In-Store,Completed,171.66,44,15,10,1811
T001957,C0529,2026-04-17,Windsor,Home,Online,Completed,83.29,32,9,12,820
T001958,C0532,2026-04-17,Calgary,Groceries,Online,Completed,107.08,69,7,7,1016
T001959,C0661,2026-04-17,Windsor,Groceries,Mobile App,Completed,376.89,69,8,9,1817
T001960,C0188,2026-04-17,Ottawa,Travel,Mobile App,Completed,74.34,56,5,3,1655
T001961,C0840,2026-04-17,Windsor,Home,Online,Completed,38.09,66,7,2,2831
T001962,C0989,2026-04-17,Mississauga,Travel,Online,Completed,139.07,24,8,16,1342
T001963,C0143,2026-04-17,Mississauga,Groceries,Mobile App,Completed,32.46,75,10,15,2039
T001964,C0819,2026-04-17,Vancouver,Travel,Online,Completed,71.07,42,10,0,2430
T001965,C0817,2026-04-17,Toronto,Electronics,In-Store,Completed,51.09,41,8,8,2010
T001966,C0742,2026-04-17,Calgary,Clothing,Mobile App,Completed,2011.21,29,5,16,880
T001967,C0371,2026-04-17,Calgary,Travel,Mobile App,Completed,68.72,68,7,3,2477
T001968,C0469,2026-04-18,Ottawa,Dining,In-Store,Completed,182.65,27,9,22,1883
T001969,C0840,2026-04-18,Ottawa,Travel,In-Store,Completed,217.56,67,6,7,1455
T001970,C0153,2026-04-18,Vancouver,Clothing,Mobile App,Completed,186.78,59,7,9,2199
T001971,C0829,2026-04-18,Windsor,Clothing,Mobile App,Completed,113.13,62,5,14,2496
T001972,C0921,2026-04-18,Vancouver,Dining,Mobile App,Completed,2797.1,19,5,17,2917
T001973,C0682,2026-04-18,Windsor,Travel,In-Store,Pending,11.46,60,11,8,2220
T001974,C0342,2026-04-18,Vancouver,Groceries,Mobile App,Completed,116.18,74,8,1,299
T001975,C0560,2026-04-18,Windsor,Dining,Mobile App,Completed,12.25,40,14,12,1801
T001976,C0051,2026-04-18,Vancouver,Dining,Online,Completed,16.57,44,6,8,1876
T001977,C0932,2026-04-18,Vancouver,Travel,Online,Completed,74.09,24,8,5,241
T001978,C0343,2026-04-18,Windsor,Home,Mobile App,Completed,106.44,46,6,10,1108
T001979,C0058,2026-04-18,Ottawa,Home,Online,Completed,57.93,57,8,3,290
T001980,C0795,2026-04-18,Mississauga,Dining,Mobile App,Pending,313.52,35,4,15,1196
T001981,C0658,2026-04-18,Windsor,Travel,In-Store,Completed,125.89,60,11,16,1344
T001982,C0623,2026-04-18,Ottawa,Groceries,Online,Completed,68.76,22,6,7,1294
T001983,C0055,2026-04-18,Calgary,Dining,In-Store,Completed,276.17,57,5,9,2291
T001984,C0751,2026-04-18,Toronto,Clothing,Mobile App,Completed,321.5,52,9,15,1029
T001985,C0638,2026-04-18,Calgary,Clothing,Mobile App,Completed,131.41,31,5,20,1131
T001986,C0794,2026-04-19,Calgary,Home,In-Store,Completed,43.98,37,13,17,1601
T001987,C0828,2026-04-19,Ottawa,Dining,Online,Completed,53.25,31,12,21,447
T001988,C0212,2026-04-19,Ottawa,Home,Mobile App,Completed,24.85,54,43,3,754
T001989,C0211,2026-04-19,Mississauga,Home,Mobile App,Pending,81.99,54,6,7,1905
T001990,C0924,2026-04-19,Toronto,Travel,In-Store,Completed,34.82,50,7,20,2554
T001991,C0532,2026-04-19,Ottawa,Groceries,In-Store,Pending,64.26,29,13,4,1995
T001992,C0438,2026-04-19,Vancouver,Dining,In-Store,Completed,106.08,30,13,16,2511
T001993,C0288,2026-04-19,Windsor,Clothing,Online,Completed,15.74,65,6,1,594
T001994,C0640,2026-04-19,Vancouver,Travel,Online,Completed,29.03,44,11,23,306
T001995,C0754,2026-04-19,Vancouver,Home,Online,Completed,55.25,43,9,7,2449
T001996,C0003,2026-04-19,Vancouver,Clothing,Mobile App,Completed,81.29,35,14,18,253
T001997,C0553,2026-04-19,Mississauga,Groceries,Online,Completed,55.86,71,9,19,2666
T001998,C0994,2026-04-19,Mississauga,Home,In-Store,Completed,67.54,31,6,18,1270
T001999,C0281,2026-04-19,Mississauga,Dining,In-Store,Completed,46.64,62,8,6,108
T002000,C0281,2026-04-19,Calgary,Clothing,Online,Completed,24.8,62,9,0,2015
T002001,C0879,2026-04-19,Calgary,Travel,Mobile App,Completed,53.95,32,8,23,2993
T002002,C0063,2026-04-19,Mississauga,Dining,Online,Completed,70.91,18,8,10,1816
T002003,C0398,2026-04-19,Calgary,Groceries,Mobile App,Completed,65.29,32,9,16,2423
T002004,C0459,2026-04-19,Ottawa,Groceries,Mobile App,Failed,93.47,33,9,7,645
T002005,C0798,2026-04-20,Mississauga,Travel,Mobile App,Completed,121.35,61,11,23,2782
T002006,C0130,2026-04-20,Toronto,Travel,Online,Completed,151.73,48,11,18,1665
T002007,C0435,2026-04-20,Ottawa,Travel,Mobile App,Completed,49.61,42,5,15,2287
T002008,C0153,2026-04-20,Ottawa,Groceries,In-Store,Pending,22.27,45,11,15,90
T002009,C0788,2026-04-20,Calgary,Travel,In-Store,Completed,250.51,73,11,1,1076
T002010,C0633,2026-04-20,Vancouver,Groceries,Mobile App,Completed,117.95,72,4,12,521
T002011,C0497,2026-04-20,Toronto,Groceries,In-Store,Failed,37.76,19,6,6,2770
T002012,C0393,2026-04-20,Ottawa,Dining,Online,Completed,107.63,66,12,8,860
T002013,C0154,2026-04-20,Vancouver,Travel,Online,Pending,210.7,38,9,13,1669
T002014,C0922,2026-04-20,Mississauga,Travel,In-Store,Completed,369.61,61,9,2,2200
T002015,C0648,2026-04-20,Mississauga,Home,In-Store,Completed,105.18,75,6,18,799
T002016,C0320,2026-04-20,Vancouver,Home,Online,Completed,209.22,47,3,7,2264
T002017,C0414,2026-04-20,Ottawa,Dining,Online,Failed,30.4,54,9,11,1982
T002018,C0727,2026-04-20,Vancouver,Clothing,Mobile App,Pending,82.45,42,8,14,394
T002019,C0720,2026-04-20,Mississauga,Groceries,In-Store,Completed,63.94,22,11,2,778
T002020,C0462,2026-04-20,Windsor,Home,Mobile App,Completed,113.73,20,10,7,530
T002021,C0303,2026-04-20,Ottawa,Dining,Online,Completed,334.34,38,12,5,659
T002022,C0660,2026-04-20,Calgary,Clothing,Online,Completed,105.12,65,8,2,612
T002023,C0659,2026-04-21,Ottawa,Home,Online,Completed,38.31,37,6,16,1836
T002024,C0600,2026-04-21,Vancouver,Clothing,In-Store,Completed,29.04,42,3,0,1725
T002025,C0073,2026-04-21,Toronto,Home,Mobile App,Completed,344.32,48,11,3,1483
T002026,C0473,2026-04-21,Calgary,Groceries,In-Store,Completed,131.55,36,6,21,283
T002027,C0614,2026-04-21,Windsor,Electronics,Online,Pending,124.4,46,9,15,2190
T002028,C0951,2026-04-21,Calgary,Travel,Mobile App,Completed,63.46,53,11,5,2369
T002029,C0526,2026-04-21,Mississauga,Travel,In-Store,Completed,106.73,67,12,18,2313
T002030,C0343,2026-04-21,Calgary,Groceries,In-Store,Completed,36.74,61,10,22,2040
T002031,C0556,2026-04-21,Calgary,Clothing,Online,Completed,118.13,65,7,9,1778
T002032,C0178,2026-04-21,Vancouver,Groceries,In-Store,Completed,31.31,48,9,0,2142
T002033,C0091,2026-04-21,Calgary,Home,In-Store,Completed,62.63,58,12,12,1146
T002034,C0679,2026-04-21,Ottawa,Groceries,Mobile App,Completed,49.21,26,6,10,904
T002035,C0987,2026-04-21,Calgary,Dining,Online,Completed,5.33,26,9,5,1725
T002036,C0847,2026-04-21,Windsor,Clothing,Online,Completed,63.3,71,7,11,1666
T002037,C0584,2026-04-21,Toronto,Travel,Mobile App,Completed,39.59,53,11,8,484
T002038,C0041,2026-04-21,Ottawa,Clothing,In-Store,Completed,71.08,24,4,9,936
T002039,C0988,2026-04-21,Vancouver,Clothing,Online,Completed,85.12,41,5,6,516
T002040,C0450,2026-04-21,Vancouver,Home,Online,Completed,381.99,74,9,2,1310
T002041,C0290,2026-04-21,Ottawa,Dining,In-Store,Completed,110.13,19,7,8,2333
T002042,C0893,2026-04-22,Ottawa,Home,In-Store,Completed,112.92,43,5,21,294
T002043,C0747,2026-04-22,Ottawa,Travel,Online,Pending,129.53,66,10,21,1857
T002044,C0750,2026-04-22,Calgary,Home,In-Store,Completed,178.34,72,3,22,612
T002045,C0278,2026-04-22,Calgary,Clothing,Mobile App,Completed,125.06,39,9,6,1717
T002046,C0992,2026-04-22,Toronto,Groceries,Mobile App,Completed,108.0,71,5,18,274
T002047,C0453,2026-04-22,Ottawa,Travel,In-Store,Completed,155.59,59,8,0,587
T002048,C0532,2026-04-22,Mississauga,Home,In-Store,Completed,10.81,41,7,2,1869
T002049,C0751,2026-04-22,Vancouver,Groceries,In-Store,Completed,501.87,63,6,19,2874
T002050,C0660,2026-04-22,Ottawa,Home,Online,Completed,328.3,64,11,6,2418
T002051,C0173,2026-04-22,Calgary,Groceries,Online,Completed,102.23,33,9,20,2983
T002052,C0303,2026-04-22,Mississauga,Home,Mobile App,Completed,25.57,23,7,7,2938
T002053,C0362,2026-04-22,Vancouver,Clothing,Online,Completed,237.8,63,4,15,1693
T002054,C0948,2026-04-22,Toronto,Groceries,Mobile App,Completed,47.13,22,8,22,2065
T002055,C0715,2026-04-22,Calgary,Clothing,Online,Pending,133.81,63,7,13,1308
T002056,C0367,2026-04-22,Toronto,Groceries,Mobile App,Completed,28.56,38,3,19,2580
T002057,C0735,2026-04-22,Mississauga,Travel,Mobile App,Completed,564.02,58,8,23,595
T002058,C0739,2026-04-22,Calgary,Home,Mobile App,Pending,24.95,53,3,10,1055
T002059,C0395,2026-04-22,Calgary,Electronics,Mobile App,Completed,90.13,20,7,11,2820
T002060,C0404,2026-04-23,Mississauga,Electronics,Online,Completed,14.0,18,3,12,2412
T002061,C0895,2026-04-23,Mississauga,Dining,In-Store,Completed,82.07,54,7,16,266
T002062,C0562,2026-04-23,Toronto,Dining,In-Store,Completed,59.21,47,8,19,701
T002063,C0150,2026-04-23,Calgary,Groceries,In-Store,Completed,223.47,20,3,5,2440
T002064,C0720,2026-04-23,Toronto,Dining,Online,Completed,59.21,74,9,1,1676
T002065,C0590,2026-04-23,Toronto,Electronics,Mobile App,Completed,223.74,31,7,10,2351
T002066,C0509,2026-04-23,Mississauga,Groceries,Online,Completed,35.59,67,11,9,1150
T002067,C0726,2026-04-23,Toronto,Electronics,Mobile App,Completed,66.89,24,6,13,2368
T002068,C0908,2026-04-23,Toronto,Groceries,Mobile App,Failed,68.04,31,11,1,2071
T002069,C0331,2026-04-23,Ottawa,Home,Online,Completed,129.53,48,9,3,1683
T002070,C0420,2026-04-23,Vancouver,Home,Mobile App,Completed,116.25,48,6,21,1771
T002071,C0190,2026-04-23,Windsor,Dining,In-Store,Completed,157.05,53,7,13,178
T002072,C0648,2026-04-23,Vancouver,Home,Online,Completed,106.64,27,9,10,2340
T002073,C0403,2026-04-23,Ottawa,Dining,Mobile App,Completed,1527.54,33,8,14,1846
T002074,C0343,2026-04-23,Windsor,Home,Online,Completed,39.63,33,8,4,716
T002075,C0697,2026-04-23,Vancouver,Electronics,Online,Completed,118.29,43,7,7,337
T002076,C0409,2026-04-23,Ottawa,Electronics,Mobile App,Failed,333.49,71,3,23,2682
T002077,C0465,2026-04-23,Vancouver,Clothing,Mobile App,Completed,20.38,44,6,5,1346
T002078,C0441,2026-04-24,Toronto,Electronics,Online,Failed,128.81,75,9,21,963
T002079,C0259,2026-04-24,Windsor,Clothing,Online,Completed,151.1,32,14,3,2624
T002080,C0126,2026-04-24,Windsor,Dining,Online,Completed,294.32,32,4,12,232
T002081,C0828,2026-04-24,Mississauga,Dining,Online,Pending,157.56,23,11,19,2633
T002082,C0092,2026-04-24,Calgary,Dining,Online,Completed,92.57,30,10,22,1203
T002083,C0325,2026-04-24,Vancouver,Clothing,In-Store,Completed,122.51,36,4,4,2373
T002084,C0668,2026-04-24,Ottawa,Groceries,Online,Completed,45.51,40,7,4,128
T002085,C0132,2026-04-24,Ottawa,Clothing,Online,Pending,61.12,59,13,9,2278
T002086,C0656,2026-04-24,Calgary,Clothing,Online,Completed,27.31,43,12,18,1980
T002087,C0734,2026-04-24,Mississauga,Clothing,Mobile App,Completed,300.85,57,16,2,2661
T002088,C0663,2026-04-24,Windsor,Home,Mobile App,Completed,124.62,23,11,18,589
T002089,C0306,2026-04-24,Toronto,Clothing,Mobile App,Completed,39.02,72,7,12,339
T002090,C0020,2026-04-24,Windsor,Travel,In-Store,Completed,107.05,26,5,14,2227
T002091,C0888,2026-04-24,Ottawa,Dining,In-Store,Completed,227.72,19,6,16,2013
T002092,C0327,2026-04-24,Mississauga,Dining,In-Store,Completed,197.66,42,11,9,2729
T002093,C0806,2026-04-24,Mississauga,Clothing,Mobile App,Completed,38.63,55,8,9,2351
T002094,C0198,2026-04-24,Mississauga,Dining,Mobile App,Completed,5.92,31,7,6,1781
T002095,C0163,2026-04-24,Calgary,Travel,Mobile App,Completed,118.95,27,5,1,2478
T002096,C0779,2026-04-24,Calgary,Groceries,In-Store,Completed,40.0,67,9,15,2003
T002097,C0940,2026-04-25,Toronto,Electronics,Mobile App,Completed,144.26,65,8,16,476
T002098,C0861,2026-04-25,Toronto,Electronics,Mobile App,Completed,190.64,61,12,7,1300
T002099,C0752,2026-04-25,Windsor,Dining,Mobile App,Completed,219.04,30,9,23,688
T002100,C0247,2026-04-25,Calgary,Travel,In-Store,Completed,374.53,49,10,3,292
T002101,C0914,2026-04-25,Mississauga,Clothing,In-Store,Completed,243.12,57,12,20,510
T002102,C0668,2026-04-25,Calgary,Dining,In-Store,Completed,376.07,43,7,20,1308
T002103,C0173,2026-04-25,Ottawa,Groceries,In-Store,Completed,274.47,28,8,1,1713
T002104,C0130,2026-04-25,Ottawa,Travel,In-Store,Completed,295.58,66,9,19,1248
T002105,C0872,2026-04-25,Windsor,Groceries,Online,Completed,82.1,72,6,3,2931
T002106,C0276,2026-04-25,Mississauga,Home,Mobile App,Completed,28.41,27,8,7,1176
T002107,C0766,2026-04-25,Toronto,Clothing,In-Store,Completed,701.05,58,6,16,1468
T002108,C0139,2026-04-25,Ottawa,Electronics,Mobile App,Completed,89.67,69,10,0,1885
T002109,C0281,2026-04-25,Windsor,Electronics,Online,Completed,241.54,49,6,5,706
T002110,C0284,2026-04-25,Windsor,Groceries,Mobile App,Completed,53.25,20,12,5,1551
T002111,C0282,2026-04-25,Toronto,Dining,Mobile App,Completed,192.86,58,7,1,698
T002112,C0675,2026-04-25,Vancouver,Groceries,Online,Completed,10.64,71,5,13,2730
T002113,C0915,2026-04-25,Calgary,Home,In-Store,Completed,59.97,33,5,15,1381
T002114,C0911,2026-04-25,Mississauga,Groceries,Mobile App,Completed,78.18,26,12,16,2278
T002115,C0742,2026-04-26,Ottawa,Travel,Mobile App,Completed,125.95,32,5,17,1365
T002116,C0203,2026-04-26,Calgary,Travel,Mobile App,Completed,211.43,65,8,9,2146
T002117,C0961,2026-04-26,Ottawa,Electronics,In-Store,Completed,33.54,50,9,9,407
T002118,C0543,2026-04-26,Ottawa,Clothing,Online,Completed,148.95,19,11,20,2717
T002119,C0546,2026-04-26,Mississauga,Groceries,Mobile App,Completed,241.13,52,11,0,939
T002120,C0702,2026-04-26,Ottawa,Home,Mobile App,Completed,624.33,65,12,6,1454
T002121,C0770,2026-04-26,Ottawa,Clothing,Mobile App,Completed,154.98,28,10,7,2284
T002122,C0953,2026-04-26,Vancouver,Travel,Online,Completed,57.52,51,8,22,2759
T002123,C0583,2026-04-26,Ottawa,Home,In-Store,Completed,28.84,31,9,4,1610
T002124,C0611,2026-04-26,Ottawa,Dining,Online,Pending,402.41,19,5,15,1261
T002125,C0746,2026-04-26,Toronto,Electronics,Mobile App,Failed,159.08,41,8,8,1434
T002126,C0256,2026-04-26,Calgary,Groceries,Mobile App,Completed,83.43,62,8,17,886
T002127,C0308,2026-04-26,Calgary,Home,Online,Completed,21.45,56,6,9,1186
T002128,C0626,2026-04-26,Windsor,Dining,Online,Completed,38.52,23,5,12,2379
T002129,C0065,2026-04-26,Windsor,Clothing,In-Store,Completed,145.37,28,9,3,2107
T002130,C0321,2026-04-26,Calgary,Electronics,In-Store,Completed,114.83,49,11,23,2408
T002131,C0718,2026-04-26,Windsor,Home,In-Store,Completed,16.25,36,9,2,947
T002132,C0977,2026-04-26,Vancouver,Home,In-Store,Completed,145.53,37,8,3,1250
T002133,C0520,2026-04-27,Vancouver,Electronics,Mobile App,Completed,22.41,43,11,10,303
T002134,C0400,2026-04-27,Calgary,Dining,Mobile App,Completed,268.69,62,4,10,1913
T002135,C0441,2026-04-27,Toronto,Clothing,Mobile App,Completed,101.49,51,5,11,2122
T002136,C0686,2026-04-27,Mississauga,Electronics,In-Store,Completed,57.33,67,10,6,2604
T002137,C0545,2026-04-27,Ottawa,Groceries,Mobile App,Completed,197.21,23,12,5,2648
T002138,C0024,2026-04-27,Calgary,Electronics,Mobile App,Completed,114.79,44,9,6,115
T002139,C0540,2026-04-27,Windsor,Travel,Online,Completed,262.13,49,11,11,544
T002140,C0401,2026-04-27,Windsor,Groceries,Mobile App,Completed,91.02,61,53,19,2300
T002141,C0701,2026-04-27,Windsor,Dining,In-Store,Completed,95.65,47,9,3,1406
T002142,C0876,2026-04-27,Vancouver,Home,In-Store,Completed,66.7,71,10,13,1065
T002143,C0963,2026-04-27,Calgary,Groceries,Mobile App,Completed,106.29,66,7,9,1385
T002144,C0611,2026-04-27,Toronto,Groceries,Mobile App,Completed,359.93,57,10,2,2793
T002145,C0363,2026-04-27,Windsor,Dining,Mobile App,Completed,55.44,41,9,9,2877
T002146,C0444,2026-04-27,Windsor,Groceries,Mobile App,Completed,147.44,36,5,22,442
T002147,C0177,2026-04-27,Calgary,Groceries,In-Store,Completed,40.22,48,12,3,1952
T002148,C0936,2026-04-27,Mississauga,Electronics,In-Store,Completed,14.67,44,7,3,1942
T002149,C0848,2026-04-27,Windsor,Groceries,In-Store,Completed,101.39,19,3,23,1313
T002150,C0854,2026-04-27,Windsor,Clothing,Mobile App,Completed,116.45,31,10,17,2284
T002151,C0329,2026-04-27,Ottawa,Groceries,Online,Completed,77.41,66,15,9,591
T002152,C0323,2026-04-28,Mississauga,Travel,In-Store,Pending,23.83,44,9,16,460
T002153,C0857,2026-04-28,Toronto,Clothing,Mobile App,Completed,110.09,73,7,14,1071
T002154,C0545,2026-04-28,Vancouver,Travel,Online,Completed,106.59,32,12,19,2629
T002155,C0705,2026-04-28,Mississauga,Travel,In-Store,Completed,39.93,74,5,9,143
T002156,C0490,2026-04-28,Windsor,Dining,Online,Completed,26.9,64,8,15,1232
T002157,C0443,2026-04-28,Vancouver,Home,Online,Completed,68.59,38,9,4,1864
T002158,C0633,2026-04-28,Vancouver,Groceries,In-Store,Completed,148.06,53,6,9,121
T002159,C0813,2026-04-28,Toronto,Groceries,Online,Completed,121.12,75,12,3,835
T002160,C0335,2026-04-28,Toronto,Home,Online,Failed,40.2,54,6,4,1980
T002161,C0810,2026-04-28,Toronto,Groceries,In-Store,Completed,95.49,72,6,18,2325
T002162,C0245,2026-04-28,Vancouver,Electronics,In-Store,Completed,180.68,24,8,12,43
T002163,C0403,2026-04-28,Ottawa,Electronics,Online,Completed,31.37,27,7,2,2044
T002164,C0913,2026-04-28,Vancouver,Groceries,In-Store,Completed,89.69,18,8,0,2814
T002165,C0955,2026-04-28,Ottawa,Groceries,Online,Completed,265.43,36,7,23,1507
T002166,C0924,2026-04-28,Mississauga,Travel,In-Store,Completed,28.76,63,7,12,1552
T002167,C0317,2026-04-28,Ottawa,Travel,Online,Completed,226.98,73,7,8,2384
T002168,C0844,2026-04-28,Vancouver,Groceries,Online,Failed,336.62,49,6,4,2636
T002169,C0937,2026-04-28,Mississauga,Home,In-Store,Completed,70.37,42,13,5,906
T002170,C0979,2026-04-29,Calgary,Groceries,Mobile App,Completed,63.5,72,9,15,2013
T002171,C0021,2026-04-29,Calgary,Clothing,In-Store,Completed,204.54,52,9,1,2188
T002172,C0745,2026-04-29,Vancouver,Clothing,In-Store,Completed,72.56,49,8,9,2816
T002173,C0997,2026-04-29,Calgary,Travel,In-Store,Completed,11.5,22,6,19,1278
T002174,C0765,2026-04-29,Mississauga,Dining,Online,Completed,78.15,30,6,18,1639
T002175,C0234,2026-04-29,Toronto,Groceries,Online,Failed,126.79,58,10,9,1157
T002176,C0763,2026-04-29,Mississauga,Electronics,In-Store,Completed,159.45,58,4,14,996
T002177,C0106,2026-04-29,Vancouver,Home,In-Store,Completed,40.21,46,13,16,1025
T002178,C0481,2026-04-29,Vancouver,Dining,In-Store,Pending,67.58,58,11,11,268
T002179,C0627,2026-04-29,Mississauga,Groceries,Mobile App,Completed,195.0,58,7,16,2233
T002180,C0457,2026-04-29,Windsor,Clothing,In-Store,Completed,80.77,21,8,15,783
T002181,C0700,2026-04-29,Mississauga,Clothing,Online,Completed,23.18,66,6,7,1766
T002182,C0241,2026-04-29,Vancouver,Groceries,In-Store,Completed,243.38,58,6,5,2719
T002183,C0607,2026-04-29,Toronto,Groceries,In-Store,Pending,70.86,30,6,6,1287
T002184,C0645,2026-04-29,Windsor,Groceries,Online,Completed,214.9,30,5,22,2950
T002185,C0634,2026-04-29,Windsor,Groceries,In-Store,Completed,25.96,73,4,2,212
T002186,C0290,2026-04-29,Vancouver,Travel,Mobile App,Completed,76.69,32,6,1,139
T002187,C0306,2026-04-29,Mississauga,Groceries,In-Store,Completed,1996.95,19,9,17,1032
T002188,C0258,2026-04-29,Toronto,Travel,In-Store,Completed,78.93,19,10,8,792
T002189,C0462,2026-04-30,Windsor,Electronics,Online,Completed,31.1,31,4,19,2322
T002190,C0586,2026-04-30,Toronto,Home,Online,Completed,11.18,54,6,1,633
T002191,C0363,2026-04-30,Mississauga,Clothing,Online,Completed,310.26,44,12,19,2484
T002192,C0410,2026-04-30,Calgary,Dining,Mobile App,Completed,104.95,60,14,14,1560
T002193,C0287,2026-04-30,Ottawa,Dining,Mobile App,Completed,229.16,31,6,0,736
T002194,C0219,2026-04-30,Calgary,Groceries,In-Store,Completed,187.17,31,7,9,1392
T002195,C0658,2026-04-30,Vancouver,Groceries,Mobile App,Completed,141.17,41,12,0,1937
T002196,C0817,2026-04-30,Calgary,Travel,In-Store,Completed,64.68,63,4,1,2945
T002197,C0291,2026-04-30,Windsor,Groceries,In-Store,Completed,128.89,47,6,1,220
T002198,C0861,2026-04-30,Calgary,Travel,In-Store,Completed,287.24,62,9,16,1081
T002199,C0571,2026-04-30,Windsor,Dining,Online,Completed,91.21,23,10,11,1377
T002200,C0168,2026-04-30,Mississauga,Groceries,In-Store,Completed,427.99,41,5,22,1790
T002201,C0366,2026-04-30,Vancouver,Travel,Mobile App,Completed,23.76,43,8,16,2646
T002202,C0008,2026-04-30,Windsor,Travel,In-Store,Completed,21.69,21,2,2,2392
T002203,C0040,2026-04-30,Windsor,Clothing,Mobile App,Completed,196.86,36,4,21,1543
T002204,C0337,2026-04-30,Toronto,Electronics,Online,Pending,42.38,34,10,5,74
T002205,C0455,2026-04-30,Toronto,Travel,Online,Completed,482.74,44,3,7,751
T002206,C0798,2026-04-30,Ottawa,Home,Online,Completed,264.91,27,14,6,2377
T002207,C0135,2026-05-01,Calgary,Electronics,In-Store,Completed,327.7,33,10,9,1456
T002208,C0840,2026-05-01,Windsor,Home,Mobile App,Completed,180.26,73,15,16,2087
T002209,C0235,2026-05-01,Mississauga,Clothing,In-Store,Completed,38.83,26,13,4,2095
T002210,C0139,2026-05-01,Calgary,Dining,In-Store,Completed,20.74,65,6,9,2729
T002211,C0700,2026-05-01,Vancouver,Home,In-Store,Completed,302.98,49,7,20,854
T002212,C0775,2026-05-01,Toronto,Home,In-Store,Completed,23.76,22,5,18,2892
T002213,C0605,2026-05-01,Ottawa,Electronics,Mobile App,Completed,326.95,41,6,7,2169
T002214,C0116,2026-05-01,Toronto,Home,Online,Completed,150.18,47,8,11,1712
T002215,C0116,2026-05-01,Windsor,Groceries,Online,Completed,79.67,34,5,16,434
T002216,C0391,2026-05-01,Windsor,Groceries,Mobile App,Completed,123.77,33,8,0,2210
T002217,C0451,2026-05-01,Ottawa,Groceries,In-Store,Completed,126.24,59,7,18,2853
T002218,C0999,2026-05-01,Windsor,Dining,Online,Completed,71.56,19,7,4,2960
T002219,C0287,2026-05-01,Windsor,Home,Mobile App,Failed,285.57,71,11,9,787
T002220,C0193,2026-05-01,Windsor,Travel,Online,Completed,277.37,36,11,7,2534
T002221,C0946,2026-05-01,Mississauga,Travel,Online,Completed,97.02,40,9,2,2841
T002222,C0154,2026-05-01,Ottawa,Groceries,Online,Completed,51.04,25,6,15,1757
T002223,C0027,2026-05-01,Mississauga,Travel,Online,Completed,257.94,69,7,7,236
T002224,C0423,2026-05-01,Windsor,Dining,Mobile App,Completed,15.23,30,12,16,465
T002225,C0402,2026-05-02,Ottawa,Dining,Mobile App,Completed,123.96,64,11,7,2096
T002226,C0620,2026-05-02,Ottawa,Electronics,In-Store,Completed,159.38,36,9,15,1132
T002227,C0878,2026-05-02,Toronto,Electronics,Mobile App,Completed,42.04,19,9,23,1562
T002228,C0933,2026-05-02,Calgary,Home,Online,Completed,194.49,41,4,1,2633
T002229,C0290,2026-05-02,Calgary,Travel,In-Store,Completed,83.11,48,6,1,1829
T002230,C0981,2026-05-02,Ottawa,Dining,Online,Completed,53.45,45,12,8,277
T002231,C0633,2026-05-02,Ottawa,Groceries,Mobile App,Completed,192.75,75,9,18,1278
T002232,C0070,2026-05-02,Vancouver,Clothing,In-Store,Pending,33.78,48,4,15,2664
T002233,C0939,2026-05-02,Mississauga,Dining,Mobile App,Completed,177.94,63,9,23,2499
T002234,C0138,2026-05-02,Mississauga,Dining,In-Store,Completed,15.76,39,9,15,1903
T002235,C0589,2026-05-02,Mississauga,Clothing,In-Store,Pending,108.36,26,5,20,1448
T002236,C0791,2026-05-02,Toronto,Groceries,Mobile App,Pending,88.23,46,10,13,2434
T002237,C0250,2026-05-02,Calgary,Travel,Mobile App,Completed,53.73,50,8,4,1620
T002238,C0271,2026-05-02,Windsor,Home,Online,Completed,118.37,42,6,10,1224
T002239,C0477,2026-05-02,Windsor,Dining,Mobile App,Failed,79.44,62,11,15,493
T002240,C0885,2026-05-02,Calgary,Groceries,Mobile App,Completed,208.33,73,8,0,940
T002241,C0224,2026-05-02,Ottawa,Electronics,Online,Completed,136.84,22,5,9,2405
T002242,C0664,2026-05-02,Ottawa,Groceries,Mobile App,Completed,124.89,21,3,13,2909
T002243,C0453,2026-05-02,Windsor,Travel,Online,Completed,108.93,33,7,10,1803
T002244,C0112,2026-05-03,Windsor,Dining,In-Store,Completed,56.9,51,10,6,1781
T002245,C0711,2026-05-03,Vancouver,Groceries,Online,Completed,65.77,20,11,10,1983
T002246,C0833,2026-05-03,Mississauga,Clothing,Online,Completed,104.97,29,9,8,2065
T002247,C0576,2026-05-03,Toronto,Electronics,In-Store,Completed,73.35,41,6,17,1848
T002248,C0177,2026-05-03,Calgary,Dining,Mobile App,Completed,218.63,39,7,14,2783
T002249,C0156,2026-05-03,Mississauga,Home,Mobile App,Completed,92.03,67,10,22,2632
T002250,C0424,2026-05-03,Vancouver,Groceries,In-Store,Completed,117.01,49,7,11,1439
T002251,C0507,2026-05-03,Mississauga,Electronics,Mobile App,Completed,25.8,68,4,15,874
T002252,C0553,2026-05-03,Ottawa,Electronics,Online,Completed,189.5,62,3,10,274
T002253,C0244,2026-05-03,Vancouver,Travel,Mobile App,Completed,51.87,42,10,17,1794
T002254,C0501,2026-05-03,Calgary,Electronics,Online,Completed,35.04,74,9,9,767
T002255,C0296,2026-05-03,Windsor,Home,In-Store,Completed,344.44,66,7,18,611
T002256,C0687,2026-05-03,Vancouver,Groceries,Mobile App,Pending,153.8,46,8,18,1881
T002257,C0797,2026-05-03,Calgary,Home,Online,Completed,195.04,67,15,5,2246
T002258,C0653,2026-05-03,Ottawa,Travel,In-Store,Completed,125.08,32,6,11,2296
T002259,C0002,2026-05-03,Toronto,Groceries,Mobile App,Completed,78.53,30,9,18,1167
T002260,C0993,2026-05-03,Windsor,Groceries,Mobile App,Completed,67.02,63,11,14,1532
T002261,C0024,2026-05-03,Windsor,Groceries,Online,Completed,164.83,63,6,15,1395
T002262,C1000,2026-05-04,Toronto,Electronics,In-Store,Completed,222.58,30,9,2,1935
T002263,C0032,2026-05-04,Vancouver,Electronics,Online,Completed,80.21,61,7,21,1134
T002264,C0517,2026-05-04,Calgary,Travel,In-Store,Completed,494.88,47,10,14,2054
T002265,C0106,2026-05-04,Ottawa,Electronics,In-Store,Completed,71.88,50,6,1,637
T002266,C0096,2026-05-04,Ottawa,Clothing,Online,Completed,25.99,67,5,1,154
T002267,C0684,2026-05-04,Vancouver,Electronics,Mobile App,Completed,19.68,27,7,5,1365
T002268,C0728,2026-05-04,Mississauga,Electronics,In-Store,Completed,20.25,41,10,18,1442
T002269,C0119,2026-05-04,Mississauga,Electronics,In-Store,Completed,59.79,34,6,16,1689
T002270,C0977,2026-05-04,Ottawa,Electronics,Online,Completed,69.79,50,5,0,2634
T002271,C0321,2026-05-04,Windsor,Home,Online,Completed,151.85,27,3,7,964
T002272,C0319,2026-05-04,Toronto,Electronics,In-Store,Completed,82.96,24,8,17,207
T002273,C0297,2026-05-04,Ottawa,Electronics,In-Store,Completed,174.08,58,8,5,863
T002274,C0462,2026-05-04,Vancouver,Home,Online,Completed,88.31,21,12,12,2033
T002275,C0178,2026-05-04,Toronto,Travel,Mobile App,Completed,85.98,42,6,18,2893
T002276,C0425,2026-05-04,Windsor,Electronics,In-Store,Completed,52.03,75,7,16,1667
T002277,C0210,2026-05-04,Windsor,Home,Online,Pending,284.82,75,6,1,843
T002278,C0052,2026-05-04,Vancouver,Electronics,In-Store,Completed,23.12,28,6,5,2166
T002279,C0369,2026-05-04,Ottawa,Groceries,Online,Completed,109.81,71,5,12,887
T002280,C0673,2026-05-05,Ottawa,Dining,Online,Completed,72.84,37,5,12,2677
T002281,C0764,2026-05-05,Ottawa,Clothing,Online,Completed,165.2,29,9,10,455
T002282,C0354,2026-05-05,Windsor,Electronics,Online,Failed,83.51,47,6,20,2668
T002283,C0324,2026-05-05,Vancouver,Clothing,In-Store,Failed,85.63,46,11,8,1797
T002284,C0788,2026-05-05,Toronto,Groceries,Mobile App,Completed,67.76,39,10,5,2473
T002285,C0682,2026-05-05,Toronto,Clothing,Online,Completed,277.8,42,2,0,1918
T002286,C0833,2026-05-05,Vancouver,Groceries,Online,Completed,85.17,23,13,0,1315
T002287,C0907,2026-05-05,Ottawa,Dining,Online,Completed,453.44,33,4,2,2058
T002288,C0822,2026-05-05,Windsor,Travel,Online,Completed,107.13,29,11,18,558
T002289,C0937,2026-05-05,Mississauga,Electronics,Online,Pending,86.59,72,10,13,966
T002290,C0417,2026-05-05,Toronto,Travel,Online,Completed,75.12,46,14,16,2164
T002291,C0395,2026-05-05,Vancouver,Clothing,Mobile App,Completed,137.31,49,4,5,103
T002292,C0322,2026-05-05,Vancouver,Travel,In-Store,Completed,51.55,43,6,3,2268
T002293,C0236,2026-05-05,Windsor,Dining,In-Store,Completed,96.21,69,4,18,335
T002294,C0749,2026-05-05,Mississauga,Clothing,Mobile App,Completed,85.59,64,5,8,471
T002295,C0715,2026-05-05,Windsor,Clothing,Online,Completed,112.07,57,9,18,343
T002296,C0802,2026-05-05,Mississauga,Electronics,Online,Completed,114.45,36,4,10,2230
T002297,C0168,2026-05-05,Windsor,Clothing,In-Store,Failed,119.62,35,9,3,78
T002298,C0492,2026-05-05,Windsor,Home,In-Store,Completed,92.14,72,7,0,2230
T002299,C0222,2026-05-06,Mississauga,Clothing,Online,Completed,322.55,71,11,2,2491
T002300,C0894,2026-05-06,Calgary,Clothing,In-Store,Completed,121.73,34,8,9,1640
T002301,C0268,2026-05-06,Vancouver,Clothing,Online,Completed,778.79,37,5,7,342
T002302,C0144,2026-05-06,Windsor,Clothing,Online,Completed,88.68,37,10,2,2572
T002303,C0570,2026-05-06,Calgary,Electronics,In-Store,Completed,192.04,63,6,5,708
T002304,C0880,2026-05-06,Windsor,Clothing,Mobile App,Completed,45.86,73,4,23,2709
T002305,C0916,2026-05-06,Calgary,Electronics,Mobile App,Completed,279.59,69,5,14,1865
T002306,C0097,2026-05-06,Windsor,Dining,Mobile App,Completed,46.71,66,14,23,559
T002307,C0326,2026-05-06,Ottawa,Home,In-Store,Completed,125.23,38,5,12,299
T002308,C0154,2026-05-06,Windsor,Electronics,Online,Completed,67.89,36,6,13,552
T002309,C0308,2026-05-06,Vancouver,Home,Online,Completed,124.82,69,8,11,1740
T002310,C0534,2026-05-06,Windsor,Dining,In-Store,Completed,69.62,40,5,11,305
T002311,C0281,2026-05-06,Calgary,Electronics,Online,Pending,43.46,30,8,7,1373
T002312,C0068,2026-05-06,Toronto,Groceries,Online,Completed,67.48,66,8,23,2762
T002313,C0511,2026-05-06,Ottawa,Travel,Online,Completed,315.13,45,8,1,2940
T002314,C0053,2026-05-06,Toronto,Dining,Online,Completed,126.45,22,9,16,518
T002315,C0227,2026-05-06,Calgary,Travel,In-Store,Completed,28.42,69,9,21,1883
T002316,C0001,2026-05-06,Mississauga,Groceries,In-Store,Completed,215.67,35,9,3,1618
T002317,C0087,2026-05-07,Vancouver,Electronics,Online,Completed,39.84,35,10,22,1437
T002318,C0437,2026-05-07,Calgary,Groceries,In-Store,Completed,159.89,48,6,5,305
T002319,C0851,2026-05-07,Ottawa,Electronics,Mobile App,Completed,136.03,33,3,23,1163
T002320,C0775,2026-05-07,Toronto,Home,In-Store,Completed,143.53,66,2,15,1786
T002321,C0099,2026-05-07,Windsor,Groceries,Online,Completed,410.7,58,14,10,1976
T002322,C0035,2026-05-07,Windsor,Clothing,Online,Completed,2715.13,50,9,22,1286
T002323,C0339,2026-05-07,Calgary,Groceries,In-Store,Completed,142.85,29,13,4,2768
T002324,C0653,2026-05-07,Calgary,Travel,Online,Completed,247.97,46,8,7,722
T002325,C0747,2026-05-07,Mississauga,Home,Mobile App,Completed,49.2,33,8,14,1641
T002326,C0824,2026-05-07,Calgary,Dining,Mobile App,Completed,45.09,73,5,2,2051
T002327,C0343,2026-05-07,Windsor,Electronics,In-Store,Completed,66.59,63,12,3,644
T002328,C0169,2026-05-07,Vancouver,Travel,Mobile App,Completed,112.02,24,6,18,1424
T002329,C0027,2026-05-07,Mississauga,Electronics,Mobile App,Completed,25.63,48,13,3,340
T002330,C0147,2026-05-07,Windsor,Home,Online,Completed,135.82,63,8,4,1482
T002331,C0066,2026-05-07,Windsor,Home,In-Store,Completed,25.68,48,6,21,1973
T002332,C0861,2026-05-07,Mississauga,Travel,In-Store,Completed,255.18,25,6,2,2903
T002333,C0269,2026-05-07,Mississauga,Travel,In-Store,Completed,131.55,26,8,15,118
T002334,C0824,2026-05-07,Windsor,Travel,In-Store,Completed,432.17,60,7,16,964
T002335,C0554,2026-05-07,Mississauga,Clothing,In-Store,Completed,150.07,48,4,2,937
T002336,C0539,2026-05-08,Toronto,Dining,Mobile App,Completed,65.6,49,6,13,2978
T002337,C0455,2026-05-08,Calgary,Home,Online,Completed,43.11,33,10,9,2604
T002338,C0820,2026-05-08,Mississauga,Dining,In-Store,Completed,104.14,33,8,10,2520
T002339,C0044,2026-05-08,Toronto,Groceries,Online,Completed,82.84,41,7,7,2576
T002340,C0093,2026-05-08,Ottawa,Clothing,Mobile App,Completed,232.96,49,6,1,507
T002341,C0424,2026-05-08,Calgary,Travel,Online,Completed,38.6,45,9,12,621
T002342,C0395,2026-05-08,Mississauga,Home,Online,Pending,2910.74,69,8,0,1075
T002343,C0546,2026-05-08,Calgary,Dining,Online,Completed,251.19,28,7,10,2036
T002344,C0738,2026-05-08,Ottawa,Dining,In-Store,Pending,71.5,45,8,9,963
T002345,C0588,2026-05-08,Vancouver,Travel,In-Store,Completed,391.82,31,2,14,2427
T002346,C0258,2026-05-08,Windsor,Dining,Mobile App,Completed,43.68,18,10,14,2200
T002347,C0328,2026-05-08,Toronto,Clothing,In-Store,Completed,101.23,42,12,18,2127
T002348,C0753,2026-05-08,Mississauga,Dining,Online,Completed,28.72,21,13,21,819
T002349,C0202,2026-05-08,Calgary,Clothing,In-Store,Pending,408.4,39,4,12,1583
T002350,C0505,2026-05-08,Vancouver,Dining,Online,Completed,20.95,54,3,14,860
T002351,C0539,2026-05-08,Vancouver,Electronics,In-Store,Completed,24.99,39,13,12,1853
T002352,C0751,2026-05-08,Calgary,Home,Mobile App,Completed,49.56,57,7,11,2216
T002353,C0715,2026-05-08,Mississauga,Travel,Online,Completed,261.55,35,6,14,1360
T002354,C0465,2026-05-09,Windsor,Clothing,Mobile App,Completed,191.38,41,38,4,2333
T002355,C0310,2026-05-09,Calgary,Travel,Online,Completed,94.29,68,7,0,891
T002356,C0368,2026-05-09,Ottawa,Dining,Mobile App,Completed,202.1,32,8,3,2212
T002357,C0412,2026-05-09,Windsor,Home,Mobile App,Pending,77.06,47,5,4,646
T002358,C0220,2026-05-09,Windsor,Dining,Mobile App,Completed,121.72,59,8,14,1503
T002359,C0626,2026-05-09,Calgary,Home,Mobile App,Pending,346.06,38,12,2,2619
T002360,C0209,2026-05-09,Toronto,Dining,Mobile App,Failed,68.93,35,9,8,2238
T002361,C0649,2026-05-09,Toronto,Groceries,Online,Completed,44.31,58,9,2,1463
T002362,C0752,2026-05-09,Vancouver,Groceries,Online,Completed,126.78,22,9,3,1785
T002363,C0962,2026-05-09,Toronto,Home,In-Store,Completed,159.47,33,8,15,1937
T002364,C0119,2026-05-09,Windsor,Travel,In-Store,Completed,93.37,41,6,9,2576
T002365,C0760,2026-05-09,Calgary,Dining,In-Store,Failed,199.44,30,3,19,929
T002366,C0086,2026-05-09,Mississauga,Clothing,Mobile App,Pending,71.63,49,9,17,2130
T002367,C0338,2026-05-09,Vancouver,Travel,Online,Pending,94.73,53,13,5,2816
T002368,C0177,2026-05-09,Mississauga,Travel,Mobile App,Completed,116.87,74,5,1,1850
T002369,C0163,2026-05-09,Toronto,Clothing,In-Store,Completed,108.52,52,11,23,2154
T002370,C0176,2026-05-09,Windsor,Electronics,Online,Completed,334.93,52,5,3,1868
T002371,C0044,2026-05-09,Vancouver,Groceries,Mobile App,Pending,116.37,60,12,16,2801
T002372,C0824,2026-05-10,Toronto,Clothing,Online,Completed,65.65,30,8,14,900
T002373,C0062,2026-05-10,Ottawa,Groceries,In-Store,Completed,133.14,45,5,19,2820
T002374,C0399,2026-05-10,Mississauga,Clothing,Mobile App,Completed,200.37,66,6,13,1787
T002375,C0700,2026-05-10,Mississauga,Groceries,Mobile App,Completed,164.15,28,9,0,1846
T002376,C0991,2026-05-10,Calgary,Electronics,Online,Completed,156.59,34,8,3,2926
T002377,C0854,2026-05-10,Ottawa,Clothing,Online,Completed,23.79,30,8,19,219
T002378,C0138,2026-05-10,Ottawa,Travel,Online,Completed,10.22,73,5,14,2840
T002379,C0988,2026-05-10,Mississauga,Clothing,Online,Completed,251.29,38,9,18,2835
T002380,C0654,2026-05-10,Mississauga,Travel,Mobile App,Completed,123.43,36,7,15,388
T002381,C0180,2026-05-10,Vancouver,Groceries,Mobile App,Completed,83.46,65,6,23,1919
T002382,C0449,2026-05-10,Toronto,Home,In-Store,Completed,153.36,70,9,1,1199
T002383,C0918,2026-05-10,Windsor,Electronics,In-Store,Completed,437.41,18,8,1,685
T002384,C0393,2026-05-10,Ottawa,Groceries,Online,Completed,282.63,68,7,17,705
T002385,C0184,2026-05-10,Ottawa,Home,Online,Completed,192.59,59,5,1,30
T002386,C0876,2026-05-10,Toronto,Electronics,Online,Completed,40.0,68,8,2,2323
T002387,C0953,2026-05-10,Vancouver,Travel,Mobile App,Completed,44.67,23,4,17,859
T002388,C0976,2026-05-10,Ottawa,Dining,Online,Completed,11.18,20,5,18,1693
T002389,C0956,2026-05-10,Windsor,Clothing,Online,Completed,145.64,37,6,20,1258
T002390,C0873,2026-05-10,Vancouver,Groceries,Mobile App,Completed,218.11,67,7,5,2664
T002391,C0455,2026-05-11,Calgary,Groceries,In-Store,Completed,233.76,46,9,16,448
T002392,C0193,2026-05-11,Mississauga,Dining,In-Store,Completed,150.92,59,5,5,411
T002393,C0618,2026-05-11,Windsor,Dining,Online,Completed,74.57,32,11,23,2188
T002394,C0221,2026-05-11,Windsor,Clothing,Online,Completed,52.62,37,7,16,1874
T002395,C0474,2026-05-11,Ottawa,Travel,In-Store,Completed,42.14,68,10,18,1722
T002396,C0657,2026-05-11,Toronto,Groceries,In-Store,Completed,73.98,46,5,15,1469
T002397,C0947,2026-05-11,Mississauga,Home,In-Store,Completed,37.02,63,8,23,1620
T002398,C0290,2026-05-11,Toronto,Dining,Online,Completed,378.12,55,10,6,1770
T002399,C0252,2026-05-11,Toronto,Home,Online,Completed,28.1,28,9,18,2802
T002400,C0735,2026-05-11,Mississauga,Home,Online,Completed,71.89,72,10,23,2454
T002401,C0007,2026-05-11,Vancouver,Groceries,In-Store,Completed,16.39,72,12,5,2734
T002402,C0567,2026-05-11,Calgary,Travel,Online,Completed,109.37,63,6,9,2539
T002403,C0746,2026-05-11,Toronto,Dining,Online,Completed,84.83,45,6,16,695
T002404,C0551,2026-05-11,Windsor,Dining,In-Store,Completed,62.76,42,6,9,30
T002405,C0384,2026-05-11,Mississauga,Electronics,In-Store,Pending,38.47,35,15,16,1662
T002406,C0829,2026-05-11,Ottawa,Travel,Online,Completed,85.18,55,10,4,2568
T002407,C0372,2026-05-11,Calgary,Dining,Mobile App,Completed,53.51,35,4,1,1267
T002408,C0711,2026-05-11,Vancouver,Electronics,In-Store,Completed,75.66,28,6,1,2941
T002409,C0465,2026-05-12,Ottawa,Electronics,In-Store,Completed,448.75,21,16,4,788
T002410,C0027,2026-05-12,Toronto,Groceries,In-Store,Completed,98.4,42,8,19,2305
T002411,C0531,2026-05-12,Toronto,Home,Online,Completed,133.7,65,9,16,372
T002412,C0050,2026-05-12,Toronto,Clothing,In-Store,Completed,57.27,63,5,8,613
T002413,C0931,2026-05-12,Ottawa,Dining,In-Store,Pending,43.64,67,10,16,2729
T002414,C0602,2026-05-12,Windsor,Dining,Online,Pending,83.36,53,12,11,911
T002415,C0373,2026-05-12,Windsor,Groceries,In-Store,Completed,714.08,68,5,4,2843
T002416,C0487,2026-05-12,Vancouver,Electronics,Online,Failed,66.58,63,9,18,322
T002417,C0620,2026-05-12,Vancouver,Home,In-Store,Pending,115.57,64,7,0,2707
T002418,C0261,2026-05-12,Mississauga,Groceries,Online,Completed,42.04,47,8,2,2967
T002419,C0289,2026-05-12,Calgary,Groceries,Online,Completed,8.17,22,5,6,2971
T002420,C0419,2026-05-12,Vancouver,Home,In-Store,Completed,43.44,40,7,14,1260
T002421,C0259,2026-05-12,Vancouver,Travel,In-Store,Completed,643.07,67,7,8,1379
T002422,C0758,2026-05-12,Calgary,Groceries,Mobile App,Completed,141.0,61,6,8,2710
T002423,C0104,2026-05-12,Windsor,Dining,In-Store,Completed,342.9,18,5,12,450
T002424,C0827,2026-05-12,Vancouver,Clothing,Online,Completed,63.25,23,9,20,2316
T002425,C0349,2026-05-12,Calgary,Dining,In-Store,Completed,11.47,56,6,7,305
T002426,C0562,2026-05-12,Calgary,Dining,Mobile App,Completed,33.12,74,11,9,1082
T002427,C0158,2026-05-13,Ottawa,Travel,Online,Completed,119.12,60,10,0,2357
T002428,C0386,2026-05-13,Vancouver,Travel,Mobile App,Pending,104.02,73,7,22,799
T002429,C0755,2026-05-13,Calgary,Home,In-Store,Failed,84.25,21,9,20,288
T002430,C0271,2026-05-13,Calgary,Electronics,Online,Completed,54.16,69,8,8,1382
T002431,C0133,2026-05-13,Calgary,Electronics,Mobile App,Completed,188.94,25,8,20,1968
T002432,C0522,2026-05-13,Vancouver,Groceries,Online,Completed,55.51,69,5,0,1023
T002433,C0163,2026-05-13,Mississauga,Travel,In-Store,Completed,110.42,74,8,1,1987
T002434,C0315,2026-05-13,Vancouver,Travel,Online,Failed,100.35,47,11,13,1683
T002435,C0451,2026-05-13,Mississauga,Dining,In-Store,Completed,62.14,48,6,13,2087
T002436,C0565,2026-05-13,Vancouver,Clothing,Online,Completed,40.19,46,9,3,117
T002437,C0640,2026-05-13,Vancouver,Dining,Online,Completed,59.11,50,7,12,580
T002438,C0677,2026-05-13,Calgary,Electronics,In-Store,Completed,417.89,65,13,3,1880
T002439,C0845,2026-05-13,Ottawa,Travel,Mobile App,Completed,218.82,34,10,10,1232
T002440,C0067,2026-05-13,Mississauga,Dining,Online,Completed,202.35,34,10,11,2665
T002441,C0363,2026-05-13,Toronto,Dining,In-Store,Completed,43.56,74,7,4,836
T002442,C0002,2026-05-13,Ottawa,Dining,Mobile App,Completed,25.04,67,6,6,698
T002443,C0010,2026-05-13,Ottawa,Home,Online,Completed,215.87,49,9,12,126
T002444,C0213,2026-05-13,Ottawa,Electronics,In-Store,Completed,183.41,29,11,13,1051
T002445,C0599,2026-05-13,Vancouver,Electronics,Mobile App,Completed,95.52,73,9,23,229
T002446,C0895,2026-05-14,Calgary,Travel,Mobile App,Completed,62.03,68,10,15,2739
T002447,C0774,2026-05-14,Toronto,Groceries,Online,Completed,24.49,37,10,18,1520
T002448,C0647,2026-05-14,Mississauga,Groceries,Mobile App,Completed,177.67,49,8,21,2099
T002449,C0779,2026-05-14,Vancouver,Travel,Mobile App,Completed,232.96,42,6,3,1830
T002450,C0172,2026-05-14,Vancouver,Travel,In-Store,Completed,47.72,66,5,6,70
T002451,C0840,2026-05-14,Vancouver,Travel,In-Store,Completed,44.45,57,12,14,1736
T002452,C0891,2026-05-14,Vancouver,Groceries,Mobile App,Completed,244.09,46,16,12,1249
T002453,C0096,2026-05-14,Calgary,Home,Mobile App,Completed,49.26,74,6,15,2437
T002454,C0470,2026-05-14,Calgary,Dining,Mobile App,Completed,385.62,53,16,18,390
T002455,C0831,2026-05-14,Ottawa,Groceries,Mobile App,Completed,77.48,46,8,14,1326
T002456,C0477,2026-05-14,Windsor,Electronics,In-Store,Completed,61.2,71,5,13,729
T002457,C0841,2026-05-14,Ottawa,Electronics,Online,Completed,88.32,44,8,19,1096
T002458,C0936,2026-05-14,Vancouver,Dining,Online,Completed,61.19,42,8,8,2309
T002459,C0475,2026-05-14,Toronto,Dining,Mobile App,Completed,221.39,40,11,4,308
T002460,C0060,2026-05-14,Vancouver,Dining,In-Store,Completed,180.47,30,4,2,289
T002461,C0341,2026-05-14,Ottawa,Dining,Online,Completed,214.34,34,7,4,2361
T002462,C0216,2026-05-14,Calgary,Home,Online,Completed,99.43,23,12,4,1016
T002463,C0475,2026-05-14,Windsor,Home,Online,Completed,57.67,60,10,10,181
T002464,C0586,2026-05-15,Calgary,Dining,In-Store,Completed,84.35,52,8,0,501
T002465,C0464,2026-05-15,Mississauga,Home,In-Store,Completed,59.19,72,5,18,293
T002466,C0196,2026-05-15,Ottawa,Clothing,In-Store,Completed,295.67,53,13,14,2313
T002467,C0302,2026-05-15,Ottawa,Clothing,Mobile App,Completed,199.25,22,7,6,2378
T002468,C0680,2026-05-15,Ottawa,Electronics,In-Store,Completed,78.64,54,9,12,1183
T002469,C0027,2026-05-15,Calgary,Dining,Mobile App,Completed,38.67,28,4,2,1552
T002470,C0215,2026-05-15,Windsor,Dining,Mobile App,Completed,314.93,20,8,7,1461
T002471,C0893,2026-05-15,Vancouver,Groceries,Online,Completed,95.47,56,7,11,1236
T002472,C0100,2026-05-15,Calgary,Groceries,Online,Completed,76.1,19,14,22,433
T002473,C0415,2026-05-15,Windsor,Travel,Mobile App,Completed,317.3,41,5,15,415
T002474,C0207,2026-05-15,Windsor,Dining,In-Store,Completed,55.1,69,10,12,2725
T002475,C0105,2026-05-15,Mississauga,Clothing,Mobile App,Completed,64.82,32,8,23,717
T002476,C0423,2026-05-15,Vancouver,Clothing,In-Store,Completed,69.86,58,8,23,2608
T002477,C0522,2026-05-15,Calgary,Groceries,Online,Completed,27.76,39,7,12,2271
T002478,C0177,2026-05-15,Vancouver,Home,Mobile App,Completed,111.17,24,8,8,2373
T002479,C0078,2026-05-15,Vancouver,Dining,Mobile App,Failed,44.46,29,7,8,701
T002480,C0135,2026-05-15,Mississauga,Travel,In-Store,Completed,52.33,22,5,14,2499
T002481,C0652,2026-05-15,Ottawa,Home,In-Store,Completed,46.71,26,9,18,1614
T002482,C0861,2026-05-15,Windsor,Travel,Online,Completed,51.61,27,9,7,2986
T002483,C0181,2026-05-16,Mississauga,Groceries,Mobile App,Completed,41.66,69,7,20,2806
T002484,C0321,2026-05-16,Windsor,Electronics,In-Store,Completed,104.88,64,8,22,1631
T002485,C0344,2026-05-16,Toronto,Dining,Mobile App,Completed,74.47,38,13,13,1582
T002486,C0361,2026-05-16,Calgary,Groceries,Online,Completed,88.54,59,8,6,2607
T002487,C0245,2026-05-16,Vancouver,Electronics,Mobile App,Completed,628.52,29,6,7,1698
T002488,C0056,2026-05-16,Ottawa,Clothing,Mobile App,Completed,74.47,55,11,4,2633
T002489,C0526,2026-05-16,Toronto,Groceries,Mobile App,Pending,142.15,29,8,6,2552
T002490,C0358,2026-05-16,Toronto,Electronics,In-Store,Completed,156.58,55,6,15,1455
T002491,C0343,2026-05-16,Toronto,Travel,Mobile App,Completed,80.58,38,5,1,2956
T002492,C0265,2026-05-16,Vancouver,Groceries,In-Store,Completed,107.27,67,11,7,554
T002493,C0930,2026-05-16,Windsor,Electronics,Mobile App,Completed,86.51,66,6,20,1258
T002494,C0611,2026-05-16,Windsor,Home,Mobile App,Completed,100.97,37,6,20,1716
T002495,C0419,2026-05-16,Calgary,Travel,Mobile App,Completed,51.63,20,6,1,2497
T002496,C0206,2026-05-16,Calgary,Home,Mobile App,Pending,55.84,36,7,2,2361
T002497,C0802,2026-05-16,Vancouver,Dining,Online,Completed,86.23,34,13,5,287
T002498,C0889,2026-05-16,Windsor,Travel,Mobile App,Completed,15.9,42,8,1,2023
T002499,C0033,2026-05-16,Ottawa,Electronics,Mobile App,Completed,303.18,51,10,13,707
T002500,C0930,2026-05-16,Windsor,Dining,In-Store,Completed,533.46,75,7,0,2159
T002501,C0700,2026-05-17,Calgary,Electronics,In-Store,Completed,98.24,21,7,5,2517
T002502,C0100,2026-05-17,Toronto,Clothing,Mobile App,Completed,149.65,50,10,7,588
T002503,C0754,2026-05-17,Vancouver,Electronics,In-Store,Completed,213.05,27,9,21,1076
T002504,C0108,2026-05-17,Ottawa,Electronics,In-Store,Pending,27.57,49,5,19,340
T002505,C0051,2026-05-17,Vancouver,Dining,Mobile App,Completed,187.11,54,12,17,434
T002506,C0116,2026-05-17,Mississauga,Dining,Mobile App,Completed,59.16,64,9,22,942
T002507,C0460,2026-05-17,Toronto,Electronics,Online,Completed,595.72,50,3,23,575
T002508,C0620,2026-05-17,Vancouver,Dining,Mobile App,Completed,72.43,28,11,21,1639
T002509,C0408,2026-05-17,Ottawa,Electronics,Online,Completed,183.94,70,9,22,713
T002510,C0122,2026-05-17,Mississauga,Home,Online,Completed,73.04,41,6,22,667
T002511,C0200,2026-05-17,Mississauga,Travel,Mobile App,Completed,549.96,45,6,5,2843
T002512,C0853,2026-05-17,Mississauga,Home,Online,Completed,54.99,55,5,7,601
T002513,C0963,2026-05-17,Mississauga,Home,Online,Completed,228.83,33,10,11,2010
T002514,C0755,2026-05-17,Windsor,Travel,Online,Completed,144.8,75,8,13,2956
T002515,C0104,2026-05-17,Windsor,Clothing,In-Store,Completed,119.86,20,9,10,2809
T002516,C0820,2026-05-17,Windsor,Groceries,Online,Completed,103.27,26,6,8,2273
T002517,C0692,2026-05-17,Toronto,Home,Online,Completed,48.22,75,9,10,2613
T002518,C0527,2026-05-17,Calgary,Dining,In-Store,Completed,9.44,44,12,16,1098
T002519,C0144,2026-05-18,Windsor,Clothing,Online,Completed,211.85,69,11,17,2781
T002520,C0997,2026-05-18,Toronto,Electronics,Online,Completed,56.1,70,3,21,394
T002521,C0443,2026-05-18,Toronto,Groceries,Mobile App,Completed,229.71,75,9,19,1200
T002522,C0045,2026-05-18,Calgary,Home,In-Store,Completed,114.62,60,9,3,477
T002523,C0210,2026-05-18,Mississauga,Dining,Online,Pending,235.77,57,8,4,1841
T002524,C0402,2026-05-18,Windsor,Groceries,Online,Completed,168.05,53,8,11,1208
T002525,C0063,2026-05-18,Mississauga,Travel,Mobile App,Completed,10.46,57,9,20,2446
T002526,C0324,2026-05-18,Toronto,Groceries,Online,Completed,143.35,32,9,10,656
T002527,C0469,2026-05-18,Windsor,Dining,Online,Completed,63.47,65,12,3,838
T002528,C0949,2026-05-18,Windsor,Clothing,In-Store,Completed,228.81,28,7,21,100
T002529,C0087,2026-05-18,Vancouver,Clothing,Mobile App,Completed,140.5,45,5,14,633
T002530,C0577,2026-05-18,Toronto,Dining,In-Store,Completed,141.91,39,4,21,2428
T002531,C0916,2026-05-18,Mississauga,Dining,Mobile App,Completed,67.44,62,7,8,731
T002532,C0807,2026-05-18,Vancouver,Home,In-Store,Completed,39.13,32,7,20,803
T002533,C0925,2026-05-18,Calgary,Electronics,Online,Completed,58.83,29,7,1,378
T002534,C0171,2026-05-18,Ottawa,Groceries,Mobile App,Completed,18.41,64,5,17,2586
T002535,C0802,2026-05-18,Windsor,Groceries,Mobile App,Completed,51.46,46,10,23,1436
T002536,C0979,2026-05-18,Mississauga,Clothing,Mobile App,Failed,24.49,59,11,22,2824
T002537,C0327,2026-05-18,Windsor,Dining,Online,Completed,25.04,68,7,11,539
T002538,C0499,2026-05-19,Ottawa,Groceries,In-Store,Completed,93.85,66,14,23,1467
T002539,C0531,2026-05-19,Windsor,Electronics,In-Store,Completed,133.83,41,5,23,2112
T002540,C0494,2026-05-19,Ottawa,Groceries,Online,Completed,82.73,27,9,3,779
T002541,C0290,2026-05-19,Ottawa,Clothing,Mobile App,Completed,55.63,73,3,11,2262
T002542,C0971,2026-05-19,Calgary,Dining,Online,Completed,37.99,35,9,21,1934
T002543,C0957,2026-05-19,Mississauga,Groceries,Online,Completed,64.91,62,6,20,2331
T002544,C0381,2026-05-19,Calgary,Electronics,Mobile App,Completed,42.26,62,12,13,2848
T002545,C0806,2026-05-19,Mississauga,Travel,In-Store,Completed,80.58,43,6,5,2399
T002546,C0398,2026-05-19,Vancouver,Travel,Mobile App,Completed,23.32,27,8,6,2265
T002547,C0795,2026-05-19,Ottawa,Clothing,In-Store,Completed,154.28,45,7,2,1432
T002548,C0585,2026-05-19,Vancouver,Groceries,Mobile App,Completed,52.49,26,6,13,486
T002549,C0471,2026-05-19,Mississauga,Groceries,Online,Completed,117.03,38,9,0,774
T002550,C0129,2026-05-19,Vancouver,Groceries,Mobile App,Completed,180.69,40,8,11,2475
T002551,C0655,2026-05-19,Mississauga,Dining,Online,Completed,112.32,48,9,4,355
T002552,C0322,2026-05-19,Mississauga,Clothing,Online,Completed,167.66,28,11,12,1702
T002553,C0217,2026-05-19,Mississauga,Travel,In-Store,Completed,14.67,67,14,1,2367
T002554,C0194,2026-05-19,Vancouver,Electronics,In-Store,Completed,55.91,22,6,8,1388
T002555,C0982,2026-05-19,Ottawa,Travel,Online,Pending,217.08,75,8,8,1825
T002556,C0104,2026-05-20,Toronto,Travel,Mobile App,Completed,131.04,36,3,15,570
T002557,C0799,2026-05-20,Vancouver,Electronics,Online,Completed,409.05,46,9,16,2469
T002558,C0867,2026-05-20,Vancouver,Clothing,Mobile App,Completed,361.9,68,9,16,1632
T002559,C0032,2026-05-20,Toronto,Dining,Online,Completed,109.65,55,8,11,778
T002560,C0590,2026-05-20,Calgary,Groceries,Online,Completed,68.61,21,6,1,2224
T002561,C0578,2026-05-20,Ottawa,Dining,Online,Completed,37.64,53,7,21,2454
T002562,C0359,2026-05-20,Toronto,Clothing,In-Store,Completed,56.72,50,13,18,1153
T002563,C0667,2026-05-20,Mississauga,Clothing,In-Store,Completed,60.08,72,7,16,2154
T002564,C0409,2026-05-20,Calgary,Electronics,Online,Pending,51.34,50,4,13,2860
T002565,C0440,2026-05-20,Windsor,Clothing,In-Store,Completed,38.94,75,6,13,2410
T002566,C0432,2026-05-20,Calgary,Dining,Mobile App,Completed,119.58,48,8,20,533
T002567,C0801,2026-05-20,Mississauga,Dining,Online,Completed,359.53,29,5,7,1124
T002568,C0634,2026-05-20,Windsor,Groceries,Online,Completed,187.9,47,6,15,94
T002569,C0380,2026-05-20,Mississauga,Home,In-Store,Failed,64.62,71,7,23,2472
T002570,C0927,2026-05-20,Ottawa,Home,Mobile App,Completed,201.26,18,3,23,1536
T002571,C0803,2026-05-20,Vancouver,Electronics,Online,Completed,114.13,41,8,18,561
T002572,C0933,2026-05-20,Calgary,Travel,Online,Pending,82.11,20,11,17,537
T002573,C0731,2026-05-20,Windsor,Clothing,Online,Completed,77.87,66,10,2,74
T002574,C0392,2026-05-20,Calgary,Travel,In-Store,Completed,71.72,47,7,10,1936
T002575,C0773,2026-05-21,Ottawa,Electronics,Online,Completed,147.83,59,12,20,955
T002576,C0330,2026-05-21,Toronto,Home,In-Store,Completed,95.71,74,9,5,1317
T002577,C0271,2026-05-21,Calgary,Electronics,In-Store,Completed,45.76,66,11,8,712
T002578,C0452,2026-05-21,Mississauga,Dining,Online,Failed,43.92,41,9,15,1250
T002579,C0970,2026-05-21,Ottawa,Dining,Mobile App,Completed,110.24,72,10,23,1219
T002580,C0568,2026-05-21,Vancouver,Home,Mobile App,Completed,122.36,45,7,11,1380
T002581,C0384,2026-05-21,Toronto,Travel,Mobile App,Completed,65.14,74,10,19,1211
T002582,C0462,2026-05-21,Windsor,Clothing,Mobile App,Completed,32.47,74,9,10,389
T002583,C0292,2026-05-21,Vancouver,Home,Online,Completed,246.16,30,10,15,2583
T002584,C0659,2026-05-21,Windsor,Home,Mobile App,Completed,205.5,63,15,19,845
T002585,C0351,2026-05-21,Toronto,Home,Online,Completed,15.7,58,9,21,32
T002586,C0555,2026-05-21,Toronto,Home,Online,Completed,265.42,62,10,22,1359
T002587,C0370,2026-05-21,Vancouver,Home,In-Store,Completed,71.17,27,5,20,936
T002588,C0321,2026-05-21,Toronto,Home,Mobile App,Completed,99.9,47,8,10,2299
T002589,C0971,2026-05-21,Toronto,Travel,In-Store,Completed,223.66,26,13,2,1102
T002590,C0346,2026-05-21,Ottawa,Groceries,In-Store,Completed,346.3,70,12,0,2657
T002591,C0071,2026-05-21,Toronto,Groceries,In-Store,Completed,199.35,68,9,23,915
T002592,C0379,2026-05-21,Ottawa,Clothing,In-Store,Completed,104.33,51,9,21,835
T002593,C0533,2026-05-22,Ottawa,Electronics,In-Store,Completed,26.4,25,7,7,297
T002594,C0095,2026-05-22,Ottawa,Clothing,In-Store,Completed,15.19,56,5,1,496
T002595,C0306,2026-05-22,Mississauga,Home,In-Store,Completed,179.3,43,17,14,934
T002596,C0167,2026-05-22,Vancouver,Travel,In-Store,Completed,265.97,63,6,10,1115
T002597,C0501,2026-05-22,Ottawa,Clothing,Online,Failed,42.53,23,6,11,798
T002598,C0724,2026-05-22,Mississauga,Electronics,Online,Completed,67.58,41,9,7,1124
T002599,C0969,2026-05-22,Toronto,Dining,Online,Completed,52.93,38,4,0,220
T002600,C0390,2026-05-22,Windsor,Home,In-Store,Completed,51.75,73,8,8,1376
T002601,C0864,2026-05-22,Toronto,Clothing,Online,Completed,211.95,35,11,9,285
T002602,C0215,2026-05-22,Toronto,Electronics,Online,Pending,102.34,75,3,15,1847
T002603,C0781,2026-05-22,Windsor,Home,Mobile App,Pending,69.95,71,9,5,730
T002604,C0563,2026-05-22,Windsor,Dining,Online,Completed,813.66,52,10,20,1286
T002605,C0759,2026-05-22,Toronto,Home,Mobile App,Completed,25.11,28,12,19,1468
T002606,C0756,2026-05-22,Windsor,Travel,Online,Completed,135.42,30,9,17,784
T002607,C0533,2026-05-22,Ottawa,Travel,Mobile App,Completed,34.85,18,16,9,522
T002608,C0258,2026-05-22,Windsor,Groceries,Online,Pending,74.35,62,7,10,270
T002609,C0527,2026-05-22,Windsor,Dining,In-Store,Completed,96.45,60,9,22,2788
T002610,C0827,2026-05-22,Toronto,Clothing,Mobile App,Completed,174.26,36,6,4,2416
T002611,C0971,2026-05-23,Toronto,Home,Online,Completed,68.08,60,6,13,153
T002612,C0928,2026-05-23,Toronto,Groceries,In-Store,Completed,62.22,51,6,15,2224
T002613,C0182,2026-05-23,Mississauga,Groceries,Mobile App,Completed,67.05,65,9,23,1349
T002614,C0598,2026-05-23,Ottawa,Clothing,Online,Completed,33.94,23,8,11,2570
T002615,C0105,2026-05-23,Vancouver,Dining,Online,Completed,145.49,29,6,8,1157
T002616,C0669,2026-05-23,Ottawa,Home,Mobile App,Completed,107.96,64,10,8,591
T002617,C0993,2026-05-23,Ottawa,Groceries,Online,Completed,123.04,39,9,20,2292
T002618,C0053,2026-05-23,Calgary,Dining,Mobile App,Completed,80.12,73,18,11,2554
T002619,C0657,2026-05-23,Windsor,Groceries,Mobile App,Completed,72.15,69,5,8,108
T002620,C0946,2026-05-23,Vancouver,Clothing,Mobile App,Failed,230.88,23,7,18,2713
T002621,C0848,2026-05-23,Calgary,Home,Mobile App,Completed,202.59,41,9,20,1111
T002622,C0393,2026-05-23,Ottawa,Groceries,Mobile App,Completed,282.94,60,7,16,2540
T002623,C0104,2026-05-23,Calgary,Electronics,In-Store,Completed,116.67,25,8,20,1817
T002624,C0924,2026-05-23,Toronto,Home,Mobile App,Completed,268.38,67,14,19,143
T002625,C0922,2026-05-23,Calgary,Groceries,In-Store,Pending,59.68,23,9,16,2847
T002626,C0579,2026-05-23,Ottawa,Home,In-Store,Completed,71.66,24,12,23,1058
T002627,C0979,2026-05-23,Windsor,Home,Online,Completed,234.74,49,5,9,424
T002628,C0005,2026-05-23,Toronto,Groceries,Mobile App,Completed,174.09,32,8,23,2903
T002629,C0617,2026-05-23,Vancouver,Groceries,In-Store,Completed,66.4,55,2,8,1063
T002630,C0039,2026-05-24,Mississauga,Clothing,Mobile App,Completed,34.93,40,9,22,1629
T002631,C0936,2026-05-24,Windsor,Groceries,In-Store,Completed,71.47,33,9,16,1493
T002632,C0681,2026-05-24,Mississauga,Travel,Online,Completed,47.49,66,7,18,2315
T002633,C0914,2026-05-24,Calgary,Groceries,In-Store,Failed,368.15,27,6,23,912
T002634,C0563,2026-05-24,Mississauga,Travel,Mobile App,Completed,162.18,46,7,23,947
T002635,C0084,2026-05-24,Toronto,Dining,In-Store,Completed,44.33,27,9,21,2828
T002636,C0027,2026-05-24,Windsor,Clothing,Mobile App,Completed,34.97,25,7,11,1358
T002637,C0336,2026-05-24,Toronto,Home,Online,Completed,43.86,29,8,11,539
T002638,C0744,2026-05-24,Vancouver,Dining,Mobile App,Completed,52.86,32,8,3,1168
T002639,C0152,2026-05-24,Vancouver,Travel,Mobile App,Completed,73.77,41,5,9,1242
T002640,C0853,2026-05-24,Calgary,Travel,Mobile App,Completed,219.21,45,14,19,2395
T002641,C0240,2026-05-24,Ottawa,Home,Online,Completed,37.38,26,4,14,385
T002642,C0497,2026-05-24,Vancouver,Electronics,In-Store,Completed,595.12,20,15,4,473
T002643,C0204,2026-05-24,Mississauga,Electronics,Online,Completed,38.12,23,9,7,1807
T002644,C0466,2026-05-24,Ottawa,Dining,In-Store,Completed,25.66,54,9,12,1396
T002645,C0453,2026-05-24,Toronto,Clothing,Mobile App,Completed,356.99,74,7,7,200
T002646,C0006,2026-05-24,Ottawa,Home,In-Store,Pending,261.31,19,5,21,2664
T002647,C0568,2026-05-24,Ottawa,Electronics,Mobile App,Completed,72.8,20,7,19,61
T002648,C0787,2026-05-25,Toronto,Groceries,Mobile App,Completed,117.54,63,6,18,2596
T002649,C0937,2026-05-25,Ottawa,Travel,Mobile App,Completed,120.09,60,8,19,1877
T002650,C0331,2026-05-25,Vancouver,Travel,Mobile App,Completed,95.47,60,9,7,2449
T002651,C0881,2026-05-25,Mississauga,Dining,In-Store,Completed,28.24,28,9,3,2625
T002652,C0879,2026-05-25,Ottawa,Electronics,Mobile App,Completed,10.31,68,6,5,344
T002653,C0989,2026-05-25,Windsor,Home,Online,Completed,41.46,54,12,3,1814
T002654,C0374,2026-05-25,Windsor,Home,Mobile App,Completed,397.97,27,6,14,1753
T002655,C0851,2026-05-25,Toronto,Clothing,In-Store,Completed,411.48,24,3,5,1303
T002656,C0566,2026-05-25,Windsor,Travel,Mobile App,Completed,68.04,52,4,18,987
T002657,C0059,2026-05-25,Vancouver,Electronics,In-Store,Completed,37.65,63,5,19,1928
T002658,C0271,2026-05-25,Calgary,Dining,Online,Completed,107.67,63,13,18,2914
T002659,C0673,2026-05-25,Ottawa,Groceries,Mobile App,Pending,123.44,52,8,7,2967
T002660,C0161,2026-05-25,Ottawa,Electronics,Mobile App,Completed,141.64,47,41,18,1745
T002661,C0435,2026-05-25,Ottawa,Dining,Online,Failed,9.92,58,6,4,1455
T002662,C0775,2026-05-25,Mississauga,Dining,Online,Completed,1244.82,25,7,0,2706
T002663,C0150,2026-05-25,Mississauga,Groceries,In-Store,Completed,222.57,39,5,16,548
T002664,C0497,2026-05-25,Ottawa,Home,In-Store,Completed,71.84,23,9,16,564
T002665,C0215,2026-05-25,Vancouver,Electronics,In-Store,Completed,46.15,66,14,19,767
T002666,C0537,2026-05-26,Mississauga,Travel,Online,Completed,196.74,53,4,15,2485
T002667,C0241,2026-05-26,Ottawa,Dining,In-Store,Completed,129.51,63,12,11,638
T002668,C0966,2026-05-26,Mississauga,Dining,In-Store,Completed,91.93,46,8,9,1261
T002669,C0077,2026-05-26,Windsor,Home,Mobile App,Completed,125.49,71,5,16,515
T002670,C0964,2026-05-26,Windsor,Clothing,In-Store,Pending,77.23,71,10,23,1471
T002671,C0792,2026-05-26,Toronto,Home,In-Store,Completed,119.61,53,5,10,1303
T002672,C0856,2026-05-26,Mississauga,Dining,Online,Pending,157.6,66,8,10,2473
T002673,C0852,2026-05-26,Vancouver,Electronics,In-Store,Completed,113.8,56,7,5,246
T002674,C0188,2026-05-26,Vancouver,Dining,In-Store,Completed,108.85,59,4,1,621
T002675,C0932,2026-05-26,Calgary,Travel,Online,Completed,277.71,32,6,17,2208
T002676,C0595,2026-05-26,Toronto,Dining,Mobile App,Completed,21.87,74,17,1,513
T002677,C0963,2026-05-26,Vancouver,Dining,Mobile App,Completed,43.14,28,4,1,1205
T002678,C0879,2026-05-26,Vancouver,Groceries,Online,Completed,86.94,58,6,10,183
T002679,C0580,2026-05-26,Mississauga,Travel,In-Store,Completed,45.71,53,20,15,1886
T002680,C0375,2026-05-26,Windsor,Clothing,Mobile App,Completed,60.7,23,8,14,1633
T002681,C0118,2026-05-26,Mississauga,Travel,Online,Failed,253.97,62,2,23,1578
T002682,C0102,2026-05-26,Vancouver,Home,Online,Completed,74.89,22,12,23,2104
T002683,C0390,2026-05-26,Calgary,Home,In-Store,Completed,17.95,47,7,8,1000
T002684,C0811,2026-05-26,Ottawa,Home,Online,Completed,59.31,65,6,10,2787
T002685,C0506,2026-05-27,Ottawa,Groceries,In-Store,Completed,89.3,25,8,7,2870
T002686,C0482,2026-05-27,Ottawa,Home,Online,Completed,87.92,38,13,13,2312
T002687,C0245,2026-05-27,Toronto,Dining,Mobile App,Completed,136.36,47,7,14,2725
T002688,C0565,2026-05-27,Ottawa,Dining,In-Store,Completed,127.22,71,6,20,1866
T002689,C0639,2026-05-27,Toronto,Dining,Online,Completed,75.54,40,11,8,2770
T002690,C0983,2026-05-27,Calgary,Electronics,Mobile App,Completed,30.83,24,10,17,1539
T002691,C0730,2026-05-27,Calgary,Home,Online,Completed,58.42,25,9,2,2380
T002692,C0608,2026-05-27,Ottawa,Travel,In-Store,Completed,50.06,29,8,21,1386
T002693,C0911,2026-05-27,Mississauga,Home,Mobile App,Pending,66.71,68,6,2,2204
T002694,C0425,2026-05-27,Vancouver,Home,Mobile App,Completed,152.96,62,5,15,1328
T002695,C0935,2026-05-27,Ottawa,Dining,Online,Completed,119.84,42,8,3,1032
T002696,C0370,2026-05-27,Vancouver,Clothing,In-Store,Completed,171.24,67,5,22,2423
T002697,C0128,2026-05-27,Ottawa,Travel,Mobile App,Completed,61.32,71,16,20,471
T002698,C0418,2026-05-27,Windsor,Dining,Mobile App,Completed,306.36,68,5,15,1088
T002699,C0129,2026-05-27,Toronto,Clothing,Online,Completed,150.59,18,6,10,2801
T002700,C0119,2026-05-27,Windsor,Clothing,Mobile App,Completed,93.51,23,5,3,963
T002701,C0882,2026-05-27,Ottawa,Home,Online,Completed,141.95,60,11,23,1701
T002702,C0795,2026-05-27,Mississauga,Clothing,In-Store,Completed,47.86,40,9,8,2681
T002703,C0222,2026-05-28,Ottawa,Travel,Online,Completed,14.16,27,11,2,2754
T002704,C0838,2026-05-28,Windsor,Home,Online,Completed,50.75,55,4,11,2618
T002705,C0069,2026-05-28,Calgary,Groceries,Online,Completed,160.45,38,11,1,613
T002706,C0285,2026-05-28,Mississauga,Clothing,Online,Completed,91.0,71,5,19,2217
T002707,C0707,2026-05-28,Calgary,Dining,Mobile App,Completed,75.67,51,12,10,2292
T002708,C0304,2026-05-28,Mississauga,Dining,In-Store,Completed,41.35,31,5,7,1974
T002709,C0731,2026-05-28,Mississauga,Clothing,In-Store,Completed,16.12,72,7,6,2410
T002710,C0875,2026-05-28,Ottawa,Electronics,In-Store,Completed,285.37,52,4,11,1110
T002711,C0067,2026-05-28,Windsor,Home,In-Store,Completed,71.23,35,8,2,2322
T002712,C0024,2026-05-28,Windsor,Dining,Online,Completed,59.0,26,9,5,2305
T002713,C0941,2026-05-28,Mississauga,Dining,Online,Completed,48.03,50,5,7,2546
T002714,C0521,2026-05-28,Vancouver,Electronics,Mobile App,Completed,246.9,61,8,8,2362
T002715,C0507,2026-05-28,Toronto,Dining,Online,Completed,179.79,66,9,0,1740
T002716,C0464,2026-05-28,Mississauga,Home,Mobile App,Completed,37.36,25,11,6,1530
T002717,C0434,2026-05-28,Vancouver,Groceries,Mobile App,Completed,228.72,43,8,9,1779
T002718,C0691,2026-05-28,Vancouver,Travel,Online,Completed,75.14,75,6,22,1182
T002719,C0580,2026-05-28,Mississauga,Home,Online,Completed,50.59,56,6,21,2934
T002720,C0164,2026-05-28,Toronto,Dining,Online,Completed,66.23,23,7,21,381
T002721,C0627,2026-05-28,Toronto,Travel,In-Store,Completed,43.68,71,11,4,2805
T002722,C0669,2026-05-29,Mississauga,Dining,Online,Completed,27.66,57,11,17,1749
T002723,C0114,2026-05-29,Vancouver,Groceries,Mobile App,Completed,164.41,44,10,0,857
T002724,C0377,2026-05-29,Toronto,Travel,In-Store,Failed,70.46,63,2,2,1576
T002725,C0791,2026-05-29,Calgary,Home,Mobile App,Completed,143.64,55,9,0,380
T002726,C0619,2026-05-29,Vancouver,Travel,Mobile App,Completed,108.5,32,5,22,1922
T002727,C0137,2026-05-29,Toronto,Dining,In-Store,Completed,135.49,64,7,4,2938
T002728,C0041,2026-05-29,Mississauga,Groceries,In-Store,Completed,14.93,32,4,3,69
T002729,C0582,2026-05-29,Windsor,Home,Online,Completed,40.69,31,11,2,1506
T002730,C0462,2026-05-29,Calgary,Home,Online,Completed,137.91,52,10,1,1884
T002731,C0962,2026-05-29,Ottawa,Home,In-Store,Pending,28.76,19,9,2,1812
T002732,C0523,2026-05-29,Windsor,Dining,In-Store,Completed,116.72,54,7,1,2472
T002733,C0932,2026-05-29,Windsor,Travel,In-Store,Completed,26.06,49,8,14,2139
T002734,C0215,2026-05-29,Ottawa,Dining,Online,Completed,86.2,59,5,6,1779
T002735,C0448,2026-05-29,Toronto,Electronics,Mobile App,Completed,334.0,27,12,23,2830
T002736,C0140,2026-05-29,Windsor,Electronics,In-Store,Failed,164.2,51,9,3,1372
T002737,C0575,2026-05-29,Toronto,Dining,In-Store,Completed,17.63,43,9,4,719
T002738,C0189,2026-05-29,Ottawa,Travel,In-Store,Pending,174.82,28,11,4,2987
T002739,C0493,2026-05-29,Vancouver,Groceries,In-Store,Completed,400.04,44,8,8,2243
T002740,C0345,2026-05-30,Mississauga,Clothing,In-Store,Completed,3103.06,71,7,6,1853
T002741,C0186,2026-05-30,Toronto,Dining,Mobile App,Pending,127.29,65,5,23,1052
T002742,C0097,2026-05-30,Mississauga,Home,In-Store,Completed,26.65,27,8,21,2399
T002743,C0513,2026-05-30,Calgary,Electronics,Online,Completed,122.99,67,6,2,289
T002744,C0948,2026-05-30,Windsor,Groceries,Mobile App,Completed,330.06,50,7,21,689
T002745,C0199,2026-05-30,Toronto,Electronics,Online,Completed,72.5,20,12,23,2705
T002746,C0405,2026-05-30,Toronto,Home,Online,Completed,206.29,71,8,21,606
T002747,C0225,2026-05-30,Vancouver,Electronics,Online,Completed,41.64,48,6,21,112
T002748,C0809,2026-05-30,Toronto,Clothing,Mobile App,Completed,116.65,70,12,18,2773
T002749,C0415,2026-05-30,Ottawa,Home,In-Store,Completed,10.24,23,7,6,1057
T002750,C0975,2026-05-30,Calgary,Electronics,Online,Completed,37.9,27,3,15,2784
T002751,C0246,2026-05-30,Ottawa,Travel,Mobile App,Pending,84.56,70,8,5,36
T002752,C0081,2026-05-30,Mississauga,Electronics,Online,Completed,62.41,31,6,14,411
T002753,C0583,2026-05-30,Windsor,Dining,Mobile App,Completed,28.14,49,5,0,1630
T002754,C0652,2026-05-30,Toronto,Electronics,Mobile App,Completed,55.59,52,6,23,2891
T002755,C0991,2026-05-30,Toronto,Clothing,Online,Pending,112.49,73,8,0,1373
T002756,C0872,2026-05-30,Calgary,Home,Mobile App,Completed,78.99,37,7,7,2195
T002757,C0885,2026-05-30,Toronto,Electronics,In-Store,Completed,89.52,61,8,2,53
T002758,C0635,2026-05-31,Toronto,Electronics,Online,Completed,158.35,60,6,17,918
T002759,C0360,2026-05-31,Vancouver,Clothing,In-Store,Completed,63.5,58,7,15,1552
T002760,C0430,2026-05-31,Mississauga,Dining,In-Store,Completed,269.87,48,6,1,677
T002761,C0134,2026-05-31,Mississauga,Travel,Online,Completed,36.66,22,14,14,600
T002762,C0432,2026-05-31,Vancouver,Clothing,Mobile App,Completed,437.66,33,8,2,1964
T002763,C0365,2026-05-31,Ottawa,Groceries,Online,Completed,218.93,50,7,16,754
T002764,C0036,2026-05-31,Calgary,Home,Mobile App,Completed,62.81,41,6,14,319
T002765,C0205,2026-05-31,Mississauga,Dining,Mobile App,Completed,66.47,28,13,1,647
T002766,C0535,2026-05-31,Vancouver,Travel,In-Store,Completed,101.33,58,8,20,2140
T002767,C0370,2026-05-31,Calgary,Dining,Online,Completed,141.39,44,4,1,1809
T002768,C0994,2026-05-31,Mississauga,Clothing,Online,Completed,215.51,63,11,21,2471
T002769,C0479,2026-05-31,Windsor,Travel,Online,Completed,27.2,49,11,16,155
T002770,C0959,2026-05-31,Calgary,Electronics,In-Store,Completed,123.28,39,5,0,1541
T002771,C0661,2026-05-31,Windsor,Electronics,Mobile App,Completed,14.06,24,8,8,2820
T002772,C0041,2026-05-31,Toronto,Home,Online,Completed,73.11,24,6,6,2481
T002773,C0204,2026-05-31,Ottawa,Travel,Mobile App,Completed,292.5,47,9,21,1836
T002774,C0706,2026-05-31,Calgary,Electronics,Online,Completed,25.47,38,4,20,2033
T002775,C0546,2026-05-31,Toronto,Groceries,Online,Completed,21.83,59,7,8,275
T002776,C0302,2026-05-31,Calgary,Groceries,In-Store,Completed,102.55,54,8,13,1748
T002777,C0523,2026-06-01,Vancouver,Home,Mobile App,Completed,276.43,34,9,4,322
T002778,C0903,2026-06-01,Calgary,Home,Mobile App,Completed,112.08,62,7,3,1297
T002779,C0389,2026-06-01,Mississauga,Dining,In-Store,Completed,16.84,50,7,6,976
T002780,C0046,2026-06-01,Windsor,Electronics,Online,Completed,20.33,69,5,10,1967
T002781,C0311,2026-06-01,Ottawa,Dining,Online,Completed,92.36,73,6,0,2346
T002782,C0936,2026-06-01,Toronto,Groceries,Mobile App,Completed,31.2,73,4,18,2923
T002783,C0762,2026-06-01,Calgary,Travel,Online,Completed,95.47,25,7,18,2907
T002784,C0838,2026-06-01,Ottawa,Travel,Mobile App,Completed,100.41,48,12,18,379
T002785,C0912,2026-06-01,Mississauga,Home,Mobile App,Completed,56.06,19,8,17,142
T002786,C0118,2026-06-01,Ottawa,Electronics,Mobile App,Completed,397.5,69,5,20,531
T002787,C0283,2026-06-01,Vancouver,Electronics,Online,Completed,140.41,58,8,2,2422
T002788,C0060,2026-06-01,Ottawa,Groceries,Online,Completed,238.06,33,1,0,1999
T002789,C0005,2026-06-01,Calgary,Dining,Online,Completed,185.89,53,11,10,1833
T002790,C0835,2026-06-01,Calgary,Travel,In-Store,Completed,74.82,50,6,7,2954
T002791,C0937,2026-06-01,Calgary,Groceries,In-Store,Completed,72.05,49,6,19,1434
T002792,C0156,2026-06-01,Ottawa,Clothing,Online,Completed,66.0,49,5,7,1513
T002793,C0723,2026-06-01,Vancouver,Dining,In-Store,Completed,151.65,75,4,10,2118
T002794,C0535,2026-06-01,Windsor,Clothing,Online,Completed,48.9,62,6,6,1206
T002795,C0070,2026-06-02,Toronto,Dining,In-Store,Completed,368.31,41,8,19,552
T002796,C0916,2026-06-02,Mississauga,Groceries,Online,Completed,45.09,62,10,10,2882
T002797,C0872,2026-06-02,Calgary,Groceries,Mobile App,Completed,102.0,26,3,15,2914
T002798,C0568,2026-06-02,Toronto,Travel,Online,Completed,69.96,34,10,9,858
T002799,C0708,2026-06-02,Ottawa,Travel,Mobile App,Completed,57.94,24,7,17,417
T002800,C0398,2026-06-02,Windsor,Clothing,Online,Completed,538.69,69,5,9,1006
T002801,C0793,2026-06-02,Mississauga,Home,Online,Pending,58.53,19,8,21,1182
T002802,C0446,2026-06-02,Toronto,Groceries,Online,Completed,65.6,69,4,10,1283
T002803,C0990,2026-06-02,Vancouver,Electronics,In-Store,Completed,48.33,66,8,8,2928
T002804,C0064,2026-06-02,Vancouver,Electronics,Mobile App,Completed,88.02,72,8,7,1572
T002805,C0173,2026-06-02,Vancouver,Groceries,Online,Completed,77.99,62,9,19,2399
T002806,C0969,2026-06-02,Vancouver,Groceries,Mobile App,Completed,32.83,44,7,23,190
T002807,C0289,2026-06-02,Windsor,Groceries,Mobile App,Pending,59.26,65,8,13,516
T002808,C0311,2026-06-02,Ottawa,Travel,In-Store,Pending,142.72,75,13,13,1225
T002809,C0792,2026-06-02,Toronto,Groceries,In-Store,Pending,203.48,69,11,22,282
T002810,C0190,2026-06-02,Mississauga,Electronics,Mobile App,Completed,86.75,63,9,11,1760
T002811,C0514,2026-06-02,Ottawa,Groceries,Mobile App,Completed,89.37,62,7,20,730
T002812,C0287,2026-06-02,Vancouver,Clothing,Online,Completed,62.54,55,8,5,397
T002813,C0198,2026-06-03,Toronto,Travel,Mobile App,Completed,55.46,69,9,2,379
T002814,C0965,2026-06-03,Vancouver,Home,In-Store,Completed,38.9,43,6,6,1399
T002815,C0200,2026-06-03,Mississauga,Groceries,Online,Completed,22.64,47,10,2,997
T002816,C0095,2026-06-03,Calgary,Electronics,Mobile App,Completed,46.79,66,6,18,942
T002817,C0674,2026-06-03,Ottawa,Dining,Mobile App,Failed,183.29,33,10,3,945
T002818,C0868,2026-06-03,Ottawa,Travel,In-Store,Completed,59.26,62,6,9,361
T002819,C0128,2026-06-03,Vancouver,Groceries,Mobile App,Completed,63.34,24,10,18,381
T002820,C0708,2026-06-03,Vancouver,Electronics,Online,Completed,62.3,51,8,7,2750
T002821,C0541,2026-06-03,Toronto,Dining,Mobile App,Completed,244.85,20,3,21,341
T002822,C0831,2026-06-03,Ottawa,Groceries,In-Store,Completed,38.61,75,10,4,1093
T002823,C0127,2026-06-03,Toronto,Dining,Online,Completed,107.57,66,11,17,642
T002824,C0976,2026-06-03,Mississauga,Clothing,In-Store,Completed,80.19,32,7,23,1493
T002825,C0620,2026-06-03,Vancouver,Travel,Online,Completed,90.05,26,4,7,2238
T002826,C0843,2026-06-03,Calgary,Dining,In-Store,Completed,104.62,55,4,8,1588
T002827,C0362,2026-06-03,Windsor,Dining,Mobile App,Completed,89.23,70,13,17,2318
T002828,C0944,2026-06-03,Mississauga,Home,In-Store,Completed,166.79,36,14,4,522
T002829,C0627,2026-06-03,Ottawa,Travel,Mobile App,Completed,82.91,73,10,15,1882
T002830,C0127,2026-06-03,Mississauga,Travel,In-Store,Completed,374.42,44,9,17,1712
T002831,C0923,2026-06-03,Windsor,Home,Mobile App,Completed,88.28,43,11,22,81
T002832,C0796,2026-06-04,Windsor,Groceries,Online,Completed,19.98,37,10,21,760
T002833,C0301,2026-06-04,Mississauga,Groceries,Mobile App,Completed,146.24,33,8,5,1573
T002834,C0546,2026-06-04,Ottawa,Dining,In-Store,Completed,118.62,37,7,18,1827
T002835,C0389,2026-06-04,Calgary,Electronics,Mobile App,Completed,87.38,28,4,18,638
T002836,C0544,2026-06-04,Ottawa,Electronics,Online,Completed,68.17,39,6,8,378
T002837,C0966,2026-06-04,Mississauga,Groceries,Online,Pending,14.09,34,4,21,452
T002838,C0899,2026-06-04,Ottawa,Home,Mobile App,Completed,16.25,21,9,17,2382
T002839,C0216,2026-06-04,Vancouver,Travel,Mobile App,Completed,344.83,39,6,10,312
T002840,C0972,2026-06-04,Mississauga,Clothing,Mobile App,Failed,51.67,20,7,7,2594
T002841,C0438,2026-06-04,Mississauga,Groceries,In-Store,Completed,193.14,28,7,2,485
T002842,C0705,2026-06-04,Windsor,Dining,In-Store,Completed,21.76,60,14,11,2941
T002843,C0765,2026-06-04,Calgary,Travel,In-Store,Pending,34.91,19,13,2,1908
T002844,C0483,2026-06-04,Calgary,Travel,Mobile App,Completed,151.34,36,7,2,2689
T002845,C0457,2026-06-04,Windsor,Clothing,Online,Completed,77.91,57,11,16,1371
T002846,C0457,2026-06-04,Mississauga,Clothing,Online,Completed,134.25,19,4,6,2002
T002847,C0863,2026-06-04,Windsor,Dining,Online,Completed,84.02,60,53,13,1059
T002848,C0387,2026-06-04,Calgary,Clothing,In-Store,Completed,71.25,22,8,12,459
T002849,C0280,2026-06-04,Toronto,Electronics,Mobile App,Completed,47.68,21,8,13,2215
T002850,C0362,2026-06-05,Windsor,Groceries,In-Store,Completed,30.81,29,12,1,289
T002851,C0195,2026-06-05,Windsor,Home,In-Store,Completed,280.04,67,13,13,1282
T002852,C0392,2026-06-05,Ottawa,Groceries,In-Store,Failed,322.1,20,9,17,264
T002853,C0115,2026-06-05,Windsor,Electronics,Online,Completed,35.15,23,13,19,1563
T002854,C0090,2026-06-05,Ottawa,Groceries,Mobile App,Completed,33.25,72,6,9,2524
T002855,C0724,2026-06-05,Vancouver,Electronics,Mobile App,Pending,63.25,53,8,10,561
T002856,C0078,2026-06-05,Vancouver,Dining,Mobile App,Completed,113.52,50,7,12,2301
T002857,C0569,2026-06-05,Toronto,Groceries,Mobile App,Completed,72.83,20,4,15,948
T002858,C0780,2026-06-05,Toronto,Dining,In-Store,Completed,129.96,40,9,11,690
T002859,C0725,2026-06-05,Toronto,Home,Mobile App,Completed,81.52,51,9,15,2707
T002860,C0447,2026-06-05,Calgary,Groceries,In-Store,Completed,77.11,48,11,17,732
T002861,C0194,2026-06-05,Ottawa,Home,Mobile App,Completed,661.01,48,13,17,1744
T002862,C0931,2026-06-05,Ottawa,Dining,In-Store,Completed,54.39,24,4,15,316
T002863,C0836,2026-06-05,Vancouver,Travel,Mobile App,Completed,342.61,75,9,23,475
T002864,C0613,2026-06-05,Ottawa,Dining,Online,Completed,290.76,58,3,16,2916
T002865,C0087,2026-06-05,Windsor,Electronics,Online,Completed,130.47,32,13,22,1304
T002866,C0036,2026-06-05,Ottawa,Groceries,Online,Pending,16.53,74,6,5,775
T002867,C0316,2026-06-05,Vancouver,Travel,In-Store,Completed,87.27,35,15,15,2629
T002868,C0158,2026-06-05,Toronto,Home,Mobile App,Completed,54.88,25,10,15,2547
T002869,C0861,2026-06-06,Ottawa,Travel,In-Store,Completed,86.46,69,6,8,763
T002870,C0206,2026-06-06,Mississauga,Travel,Mobile App,Completed,34.44,26,7,12,2302
T002871,C0283,2026-06-06,Toronto,Travel,In-Store,Pending,161.66,21,15,9,841
T002872,C0976,2026-06-06,Windsor,Dining,Mobile App,Completed,196.35,54,11,1,2412
T002873,C0819,2026-06-06,Mississauga,Groceries,Mobile App,Completed,229.79,33,5,9,917
T002874,C0219,2026-06-06,Mississauga,Travel,Online,Completed,61.42,26,9,1,1896
T002875,C0384,2026-06-06,Windsor,Home,Mobile App,Completed,34.54,23,8,21,2907
T002876,C0516,2026-06-06,Ottawa,Electronics,Online,Completed,114.62,25,9,13,663
T002877,C0665,2026-06-06,Mississauga,Home,In-Store,Completed,378.16,73,9,14,669
T002878,C0937,2026-06-06,Mississauga,Home,In-Store,Completed,90.16,56,11,14,684
T002879,C0872,2026-06-06,Vancouver,Electronics,Online,Completed,124.85,66,10,8,1465
T002880,C0978,2026-06-06,Toronto,Travel,Mobile App,Completed,69.61,53,4,18,2802
T002881,C0041,2026-06-06,Mississauga,Clothing,In-Store,Completed,55.41,49,4,9,2531
T002882,C0237,2026-06-06,Toronto,Dining,Online,Completed,148.74,30,12,18,1673
T002883,C0564,2026-06-06,Calgary,Clothing,Online,Completed,77.67,74,12,11,1436
T002884,C0050,2026-06-06,Windsor,Home,Online,Completed,119.78,65,9,10,2021
T002885,C0356,2026-06-06,Vancouver,Travel,Online,Pending,130.85,48,6,6,2517
T002886,C0154,2026-06-06,Windsor,Home,Online,Completed,114.21,24,12,10,1605
T002887,C0933,2026-06-07,Windsor,Clothing,Online,Completed,136.57,62,11,5,1583
T002888,C0064,2026-06-07,Ottawa,Clothing,Mobile App,Completed,41.17,37,10,9,1047
T002889,C0149,2026-06-07,Vancouver,Home,Mobile App,Pending,39.08,30,7,8,2770
T002890,C0196,2026-06-07,Windsor,Electronics,Mobile App,Completed,81.98,60,6,22,2122
T002891,C0149,2026-06-07,Windsor,Groceries,In-Store,Completed,83.67,66,3,9,1892
T002892,C0569,2026-06-07,Calgary,Groceries,Mobile App,Completed,54.53,53,9,16,2582
T002893,C0365,2026-06-07,Windsor,Electronics,Mobile App,Completed,104.32,22,11,8,1908
T002894,C0913,2026-06-07,Windsor,Clothing,Online,Completed,183.94,52,8,8,724
T002895,C0261,2026-06-07,Vancouver,Travel,Mobile App,Completed,233.23,71,5,8,2091
T002896,C0538,2026-06-07,Toronto,Dining,Mobile App,Completed,282.33,57,6,16,512
T002897,C0661,2026-06-07,Calgary,Groceries,In-Store,Completed,27.8,33,9,4,534
T002898,C0626,2026-06-07,Calgary,Clothing,In-Store,Completed,31.63,55,6,12,225
T002899,C0797,2026-06-07,Calgary,Dining,In-Store,Completed,66.45,32,5,12,429
T002900,C0202,2026-06-07,Windsor,Clothing,Online,Completed,91.0,68,9,13,2712
T002901,C0508,2026-06-07,Toronto,Groceries,Online,Completed,69.41,67,2,2,136
T002902,C0801,2026-06-07,Mississauga,Electronics,Online,Completed,53.14,50,10,21,2071
T002903,C0864,2026-06-07,Mississauga,Groceries,Online,Completed,65.62,25,9,6,2679
T002904,C0618,2026-06-07,Calgary,Electronics,In-Store,Failed,128.18,41,8,14,2140
T002905,C0652,2026-06-08,Ottawa,Home,In-Store,Completed,27.45,25,12,7,770
T002906,C0865,2026-06-08,Calgary,Dining,Online,Pending,622.97,62,6,21,191
T002907,C0625,2026-06-08,Vancouver,Dining,Online,Completed,86.53,57,8,23,1390
T002908,C0949,2026-06-08,Vancouver,Electronics,Mobile App,Completed,207.65,33,12,12,1213
T002909,C0128,2026-06-08,Toronto,Electronics,Mobile App,Completed,51.92,67,8,21,2257
T002910,C0348,2026-06-08,Toronto,Clothing,In-Store,Completed,138.5,62,9,18,200
T002911,C0113,2026-06-08,Toronto,Home,Mobile App,Completed,92.55,72,9,23,2359
T002912,C0091,2026-06-08,Ottawa,Clothing,In-Store,Completed,176.08,34,4,12,2076
T002913,C0472,2026-06-08,Windsor,Clothing,Online,Completed,71.79,28,4,15,981
T002914,C0226,2026-06-08,Calgary,Dining,Mobile App,Pending,317.82,45,7,13,1046
T002915,C0408,2026-06-08,Toronto,Groceries,Mobile App,Completed,23.91,33,12,17,2080
T002916,C0438,2026-06-08,Calgary,Clothing,In-Store,Pending,190.49,60,11,10,2942
T002917,C0621,2026-06-08,Vancouver,Clothing,In-Store,Completed,94.03,42,7,9,1072
T002918,C0946,2026-06-08,Toronto,Travel,Online,Completed,35.77,54,9,15,2170
T002919,C0850,2026-06-08,Toronto,Groceries,In-Store,Completed,446.71,27,5,21,1803
T002920,C0379,2026-06-08,Mississauga,Clothing,In-Store,Completed,409.13,22,10,1,453
T002921,C0326,2026-06-08,Mississauga,Home,In-Store,Completed,14.58,72,6,22,2494
T002922,C0771,2026-06-08,Windsor,Electronics,Online,Pending,98.78,43,11,16,570
T002923,C0124,2026-06-08,Ottawa,Groceries,Mobile App,Completed,154.85,26,3,0,294
T002924,C0541,2026-06-09,Toronto,Clothing,In-Store,Completed,123.73,65,5,12,392
T002925,C0424,2026-06-09,Toronto,Electronics,Online,Pending,308.23,25,5,22,1190
T002926,C0183,2026-06-09,Vancouver,Clothing,Mobile App,Completed,258.3,75,7,17,771
T002927,C0617,2026-06-09,Calgary,Clothing,In-Store,Completed,106.49,40,11,13,1368
T002928,C0321,2026-06-09,Windsor,Electronics,In-Store,Completed,588.86,45,4,0,2914
T002929,C0186,2026-06-09,Calgary,Groceries,In-Store,Completed,188.48,33,9,10,249
T002930,C0654,2026-06-09,Mississauga,Travel,In-Store,Completed,63.05,22,2,6,2956
T002931,C0175,2026-06-09,Mississauga,Dining,Online,Completed,53.15,41,8,19,971
T002932,C0673,2026-06-09,Toronto,Home,Online,Completed,244.57,39,6,13,882
T002933,C0163,2026-06-09,Mississauga,Dining,Mobile App,Completed,43.32,43,8,6,270
T002934,C0435,2026-06-09,Mississauga,Electronics,In-Store,Completed,60.0,46,4,11,755
T002935,C0808,2026-06-09,Ottawa,Home,In-Store,Failed,69.34,54,5,16,2932
T002936,C0229,2026-06-09,Toronto,Clothing,Online,Completed,115.0,22,5,2,792
T002937,C0768,2026-06-09,Windsor,Travel,Mobile App,Completed,72.11,39,12,11,2422
T002938,C0722,2026-06-09,Mississauga,Home,Mobile App,Completed,27.75,68,4,1,1532
T002939,C0903,2026-06-09,Toronto,Clothing,Mobile App,Completed,228.24,73,5,4,131
T002940,C0169,2026-06-09,Toronto,Home,In-Store,Completed,60.27,49,8,1,1460
T002941,C0716,2026-06-09,Ottawa,Clothing,In-Store,Completed,473.24,39,7,14,289
T002942,C0937,2026-06-10,Calgary,Dining,Mobile App,Completed,110.06,42,9,9,1361
T002943,C0764,2026-06-10,Ottawa,Groceries,Mobile App,Completed,249.58,63,12,22,1457
T002944,C0188,2026-06-10,Toronto,Travel,In-Store,Completed,145.31,41,9,9,266
T002945,C0823,2026-06-10,Calgary,Clothing,Mobile App,Completed,259.94,72,9,15,1821
T002946,C0108,2026-06-10,Ottawa,Home,Mobile App,Completed,138.03,19,5,22,797
T002947,C0589,2026-06-10,Vancouver,Clothing,Mobile App,Completed,103.81,53,14,15,2396
T002948,C0498,2026-06-10,Windsor,Travel,Online,Completed,215.27,48,9,4,1378
T002949,C0532,2026-06-10,Ottawa,Travel,Online,Completed,703.26,44,10,0,2609
T002950,C0520,2026-06-10,Toronto,Groceries,Online,Completed,67.58,45,2,17,670
T002951,C0032,2026-06-10,Ottawa,Groceries,Mobile App,Completed,167.06,27,12,4,1971
T002952,C0509,2026-06-10,Windsor,Groceries,Online,Completed,84.62,38,5,4,1884
T002953,C0937,2026-06-10,Calgary,Home,Online,Completed,130.69,38,6,20,39
T002954,C0437,2026-06-10,Toronto,Clothing,Online,Completed,88.1,56,4,1,487
T002955,C0277,2026-06-10,Ottawa,Electronics,Online,Pending,13.58,52,9,7,888
T002956,C0995,2026-06-10,Toronto,Dining,Mobile App,Completed,71.7,41,5,14,1096
T002957,C0099,2026-06-10,Vancouver,Dining,Mobile App,Completed,198.79,48,6,21,2651
T002958,C0487,2026-06-10,Mississauga,Electronics,Mobile App,Completed,44.36,51,6,20,2284
T002959,C0513,2026-06-10,Calgary,Dining,Online,Failed,185.95,20,7,15,631
T002960,C0478,2026-06-11,Ottawa,Dining,In-Store,Completed,99.36,69,7,7,1787
T002961,C0922,2026-06-11,Mississauga,Clothing,Mobile App,Completed,72.23,69,6,5,168
T002962,C0422,2026-06-11,Toronto,Clothing,In-Store,Completed,183.57,39,8,13,2739
T002963,C0974,2026-06-11,Ottawa,Groceries,Mobile App,Completed,151.64,62,8,14,2077
T002964,C0067,2026-06-11,Mississauga,Dining,In-Store,Completed,121.52,41,10,15,886
T002965,C0734,2026-06-11,Toronto,Home,Online,Completed,201.58,21,6,23,2029
T002966,C0593,2026-06-11,Ottawa,Home,In-Store,Completed,101.02,68,8,16,60
T002967,C0241,2026-06-11,Windsor,Clothing,Mobile App,Completed,21.0,33,9,3,803
T002968,C0228,2026-06-11,Windsor,Clothing,Mobile App,Completed,61.64,38,4,14,1533
T002969,C0720,2026-06-11,Toronto,Groceries,In-Store,Completed,18.34,51,7,19,1902
T002970,C0638,2026-06-11,Mississauga,Home,In-Store,Completed,148.62,43,12,21,687
T002971,C0612,2026-06-11,Windsor,Clothing,Mobile App,Completed,182.08,33,11,9,1752
T002972,C0051,2026-06-11,Toronto,Home,Mobile App,Completed,189.26,64,17,4,396
T002973,C0598,2026-06-11,Mississauga,Home,In-Store,Completed,128.82,38,9,9,441
T002974,C0982,2026-06-11,Windsor,Electronics,Online,Completed,193.52,52,6,17,82
T002975,C0018,2026-06-11,Toronto,Groceries,Mobile App,Completed,22.25,56,6,4,2299
T002976,C0470,2026-06-11,Mississauga,Travel,Mobile App,Completed,77.57,72,5,22,1772
T002977,C0495,2026-06-11,Toronto,Dining,Online,Completed,25.53,45,8,19,681
T002978,C0897,2026-06-11,Calgary,Groceries,Online,Completed,62.68,45,10,8,1177
T002979,C0283,2026-06-12,Mississauga,Electronics,Online,Completed,335.78,70,11,10,2363
T002980,C0476,2026-06-12,Calgary,Home,In-Store,Completed,215.27,45,10,18,990
T002981,C0718,2026-06-12,Calgary,Dining,Online,Completed,149.25,35,9,14,824
T002982,C0061,2026-06-12,Calgary,Electronics,Mobile App,Completed,72.84,20,10,14,1162
T002983,C0802,2026-06-12,Ottawa,Travel,Mobile App,Completed,36.53,36,4,4,674
T002984,C0823,2026-06-12,Mississauga,Travel,Online,Completed,99.65,29,7,6,2296
T002985,C0720,2026-06-12,Vancouver,Electronics,Mobile App,Completed,218.49,35,9,4,2634
T002986,C0649,2026-06-12,Toronto,Home,Online,Completed,120.43,49,7,9,719
T002987,C0748,2026-06-12,Calgary,Travel,Mobile App,Pending,22.08,48,10,14,2764
T002988,C0782,2026-06-12,Windsor,Groceries,In-Store,Completed,92.9,28,7,21,1543
T002989,C0904,2026-06-12,Toronto,Electronics,Online,Completed,16.72,44,7,23,1978
T002990,C0429,2026-06-12,Windsor,Home,In-Store,Completed,168.38,44,13,11,2982
T002991,C0457,2026-06-12,Windsor,Groceries,Mobile App,Completed,47.16,20,12,10,2739
T002992,C0638,2026-06-12,Toronto,Groceries,Mobile App,Completed,30.05,34,8,7,178
T002993,C0194,2026-06-12,Vancouver,Travel,Online,Completed,170.36,59,10,20,366
T002994,C0857,2026-06-12,Toronto,Dining,Mobile App,Completed,136.75,19,8,23,1983
T002995,C0771,2026-06-12,Calgary,Electronics,Online,Completed,103.56,35,7,9,1867
T002996,C0632,2026-06-12,Mississauga,Dining,In-Store,Completed,547.63,45,12,7,2057
T002997,C0302,2026-06-13,Vancouver,Electronics,Online,Pending,145.82,27,9,23,533
T002998,C0348,2026-06-13,Mississauga,Dining,Mobile App,Completed,49.13,55,13,1,1285
T002999,C0435,2026-06-13,Toronto,Electronics,Mobile App,Completed,132.15,59,7,11,1462
T003000,C0663,2026-06-13,Windsor,Travel,In-Store,Completed,66.65,37,7,4,2427
T003001,C0779,2026-06-13,Ottawa,Clothing,Mobile App,Completed,249.48,31,10,14,1950
T003002,C0672,2026-06-13,Vancouver,Home,Mobile App,Completed,107.93,63,9,23,2024
T003003,C0930,2026-06-13,Windsor,Groceries,Online,Completed,117.4,30,7,1,1044
T003004,C0961,2026-06-13,Mississauga,Electronics,Online,Completed,24.94,26,5,7,2145
T003005,C0705,2026-06-13,Calgary,Electronics,Online,Completed,89.55,19,10,1,287
T003006,C0371,2026-06-13,Calgary,Travel,In-Store,Completed,81.03,23,16,20,414
T003007,C0600,2026-06-13,Mississauga,Travel,In-Store,Completed,35.59,68,7,3,1299
T003008,C0426,2026-06-13,Windsor,Home,Online,Completed,70.41,72,12,20,1655
T003009,C0630,2026-06-13,Windsor,Home,In-Store,Completed,123.11,49,4,8,890
T003010,C0813,2026-06-13,Ottawa,Clothing,Online,Completed,84.69,71,6,0,526
T003011,C0370,2026-06-13,Ottawa,Electronics,Mobile App,Completed,25.59,59,8,11,1528
T003012,C0506,2026-06-13,Windsor,Groceries,Mobile App,Completed,67.38,41,7,17,266
T003013,C0046,2026-06-13,Toronto,Home,Mobile App,Failed,2772.8,59,10,5,655
T003014,C0737,2026-06-13,Mississauga,Home,Online,Completed,100.2,42,9,13,1290
T003015,C0490,2026-06-13,Vancouver,Electronics,Mobile App,Completed,91.41,73,6,9,1522
T003016,C0460,2026-06-14,Toronto,Groceries,In-Store,Completed,59.91,67,5,14,323
T003017,C0533,2026-06-14,Mississauga,Clothing,Mobile App,Completed,57.95,66,9,4,2421
T003018,C0216,2026-06-14,Toronto,Travel,Mobile App,Completed,90.0,48,6,10,31
T003019,C0598,2026-06-14,Windsor,Home,In-Store,Completed,192.71,48,13,21,1514
T003020,C0746,2026-06-14,Ottawa,Travel,Online,Completed,107.72,24,8,3,2914
T003021,C0350,2026-06-14,Windsor,Clothing,Mobile App,Pending,284.93,55,6,6,2693
T003022,C0132,2026-06-14,Windsor,Clothing,In-Store,Completed,222.71,24,8,3,2634
T003023,C0387,2026-06-14,Calgary,Groceries,Mobile App,Completed,303.33,49,5,9,2136
T003024,C0199,2026-06-14,Windsor,Groceries,Mobile App,Completed,272.05,25,8,0,582
T003025,C0374,2026-06-14,Windsor,Clothing,Online,Completed,320.91,45,8,0,1907
T003026,C0627,2026-06-14,Calgary,Electronics,Mobile App,Completed,31.9,63,14,6,475
T003027,C0114,2026-06-14,Ottawa,Electronics,Online,Completed,147.37,35,7,17,2934
T003028,C0748,2026-06-14,Toronto,Clothing,Online,Completed,239.42,52,5,15,1048
T003029,C0225,2026-06-14,Mississauga,Electronics,Online,Completed,279.17,33,5,13,165
T003030,C0895,2026-06-14,Ottawa,Groceries,Mobile App,Completed,44.15,35,8,6,364
T003031,C0733,2026-06-14,Windsor,Groceries,Online,Completed,148.62,28,5,22,312
T003032,C0273,2026-06-14,Ottawa,Dining,Mobile App,Completed,90.61,27,8,9,1036
T003033,C0564,2026-06-14,Ottawa,Travel,Online,Completed,408.57,39,6,14,557
T003034,C0111,2026-06-15,Windsor,Clothing,In-Store,Completed,26.14,25,5,14,2124
T003035,C0100,2026-06-15,Vancouver,Home,Online,Completed,44.2,69,5,21,2105
T003036,C0957,2026-06-15,Mississauga,Travel,In-Store,Completed,18.24,61,6,15,741
T003037,C0803,2026-06-15,Calgary,Clothing,In-Store,Pending,96.12,30,13,10,358
T003038,C0155,2026-06-15,Toronto,Electronics,Mobile App,Completed,582.26,69,8,20,2342
T003039,C0283,2026-06-15,Windsor,Dining,Mobile App,Completed,81.86,39,12,15,181
T003040,C0198,2026-06-15,Vancouver,Electronics,Mobile App,Failed,92.62,48,10,8,2770
T003041,C0396,2026-06-15,Calgary,Groceries,In-Store,Failed,135.69,58,9,0,884
T003042,C0292,2026-06-15,Windsor,Home,Online,Completed,77.0,62,11,17,142
T003043,C0329,2026-06-15,Calgary,Electronics,Online,Completed,116.02,18,3,18,2149
T003044,C0530,2026-06-15,Windsor,Dining,Mobile App,Completed,118.63,34,5,8,1635
T003045,C0190,2026-06-15,Mississauga,Dining,In-Store,Failed,41.43,37,1,14,2640
T003046,C0883,2026-06-15,Windsor,Groceries,Mobile App,Completed,78.47,51,8,17,257
T003047,C0728,2026-06-15,Mississauga,Home,In-Store,Completed,159.7,68,10,18,1262
T003048,C0761,2026-06-15,Calgary,Electronics,In-Store,Completed,187.16,43,9,22,1666
T003049,C0170,2026-06-15,Vancouver,Groceries,Mobile App,Failed,256.31,44,9,14,977
T003050,C0709,2026-06-15,Vancouver,Dining,Mobile App,Completed,113.04,23,8,8,140
T003051,C0837,2026-06-15,Windsor,Groceries,Online,Completed,115.02,48,11,10,376
T003052,C0176,2026-06-16,Calgary,Home,In-Store,Completed,160.82,46,14,11,1506
T003053,C0752,2026-06-16,Mississauga,Electronics,Online,Completed,51.27,54,9,4,1634
T003054,C0358,2026-06-16,Ottawa,Electronics,Mobile App,Completed,49.51,67,8,5,1298
T003055,C0788,2026-06-16,Vancouver,Electronics,Online,Completed,76.45,50,3,4,1865
T003056,C0479,2026-06-16,Ottawa,Groceries,Mobile App,Completed,28.76,21,6,12,2874
T003057,C0803,2026-06-16,Ottawa,Groceries,Mobile App,Completed,120.12,65,5,10,228
T003058,C0148,2026-06-16,Mississauga,Travel,Online,Completed,207.34,45,4,12,569
T003059,C0390,2026-06-16,Ottawa,Electronics,In-Store,Completed,46.48,46,8,1,1538
T003060,C0274,2026-06-16,Calgary,Groceries,Online,Completed,123.04,68,10,19,352
T003061,C0249,2026-06-16,Mississauga,Electronics,In-Store,Completed,49.79,52,9,21,1214
T003062,C0309,2026-06-16,Ottawa,Electronics,In-Store,Pending,35.82,63,7,18,246
T003063,C0383,2026-06-16,Windsor,Dining,In-Store,Completed,487.79,69,8,16,176
T003064,C0128,2026-06-16,Mississauga,Home,Mobile App,Failed,36.26,46,11,9,444
T003065,C0708,2026-06-16,Vancouver,Electronics,In-Store,Completed,28.65,74,13,2,363
T003066,C0551,2026-06-16,Ottawa,Clothing,In-Store,Completed,102.02,27,9,4,1771
T003067,C0830,2026-06-16,Windsor,Clothing,Online,Completed,106.79,68,7,7,1768
T003068,C0706,2026-06-16,Ottawa,Groceries,Mobile App,Completed,149.87,67,5,6,2920
T003069,C0150,2026-06-16,Vancouver,Travel,Online,Completed,465.77,23,6,7,2569
T003070,C0070,2026-06-16,Toronto,Dining,In-Store,Completed,43.91,26,8,12,1799
T003071,C0423,2026-06-17,Toronto,Travel,Online,Completed,51.99,20,10,10,2754
T003072,C0482,2026-06-17,Mississauga,Electronics,Online,Completed,333.66,34,11,23,1966
T003073,C0241,2026-06-17,Ottawa,Dining,In-Store,Completed,188.84,75,6,2,2808
T003074,C0783,2026-06-17,Windsor,Groceries,Mobile App,Completed,167.79,25,8,16,1857
T003075,C0582,2026-06-17,Vancouver,Home,Online,Completed,51.48,19,9,5,2551
T003076,C0748,2026-06-17,Calgary,Travel,In-Store,Completed,221.33,44,6,6,550
T003077,C0110,2026-06-17,Ottawa,Groceries,Mobile App,Completed,168.23,38,5,10,2919
T003078,C0816,2026-06-17,Mississauga,Travel,In-Store,Completed,99.86,54,8,23,2835
T003079,C0207,2026-06-17,Toronto,Home,Online,Completed,51.7,53,9,22,205
T003080,C0449,2026-06-17,Vancouver,Clothing,Online,Failed,93.07,65,12,20,2975
T003081,C0440,2026-06-17,Calgary,Electronics,Mobile App,Completed,345.11,42,10,1,1258
T003082,C0821,2026-06-17,Mississauga,Home,Online,Completed,33.54,44,11,10,493
T003083,C0277,2026-06-17,Ottawa,Electronics,Online,Completed,43.07,19,5,19,2190
T003084,C0241,2026-06-17,Vancouver,Electronics,Online,Completed,49.85,74,4,16,769
T003085,C0340,2026-06-17,Vancouver,Groceries,Mobile App,Completed,59.95,30,12,8,2020
T003086,C0361,2026-06-17,Toronto,Home,In-Store,Completed,1524.93,52,6,2,1723
T003087,C0182,2026-06-17,Vancouver,Clothing,Mobile App,Completed,191.99,69,9,11,2000
T003088,C0177,2026-06-17,Calgary,Travel,In-Store,Completed,125.82,53,10,23,2759
T003089,C0232,2026-06-18,Vancouver,Clothing,Online,Completed,89.51,54,12,7,2120
T003090,C0468,2026-06-18,Mississauga,Electronics,Online,Completed,107.57,28,3,3,1755
T003091,C0344,2026-06-18,Ottawa,Groceries,Online,Completed,144.47,59,13,19,810
T003092,C0393,2026-06-18,Windsor,Home,Online,Completed,20.35,29,13,20,1150
T003093,C0720,2026-06-18,Ottawa,Home,In-Store,Completed,211.35,58,4,19,486
T003094,C0241,2026-06-18,Windsor,Groceries,Online,Completed,42.11,51,5,11,1158
T003095,C0910,2026-06-18,Mississauga,Groceries,Online,Completed,58.3,46,7,11,70
T003096,C0752,2026-06-18,Windsor,Travel,In-Store,Completed,113.52,59,10,17,1218
T003097,C0175,2026-06-18,Mississauga,Groceries,In-Store,Completed,79.72,59,9,1,72
T003098,C0314,2026-06-18,Mississauga,Clothing,Mobile App,Completed,128.58,29,11,7,2794
T003099,C0184,2026-06-18,Toronto,Home,In-Store,Completed,95.89,39,0,2,785
T003100,C0273,2026-06-18,Vancouver,Electronics,In-Store,Completed,66.47,46,3,12,2320
T003101,C0366,2026-06-18,Mississauga,Electronics,In-Store,Completed,311.72,26,10,22,459
T003102,C0131,2026-06-18,Calgary,Home,Online,Completed,155.17,38,7,14,2407
T003103,C0015,2026-06-18,Windsor,Dining,In-Store,Completed,109.89,20,2,1,98
T003104,C0439,2026-06-18,Vancouver,Electronics,In-Store,Completed,153.13,43,7,9,158
T003105,C0701,2026-06-18,Windsor,Groceries,Online,Completed,46.67,29,8,14,874
T003106,C0303,2026-06-18,Ottawa,Home,Mobile App,Completed,539.8,30,4,11,949
T003107,C0861,2026-06-19,Mississauga,Home,In-Store,Completed,33.72,65,5,11,2429
T003108,C0370,2026-06-19,Mississauga,Groceries,Mobile App,Completed,93.58,26,5,23,2357
T003109,C0901,2026-06-19,Ottawa,Clothing,Online,Completed,66.63,25,7,4,1583
T003110,C0236,2026-06-19,Vancouver,Groceries,Mobile App,Completed,64.52,36,3,10,382
T003111,C0540,2026-06-19,Windsor,Groceries,In-Store,Completed,57.77,19,5,8,2417
T003112,C0764,2026-06-19,Calgary,Dining,Mobile App,Completed,44.11,68,9,3,806
T003113,C0060,2026-06-19,Windsor,Dining,In-Store,Completed,233.4,75,7,23,2013
T003114,C0931,2026-06-19,Windsor,Home,In-Store,Completed,30.53,64,13,11,2473
T003115,C0365,2026-06-19,Windsor,Clothing,Online,Completed,196.11,64,7,11,763
T003116,C0498,2026-06-19,Calgary,Groceries,Mobile App,Completed,147.51,23,12,21,1688
T003117,C0629,2026-06-19,Toronto,Travel,Online,Completed,61.49,50,12,6,2243
T003118,C0643,2026-06-19,Mississauga,Home,Online,Pending,133.67,23,12,6,1645
T003119,C0024,2026-06-19,Mississauga,Travel,In-Store,Completed,74.32,35,2,20,1192
T003120,C0868,2026-06-19,Vancouver,Electronics,Mobile App,Completed,33.34,46,15,7,906
T003121,C0624,2026-06-19,Mississauga,Groceries,Mobile App,Completed,33.64,57,8,10,2052
T003122,C0999,2026-06-19,Calgary,Dining,Mobile App,Completed,148.38,34,8,6,305
T003123,C0472,2026-06-19,Vancouver,Dining,In-Store,Completed,141.98,32,13,6,1696
T003124,C0614,2026-06-19,Vancouver,Dining,Mobile App,Pending,104.41,65,10,8,2599
T003125,C0442,2026-06-19,Vancouver,Groceries,In-Store,Pending,60.94,31,9,6,699
T003126,C0890,2026-06-20,Toronto,Groceries,In-Store,Completed,72.3,46,7,11,569
T003127,C0833,2026-06-20,Mississauga,Travel,Online,Completed,64.45,34,4,19,1741
T003128,C0909,2026-06-20,Ottawa,Home,Mobile App,Completed,19.25,67,6,8,1594
T003129,C0505,2026-06-20,Windsor,Travel,Online,Completed,89.54,49,12,6,471
T003130,C0792,2026-06-20,Toronto,Dining,Online,Completed,132.52,24,5,4,1789
T003131,C0359,2026-06-20,Toronto,Home,In-Store,Completed,90.03,26,7,10,266
T003132,C0461,2026-06-20,Vancouver,Clothing,In-Store,Completed,382.39,74,6,8,1446
T003133,C0761,2026-06-20,Ottawa,Clothing,Online,Completed,36.19,72,6,9,221
T003134,C0082,2026-06-20,Windsor,Travel,In-Store,Completed,48.46,62,6,9,2446
T003135,C0711,2026-06-20,Vancouver,Clothing,Online,Completed,95.18,22,14,13,2907
T003136,C0016,2026-06-20,Vancouver,Travel,In-Store,Pending,104.57,60,10,11,44
T003137,C0581,2026-06-20,Vancouver,Travel,Mobile App,Completed,16.89,56,10,4,1931
T003138,C0478,2026-06-20,Calgary,Travel,Mobile App,Completed,141.87,72,7,15,1106
T003139,C0469,2026-06-20,Calgary,Clothing,Online,Completed,104.97,46,9,13,334
T003140,C0495,2026-06-20,Windsor,Home,In-Store,Completed,14.03,45,7,17,2109
T003141,C0492,2026-06-20,Vancouver,Electronics,In-Store,Completed,76.97,54,10,19,2638
T003142,C0408,2026-06-20,Mississauga,Clothing,Online,Completed,42.75,26,6,19,173
T003143,C0452,2026-06-20,Mississauga,Groceries,Online,Completed,57.82,61,6,17,458
T003144,C0569,2026-06-21,Ottawa,Travel,Online,Completed,27.26,46,8,6,2765
T003145,C0764,2026-06-21,Ottawa,Home,Mobile App,Completed,121.08,28,7,2,100
T003146,C0553,2026-06-21,Mississauga,Travel,In-Store,Completed,380.0,65,2,14,1155
T003147,C0643,2026-06-21,Calgary,Electronics,Online,Failed,106.48,33,8,4,2739
T003148,C0837,2026-06-21,Windsor,Travel,Mobile App,Completed,13.56,67,8,4,1797
T003149,C0990,2026-06-21,Toronto,Dining,Online,Completed,108.35,33,11,15,609
T003150,C0109,2026-06-21,Toronto,Dining,Mobile App,Completed,72.04,46,4,14,58
T003151,C0713,2026-06-21,Vancouver,Electronics,In-Store,Completed,33.34,43,6,4,1588
T003152,C0226,2026-06-21,Mississauga,Travel,Online,Completed,114.8,60,4,22,1631
T003153,C0197,2026-06-21,Mississauga,Electronics,In-Store,Completed,179.55,28,6,2,1543
T003154,C0794,2026-06-21,Ottawa,Dining,Mobile App,Completed,48.16,32,9,20,643
T003155,C0069,2026-06-21,Mississauga,Home,In-Store,Pending,21.02,29,11,19,2868
T003156,C0848,2026-06-21,Ottawa,Clothing,Mobile App,Completed,15.37,31,9,14,1027
T003157,C0771,2026-06-21,Toronto,Dining,Mobile App,Completed,48.27,44,6,8,2751
T003158,C0995,2026-06-21,Toronto,Home,Online,Completed,74.48,52,5,6,2815
T003159,C0668,2026-06-21,Calgary,Groceries,Mobile App,Pending,54.82,68,10,13,634
T003160,C0873,2026-06-21,Mississauga,Home,In-Store,Completed,47.55,42,4,3,2162
T003161,C0119,2026-06-21,Windsor,Dining,Mobile App,Completed,137.74,41,13,18,1432
T003162,C0890,2026-06-21,Mississauga,Clothing,In-Store,Completed,125.97,27,5,10,1948
T003163,C0161,2026-06-22,Mississauga,Home,In-Store,Completed,100.72,23,8,12,1646
T003164,C0315,2026-06-22,Windsor,Travel,In-Store,Completed,170.15,62,9,9,2966
T003165,C0129,2026-06-22,Windsor,Travel,Mobile App,Completed,48.66,54,11,2,1804
T003166,C0402,2026-06-22,Vancouver,Clothing,Online,Completed,33.52,48,11,16,560
T003167,C0749,2026-06-22,Toronto,Electronics,Mobile App,Completed,54.53,43,7,16,2543
T003168,C0269,2026-06-22,Windsor,Electronics,Online,Completed,2490.31,48,14,2,210
T003169,C0823,2026-06-22,Mississauga,Dining,Mobile App,Completed,14.87,67,11,8,2159
T003170,C0607,2026-06-22,Ottawa,Dining,Online,Completed,53.46,28,8,1,2312
T003171,C0629,2026-06-22,Calgary,Clothing,Online,Failed,217.41,46,4,8,1625
T003172,C0939,2026-06-22,Calgary,Electronics,Online,Completed,167.9,31,7,17,98
T003173,C0432,2026-06-22,Windsor,Travel,In-Store,Completed,132.83,24,11,13,1020
T003174,C0345,2026-06-22,Ottawa,Groceries,Online,Completed,95.06,58,4,14,2344
T003175,C0995,2026-06-22,Toronto,Groceries,In-Store,Completed,291.26,58,8,14,2569
T003176,C0558,2026-06-22,Ottawa,Home,Mobile App,Completed,34.52,67,11,8,1533
T003177,C0615,2026-06-22,Toronto,Home,Online,Completed,37.43,19,8,9,1422
T003178,C0297,2026-06-22,Toronto,Home,In-Store,Completed,221.03,28,14,17,703
T003179,C0216,2026-06-22,Vancouver,Electronics,Mobile App,Completed,87.02,51,10,17,1421
T003180,C0170,2026-06-22,Windsor,Travel,In-Store,Failed,48.05,65,6,10,1931
T003181,C0224,2026-06-23,Mississauga,Clothing,Mobile App,Completed,135.88,72,11,17,2827
T003182,C0196,2026-06-23,Toronto,Electronics,In-Store,Pending,58.55,63,10,19,1497
T003183,C0747,2026-06-23,Vancouver,Clothing,Online,Completed,41.71,70,6,9,252
T003184,C0058,2026-06-23,Vancouver,Clothing,In-Store,Completed,40.74,65,8,20,592
T003185,C0630,2026-06-23,Ottawa,Dining,In-Store,Completed,111.72,36,9,3,1491
T003186,C0950,2026-06-23,Calgary,Dining,Online,Completed,101.25,51,6,17,2423
T003187,C0766,2026-06-23,Mississauga,Electronics,Mobile App,Completed,308.55,54,9,13,1799
T003188,C0403,2026-06-23,Windsor,Clothing,Online,Completed,66.43,38,9,22,889
T003189,C0060,2026-06-23,Toronto,Home,Online,Completed,65.47,69,4,4,2831
T003190,C0835,2026-06-23,Windsor,Home,Online,Completed,2706.59,62,6,1,757
T003191,C0004,2026-06-23,Windsor,Clothing,Mobile App,Completed,196.46,47,7,1,92
T003192,C0682,2026-06-23,Windsor,Dining,In-Store,Failed,96.14,45,5,3,2096
T003193,C0671,2026-06-23,Windsor,Clothing,Mobile App,Completed,22.55,63,8,12,185
T003194,C0192,2026-06-23,Ottawa,Electronics,In-Store,Completed,42.63,30,12,18,1276
T003195,C0740,2026-06-23,Toronto,Home,Online,Completed,34.7,30,5,19,477
T003196,C0176,2026-06-23,Ottawa,Electronics,In-Store,Completed,87.67,41,5,17,1050
T003197,C0226,2026-06-23,Mississauga,Dining,Online,Completed,55.18,25,8,6,1050
T003198,C0812,2026-06-23,Vancouver,Groceries,In-Store,Completed,332.0,44,12,10,1693
T003199,C0980,2026-06-24,Ottawa,Groceries,Online,Completed,22.35,43,8,1,2927
T003200,C0265,2026-06-24,Calgary,Dining,Mobile App,Completed,31.67,47,9,12,1988
T003201,C0922,2026-06-24,Mississauga,Travel,In-Store,Completed,104.65,44,10,18,472
T003202,C0914,2026-06-24,Windsor,Groceries,Online,Completed,132.41,70,4,4,399
T003203,C0770,2026-06-24,Ottawa,Home,Mobile App,Completed,9.43,33,5,12,1041
T003204,C0141,2026-06-24,Ottawa,Groceries,In-Store,Completed,19.44,41,4,8,2689
T003205,C0300,2026-06-24,Mississauga,Home,Online,Completed,67.94,60,6,21,1330
T003206,C0678,2026-06-24,Ottawa,Electronics,In-Store,Completed,269.16,34,11,1,1135
T003207,C1000,2026-06-24,Mississauga,Dining,Online,Completed,422.95,56,6,17,806
T003208,C0815,2026-06-24,Windsor,Groceries,Mobile App,Pending,59.76,73,9,0,610
T003209,C0421,2026-06-24,Windsor,Clothing,In-Store,Completed,73.52,39,10,10,1500
T003210,C0236,2026-06-24,Calgary,Clothing,Mobile App,Pending,41.73,32,6,15,414
T003211,C0961,2026-06-24,Vancouver,Groceries,Mobile App,Completed,145.6,29,8,10,1423
T003212,C0277,2026-06-24,Toronto,Groceries,Mobile App,Completed,311.66,18,9,14,2700
T003213,C0343,2026-06-24,Calgary,Travel,In-Store,Completed,247.22,34,5,15,432
T003214,C0965,2026-06-24,Vancouver,Home,Online,Completed,82.93,67,6,16,218
T003215,C0562,2026-06-24,Toronto,Groceries,In-Store,Completed,41.67,32,5,0,552
T003216,C0265,2026-06-24,Vancouver,Electronics,In-Store,Completed,85.59,73,5,2,2134
T003217,C0006,2026-06-24,Ottawa,Travel,Online,Pending,274.88,73,8,12,189
T003218,C0430,2026-06-25,Calgary,Groceries,Mobile App,Completed,60.47,57,10,19,90
T003219,C0987,2026-06-25,Mississauga,Electronics,Mobile App,Completed,18.17,74,7,14,289
T003220,C0433,2026-06-25,Ottawa,Groceries,In-Store,Completed,62.59,41,9,9,2639
T003221,C0700,2026-06-25,Windsor,Dining,Mobile App,Completed,67.05,73,7,19,33
T003222,C0254,2026-06-25,Windsor,Clothing,Mobile App,Completed,18.08,49,6,7,2733
T003223,C0776,2026-06-25,Ottawa,Dining,Online,Completed,103.53,22,10,19,1803
T003224,C0776,2026-06-25,Vancouver,Electronics,In-Store,Completed,130.68,66,10,14,823
T003225,C0609,2026-06-25,Calgary,Dining,Mobile App,Completed,413.05,73,6,18,2703
T003226,C0772,2026-06-25,Vancouver,Travel,In-Store,Completed,27.39,69,9,13,214
T003227,C0579,2026-06-25,Ottawa,Groceries,Mobile App,Completed,158.16,42,10,18,603
T003228,C0379,2026-06-25,Ottawa,Groceries,In-Store,Completed,193.34,23,6,17,146
T003229,C0738,2026-06-25,Mississauga,Electronics,Online,Completed,132.2,51,5,12,888
T003230,C0836,2026-06-25,Vancouver,Home,In-Store,Completed,36.12,68,3,0,2875
T003231,C0842,2026-06-25,Windsor,Clothing,In-Store,Completed,34.38,66,7,10,1664
T003232,C0214,2026-06-25,Windsor,Groceries,Mobile App,Completed,92.32,53,9,22,1934
T003233,C0677,2026-06-25,Calgary,Electronics,Online,Completed,91.77,63,10,14,671
T003234,C0005,2026-06-25,Ottawa,Dining,Online,Completed,52.83,19,6,11,2859
T003235,C0572,2026-06-25,Mississauga,Electronics,Online,Completed,254.82,54,6,7,2828
T003236,C0572,2026-06-26,Calgary,Home,In-Store,Completed,60.46,24,6,0,1456
T003237,C0364,2026-06-26,Calgary,Home,Mobile App,Completed,17.0,61,8,4,1380
T003238,C0995,2026-06-26,Windsor,Electronics,In-Store,Completed,70.26,20,11,13,2412
T003239,C0883,2026-06-26,Ottawa,Groceries,Mobile App,Completed,127.85,52,14,1,1328
T003240,C0039,2026-06-26,Mississauga,Electronics,Mobile App,Completed,113.67,73,13,18,2847
T003241,C0209,2026-06-26,Vancouver,Travel,In-Store,Completed,112.93,24,11,8,907
T003242,C0208,2026-06-26,Calgary,Clothing,In-Store,Completed,302.64,42,6,11,775
T003243,C0898,2026-06-26,Ottawa,Dining,Online,Failed,32.95,20,11,13,620
T003244,C0519,2026-06-26,Vancouver,Electronics,Mobile App,Completed,59.29,59,7,7,296
T003245,C0729,2026-06-26,Ottawa,Electronics,Mobile App,Completed,316.06,71,6,14,2626
T003246,C0810,2026-06-26,Calgary,Groceries,Mobile App,Pending,15.97,18,15,13,863
T003247,C0768,2026-06-26,Mississauga,Groceries,Mobile App,Failed,81.21,49,8,7,1560
T003248,C0090,2026-06-26,Mississauga,Dining,In-Store,Completed,241.59,64,4,16,1657
T003249,C0141,2026-06-26,Mississauga,Travel,Online,Pending,238.55,19,9,6,406
T003250,C0396,2026-06-26,Calgary,Groceries,Mobile App,Completed,148.97,45,9,15,2095
T003251,C0339,2026-06-26,Ottawa,Electronics,In-Store,Completed,152.21,25,12,0,505
T003252,C0748,2026-06-26,Toronto,Home,Mobile App,Completed,35.09,71,14,9,2927
T003253,C0157,2026-06-26,Toronto,Home,Mobile App,Completed,273.1,47,7,10,1482
T003254,C0372,2026-06-26,Ottawa,Travel,Online,Completed,30.65,48,9,9,2360
T003255,C0237,2026-06-27,Vancouver,Travel,In-Store,Completed,32.24,75,9,20,1652
T003256,C0189,2026-06-27,Mississauga,Travel,In-Store,Completed,118.2,63,9,19,289
T003257,C0173,2026-06-27,Ottawa,Dining,In-Store,Completed,55.9,36,16,17,2415
T003258,C0196,2026-06-27,Vancouver,Electronics,Online,Completed,101.33,54,11,6,2764
T003259,C0565,2026-06-27,Ottawa,Dining,Online,Completed,122.58,35,11,9,1639
T003260,C0411,2026-06-27,Calgary,Clothing,In-Store,Pending,385.31,48,15,9,2539
T003261,C0436,2026-06-27,Ottawa,Travel,Online,Completed,122.89,65,9,17,978
T003262,C0480,2026-06-27,Vancouver,Clothing,Online,Completed,50.24,72,6,15,669
T003263,C0742,2026-06-27,Vancouver,Travel,Online,Completed,151.06,73,8,3,2217
T003264,C0862,2026-06-27,Ottawa,Groceries,Mobile App,Completed,41.92,46,11,9,2680
T003265,C0527,2026-06-27,Toronto,Travel,Online,Completed,184.72,69,11,14,897
T003266,C0643,2026-06-27,Mississauga,Home,In-Store,Completed,89.8,69,10,9,704
T003267,C0739,2026-06-27,Toronto,Travel,Online,Completed,119.48,49,10,1,699
T003268,C0691,2026-06-27,Ottawa,Travel,In-Store,Completed,18.71,20,7,2,1587
T003269,C0135,2026-06-27,Toronto,Electronics,Online,Completed,12.55,24,6,23,2026
T003270,C0983,2026-06-27,Ottawa,Clothing,Online,Completed,23.72,56,4,12,2314
T003271,C0165,2026-06-27,Mississauga,Dining,In-Store,Completed,374.86,66,6,3,465
T003272,C0412,2026-06-27,Toronto,Electronics,Mobile App,Completed,32.03,70,7,23,314
T003273,C0653,2026-06-28,Toronto,Dining,Online,Pending,158.4,32,3,22,2151
T003274,C0404,2026-06-28,Ottawa,Groceries,In-Store,Completed,49.26,70,6,20,2130
T003275,C0244,2026-06-28,Toronto,Home,Mobile App,Completed,69.31,65,17,13,1259
T003276,C0924,2026-06-28,Calgary,Clothing,In-Store,Pending,81.83,46,7,18,1567
T003277,C0072,2026-06-28,Vancouver,Electronics,Mobile App,Completed,343.73,39,4,23,541
T003278,C0246,2026-06-28,Vancouver,Clothing,Online,Failed,139.7,45,9,11,1543
T003279,C0993,2026-06-28,Windsor,Groceries,Mobile App,Completed,117.91,57,11,23,961
T003280,C0730,2026-06-28,Vancouver,Dining,Online,Completed,255.91,65,12,19,1867
T003281,C0087,2026-06-28,Ottawa,Travel,In-Store,Completed,49.62,27,9,15,2890
T003282,C0755,2026-06-28,Mississauga,Groceries,In-Store,Completed,210.76,37,7,21,254
T003283,C0970,2026-06-28,Toronto,Clothing,Online,Failed,182.87,24,10,9,2748
T003284,C0098,2026-06-28,Ottawa,Clothing,Mobile App,Completed,181.1,72,11,5,408
T003285,C0415,2026-06-28,Vancouver,Travel,Mobile App,Failed,74.51,41,6,22,529
T003286,C0469,2026-06-28,Toronto,Electronics,Online,Completed,58.61,32,8,11,554
T003287,C0132,2026-06-28,Toronto,Clothing,Online,Pending,40.58,29,7,16,91
T003288,C0201,2026-06-28,Mississauga,Dining,Mobile App,Failed,42.8,22,9,20,480
T003289,C0174,2026-06-28,Ottawa,Clothing,In-Store,Completed,38.99,45,8,3,2386
T003290,C0186,2026-06-28,Mississauga,Travel,Online,Failed,116.1,62,4,19,1364
T003291,C0404,2026-06-29,Mississauga,Groceries,Mobile App,Completed,70.0,36,2,16,1325
T003292,C0464,2026-06-29,Windsor,Groceries,Mobile App,Completed,122.65,41,5,21,1812
T003293,C0238,2026-06-29,Toronto,Groceries,In-Store,Completed,128.68,54,4,5,683
T003294,C0290,2026-06-29,Toronto,Groceries,Online,Completed,34.53,38,4,22,427
T003295,C0193,2026-06-29,Toronto,Electronics,Online,Completed,33.66,60,11,3,1091
T003296,C0797,2026-06-29,Vancouver,Groceries,In-Store,Completed,69.99,36,15,6,2242
T003297,C0212,2026-06-29,Vancouver,Home,Online,Completed,43.98,43,14,12,494
T003298,C0908,2026-06-29,Mississauga,Home,In-Store,Completed,40.22,74,7,14,2550
T003299,C0539,2026-06-29,Toronto,Electronics,Online,Completed,359.24,66,7,20,57
T003300,C0803,2026-06-29,Mississauga,Electronics,Online,Completed,23.09,51,10,3,317
T003301,C0637,2026-06-29,Calgary,Clothing,Online,Completed,474.5,40,8,22,1008
T003302,C0267,2026-06-29,Windsor,Travel,In-Store,Pending,108.66,75,11,12,529
T003303,C0602,2026-06-29,Mississauga,Travel,In-Store,Failed,196.56,44,6,16,1321
T003304,C0275,2026-06-29,Ottawa,Home,In-Store,Pending,177.81,37,3,1,1126
T003305,C0119,2026-06-29,Windsor,Travel,Mobile App,Completed,143.61,52,10,4,1519
T003306,C0255,2026-06-29,Mississauga,Clothing,In-Store,Completed,349.05,42,9,10,1981
T003307,C0276,2026-06-29,Mississauga,Travel,Online,Pending,33.87,69,13,13,669
T003308,C0136,2026-06-29,Mississauga,Travel,Mobile App,Completed,74.42,30,11,12,283
T003309,C0024,2026-06-29,Vancouver,Electronics,Mobile App,Completed,41.17,20,6,3,179
T003310,C0944,2026-06-30,Ottawa,Travel,In-Store,Completed,20.11,42,8,16,1061
T003311,C0514,2026-06-30,Toronto,Home,Online,Completed,48.45,73,6,5,2395
T003312,C0403,2026-06-30,Toronto,Dining,Mobile App,Completed,417.51,21,6,5,2972
T003313,C0930,2026-06-30,Mississauga,Groceries,Mobile App,Completed,73.35,64,12,2,2349
T003314,C0225,2026-06-30,Calgary,Travel,In-Store,Completed,458.81,18,11,21,1575
T003315,C0403,2026-06-30,Toronto,Clothing,Online,Completed,500.5,50,8,16,1565
T003316,C0847,2026-06-30,Toronto,Home,Online,Completed,1084.11,44,10,2,544
T003317,C0633,2026-06-30,Vancouver,Travel,Online,Completed,429.37,27,7,3,939
T003318,C0400,2026-06-30,Mississauga,Clothing,Online,Completed,630.85,61,8,14,1846
T003319,C0256,2026-06-30,Windsor,Electronics,Online,Completed,112.06,28,13,15,97
T003320,C0036,2026-06-30,Windsor,Dining,In-Store,Completed,103.21,43,8,21,1088
T003321,C0086,2026-06-30,Ottawa,Dining,Online,Completed,109.21,50,8,22,1963
T003322,C0162,2026-06-30,Ottawa,Electronics,Online,Completed,85.0,48,7,20,2672
T003323,C0787,2026-06-30,Ottawa,Clothing,Mobile App,Completed,96.53,19,5,20,2546
T003324,C0640,2026-06-30,Windsor,Home,Mobile App,Failed,161.1,43,4,12,2853
T003325,C0434,2026-06-30,Ottawa,Electronics,Online,Completed,57.21,55,12,22,1934
T003326,C0783,2026-06-30,Calgary,Groceries,Mobile App,Completed,26.36,48,7,3,728
T003327,C0161,2026-06-30,Windsor,Clothing,Mobile App,Pending,115.78,60,11,14,694
T003328,C0211,2026-07-01,Mississauga,Home,In-Store,Completed,47.17,62,7,2,2759
T003329,C0393,2026-07-01,Toronto,Home,In-Store,Completed,51.51,28,15,18,2081
T003330,C0918,2026-07-01,Ottawa,Electronics,In-Store,Completed,75.29,64,8,17,2334
T003331,C0615,2026-07-01,Toronto,Clothing,Online,Completed,61.95,69,9,23,1527
T003332,C0851,2026-07-01,Windsor,Clothing,In-Store,Completed,218.37,66,9,2,492
T003333,C0249,2026-07-01,Vancouver,Clothing,Mobile App,Completed,73.77,67,8,17,1785
T003334,C0849,2026-07-01,Toronto,Clothing,In-Store,Completed,227.93,30,7,1,2483
T003335,C0073,2026-07-01,Calgary,Home,In-Store,Completed,101.27,55,6,2,754
T003336,C0228,2026-07-01,Mississauga,Dining,Online,Completed,78.84,44,8,10,558
T003337,C0524,2026-07-01,Mississauga,Groceries,Mobile App,Completed,97.24,75,8,22,1364
T003338,C0051,2026-07-01,Ottawa,Electronics,Online,Completed,28.35,66,5,4,58
T003339,C0859,2026-07-01,Ottawa,Home,Mobile App,Completed,113.3,27,10,7,317
T003340,C0868,2026-07-01,Mississauga,Home,Online,Completed,174.94,72,8,19,2340
T003341,C0542,2026-07-01,Calgary,Groceries,Online,Completed,197.33,58,10,23,2595
T003342,C0306,2026-07-01,Calgary,Dining,Online,Completed,26.93,49,14,13,1058
T003343,C0099,2026-07-01,Windsor,Electronics,In-Store,Completed,23.37,43,5,8,237
T003344,C0619,2026-07-01,Vancouver,Electronics,Mobile App,Completed,53.86,46,10,20,2767
T003345,C0538,2026-07-01,Windsor,Travel,In-Store,Completed,275.78,62,10,12,2749
T003346,C0760,2026-07-02,Calgary,Travel,Online,Completed,102.56,62,12,9,1345
T003347,C0603,2026-07-02,Windsor,Dining,Online,Completed,44.0,50,9,5,2836
T003348,C0129,2026-07-02,Windsor,Dining,Online,Completed,24.72,75,8,22,1843
T003349,C0122,2026-07-02,Vancouver,Travel,In-Store,Completed,47.53,31,3,10,2040
T003350,C0781,2026-07-02,Vancouver,Clothing,Mobile App,Completed,44.87,42,5,23,2245
T003351,C0160,2026-07-02,Toronto,Groceries,Mobile App,Completed,188.28,52,6,4,778
T003352,C0939,2026-07-02,Ottawa,Groceries,Mobile App,Pending,201.0,27,9,13,2537
T003353,C0106,2026-07-02,Mississauga,Dining,Online,Completed,34.82,46,8,10,485
T003354,C0729,2026-07-02,Ottawa,Dining,In-Store,Completed,161.23,66,8,4,556
T003355,C0976,2026-07-02,Ottawa,Home,Online,Completed,147.79,57,8,23,353
T003356,C0442,2026-07-02,Calgary,Home,In-Store,Completed,31.18,59,8,1,636
T003357,C0057,2026-07-02,Calgary,Travel,In-Store,Completed,79.15,27,3,0,2329
T003358,C0877,2026-07-02,Ottawa,Groceries,Mobile App,Completed,113.56,26,9,22,2666
T003359,C0188,2026-07-02,Vancouver,Groceries,In-Store,Completed,97.65,43,11,6,370
T003360,C0528,2026-07-02,Calgary,Dining,Online,Completed,19.86,36,4,12,897
T003361,C0985,2026-07-02,Windsor,Travel,In-Store,Completed,95.03,18,8,2,741
T003362,C0745,2026-07-02,Vancouver,Travel,In-Store,Completed,145.98,50,6,4,1922
T003363,C0047,2026-07-02,Vancouver,Groceries,In-Store,Completed,325.48,61,3,20,2577
T003364,C0821,2026-07-02,Toronto,Home,Online,Failed,48.14,60,3,8,240
T003365,C0162,2026-07-03,Calgary,Dining,In-Store,Completed,53.46,23,3,20,1035
T003366,C0750,2026-07-03,Vancouver,Travel,In-Store,Completed,71.17,63,9,22,2013
T003367,C0621,2026-07-03,Mississauga,Groceries,Mobile App,Completed,108.87,40,4,23,2718
T003368,C0288,2026-07-03,Mississauga,Clothing,Mobile App,Completed,92.31,27,10,23,583
T003369,C0424,2026-07-03,Mississauga,Travel,Online,Completed,142.07,45,14,10,1541
T003370,C0118,2026-07-03,Calgary,Electronics,Mobile App,Completed,32.66,30,5,4,2399
T003371,C0987,2026-07-03,Calgary,Electronics,Online,Completed,119.1,57,9,18,2506
T003372,C0239,2026-07-03,Vancouver,Dining,Mobile App,Completed,45.23,61,10,12,2233
T003373,C0309,2026-07-03,Ottawa,Groceries,In-Store,Completed,75.25,60,6,3,2323
T003374,C0503,2026-07-03,Toronto,Home,Mobile App,Completed,363.02,24,6,19,1776
T003375,C0673,2026-07-03,Calgary,Clothing,Mobile App,Pending,25.9,38,7,20,111
T003376,C0506,2026-07-03,Toronto,Home,In-Store,Pending,67.03,46,9,17,476
T003377,C0506,2026-07-03,Windsor,Dining,In-Store,Completed,28.77,75,3,11,2421
T003378,C0583,2026-07-03,Toronto,Travel,Mobile App,Completed,96.81,49,9,15,817
T003379,C0858,2026-07-03,Calgary,Dining,In-Store,Completed,207.19,55,8,3,2108
T003380,C0396,2026-07-03,Mississauga,Dining,In-Store,Completed,98.19,37,7,19,155
T003381,C0833,2026-07-03,Windsor,Travel,In-Store,Completed,76.97,35,10,21,1804
T003382,C0787,2026-07-03,Toronto,Dining,In-Store,Completed,262.91,64,12,19,965
T003383,C0962,2026-07-04,Mississauga,Clothing,Online,Completed,112.57,66,9,10,1777
T003384,C0914,2026-07-04,Vancouver,Groceries,Online,Completed,170.59,21,11,14,1160
T003385,C0799,2026-07-04,Calgary,Electronics,Mobile App,Completed,156.12,49,7,0,2264
T003386,C0247,2026-07-04,Ottawa,Home,In-Store,Completed,7.37,63,12,11,1411
T003387,C0775,2026-07-04,Ottawa,Home,In-Store,Completed,79.64,27,9,14,2354
T003388,C0737,2026-07-04,Calgary,Clothing,Online,Completed,34.0,55,10,19,2990
T003389,C0290,2026-07-04,Calgary,Dining,Mobile App,Completed,42.0,45,7,21,1278
T003390,C0678,2026-07-04,Windsor,Dining,In-Store,Failed,297.69,47,7,18,2184
T003391,C0253,2026-07-04,Calgary,Groceries,Online,Completed,61.81,52,8,3,1398
T003392,C0524,2026-07-04,Ottawa,Electronics,Online,Completed,424.68,68,5,4,1196
T003393,C0797,2026-07-04,Calgary,Clothing,In-Store,Completed,25.69,23,4,21,2085
T003394,C0189,2026-07-04,Toronto,Dining,In-Store,Completed,33.84,29,13,12,2541
T003395,C0337,2026-07-04,Toronto,Dining,Online,Completed,162.5,38,10,19,953
T003396,C0796,2026-07-04,Calgary,Groceries,Online,Pending,63.59,64,3,14,1118
T003397,C0454,2026-07-04,Vancouver,Dining,Online,Completed,110.37,52,11,1,1254
T003398,C0961,2026-07-04,Windsor,Clothing,Online,Completed,77.26,28,9,23,1106
T003399,C0008,2026-07-04,Calgary,Travel,Mobile App,Completed,75.3,19,6,21,604
T003400,C0722,2026-07-04,Toronto,Travel,In-Store,Completed,65.63,75,6,11,219
T003401,C0815,2026-07-04,Vancouver,Home,In-Store,Completed,99.01,25,4,6,887
T003402,C0918,2026-07-05,Windsor,Electronics,Online,Completed,146.65,19,9,6,2213
T003403,C0157,2026-07-05,Toronto,Electronics,In-Store,Completed,335.26,41,3,19,2770
T003404,C0985,2026-07-05,Vancouver,Travel,Mobile App,Completed,71.56,50,8,4,630
T003405,C0393,2026-07-05,Calgary,Dining,Mobile App,Completed,60.83,33,9,14,1226
T003406,C0353,2026-07-05,Toronto,Home,In-Store,Completed,54.52,27,4,22,728
T003407,C0356,2026-07-05,Toronto,Groceries,Online,Completed,296.48,23,10,12,2577
T003408,C0639,2026-07-05,Ottawa,Groceries,In-Store,Completed,152.85,41,7,13,1058
T003409,C0660,2026-07-05,Toronto,Dining,Online,Completed,16.92,73,8,10,378
T003410,C0474,2026-07-05,Vancouver,Dining,Online,Completed,16.3,26,7,6,2471
T003411,C0072,2026-07-05,Calgary,Home,Mobile App,Completed,41.98,51,10,6,498
T003412,C0987,2026-07-05,Vancouver,Dining,Mobile App,Completed,103.37,29,1,10,2586
T003413,C0223,2026-07-05,Windsor,Dining,Mobile App,Completed,82.62,57,4,11,1633
T003414,C0094,2026-07-05,Windsor,Electronics,In-Store,Completed,131.66,21,5,0,1666
T003415,C0598,2026-07-05,Vancouver,Dining,Mobile App,Completed,73.22,29,6,20,1440
T003416,C0413,2026-07-05,Toronto,Travel,In-Store,Completed,278.79,18,5,0,2778
T003417,C0616,2026-07-05,Ottawa,Travel,Online,Pending,163.85,55,5,5,575
T003418,C0876,2026-07-05,Mississauga,Travel,Online,Completed,90.79,59,16,8,1298
T003419,C0098,2026-07-05,Vancouver,Dining,Online,Completed,225.02,27,6,22,216
T003420,C0285,2026-07-06,Windsor,Groceries,Mobile App,Completed,20.93,44,8,16,1826
T003421,C0517,2026-07-06,Vancouver,Groceries,Online,Completed,79.07,35,10,3,1916
T003422,C0788,2026-07-06,Vancouver,Groceries,Mobile App,Completed,95.54,20,7,17,2789
T003423,C0601,2026-07-06,Windsor,Travel,Mobile App,Failed,141.79,20,1,11,1977
T003424,C0383,2026-07-06,Mississauga,Home,In-Store,Completed,19.78,72,5,0,1578
T003425,C0611,2026-07-06,Toronto,Home,Mobile App,Completed,68.12,55,4,9,2065
T003426,C0980,2026-07-06,Mississauga,Electronics,Online,Completed,119.47,56,8,16,1399
T003427,C0481,2026-07-06,Windsor,Groceries,In-Store,Failed,127.52,35,11,11,2850
T003428,C0884,2026-07-06,Toronto,Travel,Online,Completed,232.96,33,6,18,116
T003429,C0780,2026-07-06,Ottawa,Groceries,Online,Completed,162.38,64,9,23,1084
T003430,C0302,2026-07-06,Ottawa,Travel,Online,Failed,80.72,43,11,5,2645
T003431,C0250,2026-07-06,Toronto,Dining,Mobile App,Failed,150.86,23,9,13,1998
T003432,C0771,2026-07-06,Windsor,Home,Mobile App,Completed,71.63,46,6,3,591
T003433,C0208,2026-07-06,Toronto,Travel,Mobile App,Completed,96.29,48,11,9,2218
T003434,C0337,2026-07-06,Vancouver,Clothing,Mobile App,Completed,167.04,51,8,16,1387
T003435,C0236,2026-07-06,Mississauga,Dining,Mobile App,Completed,81.79,49,10,11,1846
T003436,C0607,2026-07-06,Toronto,Home,Mobile App,Completed,115.62,67,12,13,2388
T003437,C0295,2026-07-06,Windsor,Travel,Online,Completed,192.44,32,9,11,2251
T003438,C0659,2026-07-07,Calgary,Travel,Mobile App,Completed,155.71,52,14,9,1552
T003439,C0935,2026-07-07,Windsor,Dining,Mobile App,Completed,242.52,69,5,17,2391
T003440,C0830,2026-07-07,Vancouver,Dining,Online,Completed,615.13,74,14,13,2349
T003441,C0948,2026-07-07,Mississauga,Home,Online,Completed,154.49,73,9,6,1615
T003442,C0025,2026-07-07,Windsor,Dining,Mobile App,Completed,57.43,60,12,19,2515
T003443,C0456,2026-07-07,Windsor,Groceries,Mobile App,Completed,131.33,24,6,17,1277
T003444,C0221,2026-07-07,Toronto,Dining,Online,Completed,126.61,75,6,2,2570
T003445,C0918,2026-07-07,Vancouver,Dining,Online,Completed,143.18,19,10,15,2296
T003446,C0712,2026-07-07,Mississauga,Dining,In-Store,Completed,302.9,49,11,12,266
T003447,C0321,2026-07-07,Mississauga,Groceries,Online,Pending,20.31,43,6,15,1368
T003448,C0564,2026-07-07,Toronto,Groceries,Mobile App,Completed,307.79,57,5,6,643
T003449,C0606,2026-07-07,Vancouver,Electronics,In-Store,Pending,409.73,63,8,1,664
T003450,C0496,2026-07-07,Windsor,Dining,Online,Completed,137.76,60,6,6,2731
T003451,C0475,2026-07-07,Ottawa,Groceries,Mobile App,Completed,140.61,31,44,12,2407
T003452,C0056,2026-07-07,Calgary,Dining,Mobile App,Completed,69.22,61,9,18,810
T003453,C0453,2026-07-07,Vancouver,Electronics,Mobile App,Completed,85.46,61,3,7,1870
T003454,C0349,2026-07-07,Ottawa,Groceries,Mobile App,Completed,153.84,19,9,15,2128
T003455,C0819,2026-07-07,Calgary,Electronics,Online,Completed,145.64,54,11,16,501
T003456,C0866,2026-07-07,Windsor,Electronics,Mobile App,Completed,156.84,25,9,21,1601
T003457,C0751,2026-07-08,Calgary,Groceries,Mobile App,Completed,144.8,50,5,18,1971
T003458,C0031,2026-07-08,Ottawa,Clothing,Mobile App,Completed,182.41,31,5,8,2812
T003459,C0842,2026-07-08,Mississauga,Groceries,Online,Completed,165.89,38,7,10,1424
T003460,C0397,2026-07-08,Windsor,Travel,In-Store,Completed,35.59,33,3,12,788
T003461,C0417,2026-07-08,Vancouver,Travel,Mobile App,Completed,172.45,68,9,7,1507
T003462,C0946,2026-07-08,Calgary,Clothing,Online,Completed,412.59,70,12,3,2424
T003463,C0868,2026-07-08,Vancouver,Travel,In-Store,Completed,83.1,64,8,13,510
T003464,C0051,2026-07-08,Toronto,Travel,Mobile App,Completed,304.06,59,13,20,1246
T003465,C0360,2026-07-08,Mississauga,Clothing,Mobile App,Completed,38.98,39,8,11,355
T003466,C0750,2026-07-08,Vancouver,Home,In-Store,Completed,82.88,26,7,14,744
T003467,C0539,2026-07-08,Mississauga,Electronics,Mobile App,Completed,49.29,50,7,15,302
T003468,C0258,2026-07-08,Vancouver,Clothing,Mobile App,Completed,274.51,42,8,21,1487
T003469,C0525,2026-07-08,Vancouver,Dining,Mobile App,Completed,342.77,34,14,13,2094
T003470,C0867,2026-07-08,Toronto,Groceries,Online,Completed,78.13,32,9,15,1636
T003471,C0224,2026-07-08,Ottawa,Travel,Online,Completed,229.99,27,5,21,366
T003472,C0747,2026-07-08,Windsor,Home,Online,Completed,345.74,66,7,3,357
T003473,C0735,2026-07-08,Mississauga,Groceries,In-Store,Completed,82.65,36,4,3,1363
T003474,C0886,2026-07-08,Mississauga,Groceries,In-Store,Completed,94.91,71,10,13,600
T003475,C0298,2026-07-09,Vancouver,Home,Online,Completed,158.57,56,3,20,477
T003476,C0216,2026-07-09,Calgary,Travel,Mobile App,Completed,41.53,27,8,22,2730
T003477,C0548,2026-07-09,Mississauga,Electronics,Online,Completed,93.34,21,9,9,1128
T003478,C0532,2026-07-09,Ottawa,Clothing,Mobile App,Completed,525.33,42,4,4,2007
T003479,C0410,2026-07-09,Ottawa,Dining,In-Store,Completed,55.57,22,10,16,1328
T003480,C0780,2026-07-09,Ottawa,Electronics,Mobile App,Pending,175.63,73,8,7,2121
T003481,C0800,2026-07-09,Ottawa,Electronics,Online,Completed,132.67,70,10,4,1040
T003482,C0246,2026-07-09,Vancouver,Travel,Online,Completed,73.95,56,5,15,1081
T003483,C0796,2026-07-09,Calgary,Groceries,Mobile App,Completed,102.62,34,12,19,2610
T003484,C0231,2026-07-09,Vancouver,Dining,In-Store,Completed,377.05,68,8,13,1633
T003485,C0408,2026-07-09,Toronto,Electronics,In-Store,Completed,136.08,55,9,8,2290
T003486,C0028,2026-07-09,Mississauga,Groceries,Online,Completed,155.4,38,9,4,144
T003487,C0341,2026-07-09,Mississauga,Clothing,Mobile App,Completed,331.42,69,9,22,1013
T003488,C0959,2026-07-09,Ottawa,Groceries,Online,Completed,66.46,30,4,3,455
T003489,C0443,2026-07-09,Ottawa,Home,Mobile App,Completed,34.91,50,4,15,137
T003490,C0711,2026-07-09,Vancouver,Groceries,In-Store,Failed,382.12,58,5,3,2927
T003491,C0108,2026-07-09,Mississauga,Dining,Online,Completed,95.46,70,7,11,2435
T003492,C0636,2026-07-09,Windsor,Groceries,In-Store,Completed,181.67,25,8,12,652
T003493,C0372,2026-07-10,Mississauga,Dining,In-Store,Completed,44.46,34,6,19,834
T003494,C0744,2026-07-10,Calgary,Travel,In-Store,Completed,118.26,66,8,21,1487
T003495,C0929,2026-07-10,Windsor,Groceries,Mobile App,Completed,33.46,46,6,21,920
T003496,C0532,2026-07-10,Toronto,Travel,In-Store,Completed,89.73,61,9,12,2793
T003497,C0103,2026-07-10,Calgary,Clothing,In-Store,Completed,49.0,62,4,12,1460
T003498,C0477,2026-07-10,Windsor,Dining,In-Store,Completed,40.31,35,6,9,1970
T003499,C0124,2026-07-10,Ottawa,Groceries,Online,Completed,65.69,37,6,5,2117
T003500,C0450,2026-07-10,Vancouver,Clothing,Mobile App,Completed,12.1,46,9,5,523
T003501,C0062,2026-07-10,Windsor,Electronics,Online,Completed,31.71,19,4,3,1617
T003502,C0641,2026-07-10,Mississauga,Groceries,Online,Completed,165.29,64,9,21,1364
T003503,C0311,2026-07-10,Windsor,Dining,Online,Completed,114.22,24,8,17,2204
T003504,C0202,2026-07-10,Toronto,Electronics,In-Store,Completed,34.11,72,5,23,1404
T003505,C0018,2026-07-10,Toronto,Groceries,In-Store,Completed,135.41,63,3,7,200
T003506,C0889,2026-07-10,Windsor,Clothing,Mobile App,Completed,40.29,38,6,17,1442
T003507,C0838,2026-07-10,Mississauga,Travel,Mobile App,Completed,157.01,22,4,0,2539
T003508,C0812,2026-07-10,Ottawa,Home,Mobile App,Completed,77.04,63,13,12,2528
T003509,C0059,2026-07-10,Toronto,Dining,Online,Completed,64.48,44,6,9,757
T003510,C0350,2026-07-10,Calgary,Dining,Mobile App,Completed,78.67,29,8,21,1680
T003511,C0972,2026-07-10,Vancouver,Home,Online,Completed,748.63,42,6,10,1952
T003512,C0579,2026-07-11,Toronto,Groceries,Online,Completed,44.6,70,3,12,2304
T003513,C0129,2026-07-11,Calgary,Dining,In-Store,Completed,103.05,57,8,20,955
T003514,C0142,2026-07-11,Toronto,Clothing,In-Store,Completed,165.14,57,6,8,1114
T003515,C0264,2026-07-11,Ottawa,Electronics,Online,Completed,37.51,47,1,21,2620
T003516,C0973,2026-07-11,Mississauga,Home,Mobile App,Completed,21.92,26,9,4,2096
T003517,C0170,2026-07-11,Ottawa,Electronics,Online,Completed,50.99,73,9,20,458
T003518,C0903,2026-07-11,Calgary,Dining,In-Store,Completed,162.1,60,9,3,1301
T003519,C0679,2026-07-11,Calgary,Home,In-Store,Completed,63.56,47,7,13,118
T003520,C0922,2026-07-11,Windsor,Electronics,In-Store,Completed,69.84,59,9,10,2309
T003521,C0827,2026-07-11,Ottawa,Home,In-Store,Completed,184.34,39,5,2,1043
T003522,C0333,2026-07-11,Calgary,Groceries,Mobile App,Completed,42.83,61,12,9,2214
T003523,C0828,2026-07-11,Vancouver,Electronics,In-Store,Completed,78.82,74,9,2,2835
T003524,C0170,2026-07-11,Calgary,Travel,Online,Completed,23.47,38,9,4,1040
T003525,C0291,2026-07-11,Mississauga,Travel,Mobile App,Completed,111.64,18,7,17,2969
T003526,C0212,2026-07-11,Windsor,Home,Mobile App,Completed,103.31,60,2,12,1088
T003527,C0134,2026-07-11,Ottawa,Home,Online,Completed,167.14,67,8,16,1001
T003528,C0091,2026-07-11,Vancouver,Clothing,Mobile App,Completed,32.11,65,9,17,2474
T003529,C0188,2026-07-11,Calgary,Travel,In-Store,Completed,72.21,74,6,16,177
T003530,C0121,2026-07-12,Vancouver,Electronics,Online,Completed,28.67,38,7,14,1804
T003531,C0381,2026-07-12,Vancouver,Clothing,Online,Completed,68.96,71,10,12,512
T003532,C0072,2026-07-12,Ottawa,Travel,Mobile App,Completed,299.52,30,9,18,1859
T003533,C0062,2026-07-12,Windsor,Groceries,Online,Completed,64.72,52,12,21,849
T003534,C0990,2026-07-12,Mississauga,Clothing,In-Store,Pending,26.62,69,6,19,2876
T003535,C0088,2026-07-12,Mississauga,Dining,Mobile App,Completed,47.69,71,50,10,949
T003536,C0075,2026-07-12,Vancouver,Dining,Mobile App,Completed,21.61,54,4,3,693
T003537,C0031,2026-07-12,Ottawa,Dining,In-Store,Completed,28.25,49,6,7,2266
T003538,C0133,2026-07-12,Vancouver,Clothing,Mobile App,Pending,150.35,44,12,23,1580
T003539,C0528,2026-07-12,Toronto,Electronics,Online,Completed,24.86,68,9,16,2003
T003540,C0828,2026-07-12,Vancouver,Dining,Mobile App,Pending,110.84,69,7,3,611
T003541,C0735,2026-07-12,Ottawa,Groceries,Online,Completed,86.88,31,3,8,816
T003542,C0581,2026-07-12,Calgary,Dining,Online,Failed,54.1,25,7,17,741
T003543,C0086,2026-07-12,Mississauga,Groceries,Mobile App,Completed,103.12,65,15,22,2259
T003544,C0775,2026-07-12,Mississauga,Travel,Mobile App,Completed,38.31,65,12,13,1838
T003545,C0038,2026-07-12,Toronto,Home,Mobile App,Completed,173.71,23,12,21,1001
T003546,C0631,2026-07-12,Vancouver,Dining,Mobile App,Completed,46.95,46,12,12,372
T003547,C0410,2026-07-12,Vancouver,Home,Online,Failed,61.21,47,8,19,1828
T003548,C0883,2026-07-12,Calgary,Home,In-Store,Completed,55.32,20,7,21,472
T003549,C0308,2026-07-13,Toronto,Groceries,Mobile App,Completed,152.73,56,9,14,2885
T003550,C0639,2026-07-13,Windsor,Travel,In-Store,Completed,135.02,74,8,18,753
T003551,C0440,2026-07-13,Calgary,Travel,Online,Completed,9.15,30,7,4,1090
T003552,C0523,2026-07-13,Toronto,Dining,Online,Completed,105.5,63,11,1,1538
T003553,C0939,2026-07-13,Ottawa,Clothing,Mobile App,Completed,19.29,22,8,11,746
T003554,C0713,2026-07-13,Mississauga,Dining,Mobile App,Failed,63.59,30,10,15,2878
T003555,C0415,2026-07-13,Calgary,Groceries,Online,Pending,77.53,50,15,7,1784
T003556,C0448,2026-07-13,Calgary,Travel,Online,Completed,63.02,71,5,11,2052
T003557,C0705,2026-07-13,Calgary,Electronics,In-Store,Completed,3254.75,69,12,10,351
T003558,C0347,2026-07-13,Windsor,Dining,Online,Failed,156.76,72,8,9,1970
T003559,C0168,2026-07-13,Ottawa,Travel,Mobile App,Completed,44.04,75,10,18,2329
T003560,C0468,2026-07-13,Vancouver,Clothing,Mobile App,Completed,42.71,64,6,0,1128
T003561,C0069,2026-07-13,Calgary,Electronics,In-Store,Completed,82.44,39,10,4,2308
T003562,C0170,2026-07-13,Toronto,Dining,Mobile App,Completed,22.88,25,11,21,295
T003563,C0421,2026-07-13,Calgary,Groceries,Online,Completed,56.67,65,9,21,1942
T003564,C0797,2026-07-13,Mississauga,Dining,Mobile App,Completed,267.34,28,12,7,2392
T003565,C0782,2026-07-13,Toronto,Travel,In-Store,Completed,23.62,48,5,11,1739
T003566,C0261,2026-07-13,Ottawa,Travel,In-Store,Completed,63.66,61,4,23,145
T003567,C0422,2026-07-14,Vancouver,Electronics,Online,Completed,51.38,20,8,10,1429
T003568,C0154,2026-07-14,Toronto,Groceries,Online,Completed,467.37,71,9,19,2224
T003569,C0756,2026-07-14,Toronto,Travel,Online,Completed,53.81,35,4,2,315
T003570,C0247,2026-07-14,Calgary,Travel,In-Store,Completed,56.53,30,6,19,1108
T003571,C0800,2026-07-14,Calgary,Groceries,Online,Completed,35.39,39,10,12,2235
T003572,C0843,2026-07-14,Toronto,Travel,Online,Completed,85.68,44,8,14,1444
T003573,C0690,2026-07-14,Calgary,Groceries,In-Store,Failed,106.94,44,7,7,1374
T003574,C0331,2026-07-14,Calgary,Dining,Mobile App,Completed,40.03,26,11,19,1574
T003575,C0953,2026-07-14,Calgary,Travel,Online,Completed,196.97,28,6,7,1670
T003576,C0687,2026-07-14,Windsor,Clothing,In-Store,Completed,107.02,45,7,6,759
T003577,C0646,2026-07-14,Ottawa,Clothing,Mobile App,Completed,175.35,31,12,9,325
T003578,C0857,2026-07-14,Calgary,Clothing,In-Store,Failed,64.31,55,8,14,2014
T003579,C0882,2026-07-14,Calgary,Electronics,Online,Completed,104.52,70,5,0,2422
T003580,C0078,2026-07-14,Ottawa,Home,Online,Completed,70.92,19,6,14,858
T003581,C0882,2026-07-14,Windsor,Dining,Mobile App,Completed,293.44,20,8,6,889
T003582,C0766,2026-07-14,Toronto,Dining,In-Store,Completed,93.83,55,8,10,463
T003583,C0207,2026-07-14,Windsor,Clothing,Online,Completed,85.63,19,9,5,755
T003584,C0308,2026-07-14,Toronto,Electronics,Mobile App,Completed,57.58,55,9,13,1099
T003585,C0753,2026-07-15,Windsor,Groceries,Mobile App,Completed,54.82,46,7,1,2423
T003586,C0217,2026-07-15,Toronto,Clothing,Mobile App,Failed,104.03,44,6,18,2509
T003587,C0453,2026-07-15,Vancouver,Travel,Online,Completed,170.6,53,11,5,2678
T003588,C0689,2026-07-15,Ottawa,Travel,Online,Completed,47.5,69,6,4,1266
T003589,C0651,2026-07-15,Ottawa,Groceries,Online,Completed,94.66,25,11,0,485
T003590,C0910,2026-07-15,Vancouver,Travel,Online,Completed,99.4,25,9,23,2891
T003591,C0112,2026-07-15,Mississauga,Electronics,In-Store,Completed,115.27,58,13,17,272
T003592,C0296,2026-07-15,Mississauga,Travel,In-Store,Completed,19.91,20,7,11,140
T003593,C0985,2026-07-15,Windsor,Travel,Mobile App,Completed,38.73,42,4,7,2293
T003594,C0569,2026-07-15,Mississauga,Clothing,Online,Completed,26.62,46,6,16,84
T003595,C0249,2026-07-15,Windsor,Home,Mobile App,Completed,87.41,40,10,11,1667
T003596,C0290,2026-07-15,Ottawa,Electronics,Mobile App,Completed,39.52,48,6,21,2691
T003597,C0340,2026-07-15,Calgary,Groceries,Online,Completed,55.75,24,4,17,2824
T003598,C0555,2026-07-15,Ottawa,Travel,In-Store,Completed,30.8,33,5,23,600
T003599,C0285,2026-07-15,Windsor,Home,In-Store,Completed,60.33,18,8,20,534
T003600,C0622,2026-07-15,Vancouver,Groceries,Online,Completed,32.69,73,8,14,672
T003601,C0446,2026-07-15,Vancouver,Dining,Online,Completed,161.88,66,11,0,1371
T003602,C0611,2026-07-15,Mississauga,Dining,Mobile App,Completed,127.74,32,4,23,2352
T003603,C0156,2026-07-15,Windsor,Electronics,Mobile App,Completed,96.58,20,4,5,619
T003604,C0624,2026-07-16,Vancouver,Travel,In-Store,Completed,65.76,33,10,13,566
T003605,C0925,2026-07-16,Windsor,Electronics,Online,Completed,15.04,73,5,18,1279
T003606,C0136,2026-07-16,Calgary,Dining,Online,Completed,57.58,65,5,6,1854
T003607,C0328,2026-07-16,Windsor,Home,Mobile App,Completed,44.5,56,6,18,924
T003608,C0694,2026-07-16,Mississauga,Dining,In-Store,Failed,104.88,71,9,13,162
T003609,C0618,2026-07-16,Vancouver,Groceries,In-Store,Completed,143.94,28,6,22,2817
T003610,C0675,2026-07-16,Toronto,Home,Online,Completed,112.01,49,4,2,2631
T003611,C0560,2026-07-16,Windsor,Electronics,Mobile App,Pending,248.7,64,11,6,1433
T003612,C0683,2026-07-16,Toronto,Clothing,In-Store,Completed,52.44,19,7,17,1725
T003613,C0610,2026-07-16,Mississauga,Clothing,In-Store,Completed,50.62,43,3,21,1058
T003614,C0075,2026-07-16,Ottawa,Travel,Mobile App,Completed,205.38,38,6,5,1363
T003615,C0752,2026-07-16,Windsor,Groceries,In-Store,Completed,97.9,28,10,17,2360
T003616,C0447,2026-07-16,Mississauga,Home,Mobile App,Completed,68.9,30,5,9,1108
T003617,C0052,2026-07-16,Vancouver,Clothing,In-Store,Completed,408.38,74,6,20,2387
T003618,C0410,2026-07-16,Calgary,Dining,In-Store,Failed,138.9,47,9,9,958
T003619,C0436,2026-07-16,Toronto,Home,Mobile App,Completed,72.29,22,9,22,692
T003620,C0087,2026-07-16,Ottawa,Clothing,In-Store,Completed,47.45,57,8,5,814
T003621,C0997,2026-07-16,Toronto,Clothing,Mobile App,Completed,262.48,52,2,23,1448
T003622,C0223,2026-07-17,Ottawa,Electronics,Online,Completed,101.35,40,7,17,2926
T003623,C0331,2026-07-17,Calgary,Travel,Mobile App,Completed,86.79,41,8,5,1974
T003624,C0441,2026-07-17,Vancouver,Electronics,In-Store,Failed,151.03,49,8,7,936
T003625,C0833,2026-07-17,Windsor,Groceries,Online,Completed,179.6,71,4,1,408
T003626,C0743,2026-07-17,Windsor,Dining,Online,Completed,135.64,62,7,22,735
T003627,C0771,2026-07-17,Vancouver,Groceries,Mobile App,Completed,180.19,41,7,3,1196
T003628,C0238,2026-07-17,Vancouver,Groceries,In-Store,Completed,124.75,32,13,0,1389
T003629,C0846,2026-07-17,Windsor,Clothing,Mobile App,Pending,136.23,24,9,14,714
T003630,C0830,2026-07-17,Toronto,Travel,Online,Completed,45.64,29,9,10,794
T003631,C0464,2026-07-17,Mississauga,Dining,Online,Completed,396.01,25,7,16,564
T003632,C0546,2026-07-17,Ottawa,Electronics,Mobile App,Completed,29.79,64,7,11,836
T003633,C0038,2026-07-17,Mississauga,Clothing,In-Store,Pending,110.57,51,7,5,2514
T003634,C0761,2026-07-17,Calgary,Travel,Mobile App,Completed,27.29,20,10,14,818
T003635,C0961,2026-07-17,Vancouver,Travel,Mobile App,Completed,78.2,71,13,20,615
T003636,C0473,2026-07-17,Vancouver,Electronics,In-Store,Completed,52.3,26,9,2,439
T003637,C0541,2026-07-17,Toronto,Groceries,Mobile App,Completed,95.4,55,7,6,189
T003638,C0500,2026-07-17,Calgary,Groceries,Mobile App,Completed,113.65,18,4,20,2664
T003639,C0083,2026-07-17,Vancouver,Groceries,Online,Completed,37.7,52,7,22,2269
T003640,C0620,2026-07-18,Mississauga,Home,Online,Completed,82.9,50,7,5,577
T003641,C0722,2026-07-18,Ottawa,Dining,Online,Completed,277.9,70,7,19,774
T003642,C0928,2026-07-18,Vancouver,Travel,Mobile App,Completed,27.86,52,7,9,95
T003643,C0930,2026-07-18,Calgary,Home,Online,Completed,41.13,46,9,17,134
T003644,C0492,2026-07-18,Ottawa,Home,Online,Completed,176.67,48,9,13,2339
T003645,C0959,2026-07-18,Toronto,Electronics,In-Store,Completed,90.79,54,5,9,1137
T003646,C0529,2026-07-18,Ottawa,Dining,Online,Completed,96.65,42,13,0,1371
T003647,C0643,2026-07-18,Vancouver,Dining,Online,Completed,202.68,59,8,8,2357
T003648,C0602,2026-07-18,Toronto,Groceries,Mobile App,Completed,43.28,48,7,14,1081
T003649,C0999,2026-07-18,Vancouver,Clothing,Mobile App,Completed,54.66,74,11,18,2917
T003650,C0738,2026-07-18,Windsor,Travel,In-Store,Completed,49.23,29,7,4,1613
T003651,C0121,2026-07-18,Calgary,Dining,Mobile App,Completed,63.22,60,11,4,578
T003652,C0072,2026-07-18,Ottawa,Travel,In-Store,Completed,265.4,65,10,18,1683
T003653,C0410,2026-07-18,Windsor,Clothing,In-Store,Completed,20.02,59,6,5,974
T003654,C0516,2026-07-18,Toronto,Groceries,In-Store,Completed,30.8,74,13,6,1173
T003655,C0669,2026-07-18,Toronto,Travel,Mobile App,Completed,26.62,43,7,9,2010
T003656,C0482,2026-07-18,Vancouver,Home,Online,Completed,279.8,49,8,14,2558
T003657,C0515,2026-07-18,Mississauga,Clothing,In-Store,Failed,50.42,26,11,7,1528
T003658,C0922,2026-07-18,Calgary,Travel,Online,Completed,64.39,39,8,11,2533
T003659,C0335,2026-07-19,Windsor,Groceries,Mobile App,Completed,21.55,27,8,23,1156
T003660,C0494,2026-07-19,Calgary,Clothing,In-Store,Completed,68.01,63,16,21,1115
T003661,C0558,2026-07-19,Calgary,Clothing,Online,Completed,177.54,63,11,11,2524
T003662,C0469,2026-07-19,Toronto,Dining,In-Store,Completed,105.39,29,10,8,689
T003663,C0969,2026-07-19,Ottawa,Travel,In-Store,Pending,77.55,64,6,9,513
T003664,C0963,2026-07-19,Calgary,Travel,Online,Completed,22.48,36,14,12,1474
T003665,C0514,2026-07-19,Windsor,Groceries,Mobile App,Completed,64.32,60,7,9,381
T003666,C0451,2026-07-19,Toronto,Electronics,In-Store,Completed,96.31,72,8,12,493
T003667,C0589,2026-07-19,Calgary,Clothing,Online,Completed,36.58,66,9,13,1905
T003668,C0181,2026-07-19,Mississauga,Home,In-Store,Pending,148.31,28,9,2,868
T003669,C0426,2026-07-19,Toronto,Electronics,In-Store,Completed,180.36,28,10,14,397
T003670,C0217,2026-07-19,Calgary,Dining,In-Store,Completed,54.23,24,6,13,1167
T003671,C0145,2026-07-19,Vancouver,Home,Online,Completed,157.53,66,7,22,2547
T003672,C0096,2026-07-19,Toronto,Groceries,Mobile App,Pending,77.43,49,11,11,1167
T003673,C0588,2026-07-19,Windsor,Electronics,In-Store,Completed,225.36,27,10,10,952
T003674,C0001,2026-07-19,Toronto,Groceries,In-Store,Completed,478.99,52,4,4,562
T003675,C0647,2026-07-19,Calgary,Electronics,Mobile App,Completed,33.55,48,6,3,909
T003676,C0432,2026-07-19,Toronto,Travel,In-Store,Failed,163.48,52,10,14,1543
T003677,C0367,2026-07-20,Vancouver,Dining,Online,Completed,257.72,54,8,9,1184
T003678,C0770,2026-07-20,Ottawa,Home,In-Store,Completed,37.25,27,11,12,1853
T003679,C0539,2026-07-20,Ottawa,Home,In-Store,Completed,52.13,40,4,6,1348
T003680,C0734,2026-07-20,Vancouver,Home,Online,Completed,51.64,59,9,3,1846
T003681,C0710,2026-07-20,Calgary,Clothing,Online,Completed,75.93,70,9,23,2505
T003682,C0033,2026-07-20,Toronto,Clothing,Online,Completed,62.79,32,4,15,2412
T003683,C0216,2026-07-20,Toronto,Travel,Mobile App,Completed,71.82,51,7,13,2953
T003684,C0570,2026-07-20,Toronto,Home,Online,Completed,173.29,72,5,11,259
T003685,C0976,2026-07-20,Vancouver,Groceries,In-Store,Completed,16.97,52,8,0,788
T003686,C0155,2026-07-20,Ottawa,Clothing,Mobile App,Completed,37.15,31,2,21,495
T003687,C0106,2026-07-20,Toronto,Groceries,In-Store,Completed,150.22,51,7,14,2214
T003688,C0942,2026-07-20,Windsor,Dining,Online,Completed,135.98,19,8,12,1327
T003689,C0967,2026-07-20,Ottawa,Electronics,Mobile App,Completed,34.57,46,11,23,61
T003690,C0168,2026-07-20,Vancouver,Travel,In-Store,Completed,136.78,50,4,5,1463
T003691,C0402,2026-07-20,Mississauga,Clothing,Online,Completed,262.56,21,6,4,1651
T003692,C0627,2026-07-20,Calgary,Groceries,In-Store,Completed,81.53,29,7,17,640
T003693,C0196,2026-07-20,Calgary,Travel,Online,Completed,36.09,75,8,21,975
T003694,C0327,2026-07-20,Vancouver,Electronics,In-Store,Completed,178.82,54,13,10,919
T003695,C0396,2026-07-20,Mississauga,Groceries,Online,Completed,367.69,44,11,3,1600
T003696,C0642,2026-07-21,Calgary,Dining,Mobile App,Completed,40.02,31,10,20,503
T003697,C0309,2026-07-21,Vancouver,Travel,Mobile App,Completed,87.88,25,5,3,1432
T003698,C0413,2026-07-21,Ottawa,Electronics,Mobile App,Completed,214.71,42,8,10,1641
T003699,C0290,2026-07-21,Mississauga,Dining,Mobile App,Completed,93.76,49,11,9,1606
T003700,C0760,2026-07-21,Vancouver,Home,Online,Completed,19.25,28,4,5,1447
T003701,C0154,2026-07-21,Ottawa,Dining,Online,Completed,123.91,64,3,22,2201
T003702,C0231,2026-07-21,Windsor,Home,Mobile App,Completed,36.99,42,10,11,2073
T003703,C0250,2026-07-21,Calgary,Home,In-Store,Completed,28.86,21,8,14,1461
T003704,C0906,2026-07-21,Toronto,Dining,In-Store,Completed,19.57,25,10,2,1902
T003705,C0945,2026-07-21,Vancouver,Travel,Mobile App,Completed,233.81,67,9,19,305
T003706,C0501,2026-07-21,Ottawa,Clothing,In-Store,Completed,41.81,37,8,9,834
T003707,C0157,2026-07-21,Ottawa,Dining,Mobile App,Completed,112.84,39,6,2,714
T003708,C0757,2026-07-21,Toronto,Dining,Mobile App,Completed,139.04,29,9,13,2287
T003709,C0493,2026-07-21,Mississauga,Electronics,Online,Pending,97.53,64,7,14,1251
T003710,C0850,2026-07-21,Calgary,Groceries,Mobile App,Completed,109.37,65,7,14,480
T003711,C0360,2026-07-21,Windsor,Groceries,Online,Completed,117.51,32,4,18,1796
T003712,C0999,2026-07-21,Vancouver,Dining,Online,Completed,95.59,60,6,9,1902
T003713,C0808,2026-07-21,Calgary,Clothing,Mobile App,Failed,44.55,44,8,7,2574
T003714,C0224,2026-07-22,Calgary,Electronics,Mobile App,Completed,41.29,27,10,3,1871
T003715,C0726,2026-07-22,Ottawa,Electronics,Online,Completed,77.74,64,9,23,2787
T003716,C0287,2026-07-22,Windsor,Electronics,In-Store,Completed,76.36,22,5,7,729
T003717,C0350,2026-07-22,Vancouver,Travel,In-Store,Completed,122.43,68,8,22,1471
T003718,C0251,2026-07-22,Mississauga,Electronics,In-Store,Completed,216.82,19,3,12,610
T003719,C0683,2026-07-22,Ottawa,Electronics,Mobile App,Completed,113.86,36,11,22,1286
T003720,C0263,2026-07-22,Vancouver,Groceries,Online,Completed,42.67,31,10,13,347
T003721,C0639,2026-07-22,Vancouver,Electronics,Mobile App,Completed,13.31,31,5,22,1123
T003722,C0583,2026-07-22,Windsor,Electronics,Online,Completed,44.21,45,7,20,1872
T003723,C0751,2026-07-22,Vancouver,Clothing,Online,Completed,27.11,61,11,1,978
T003724,C0994,2026-07-22,Ottawa,Home,In-Store,Completed,45.69,41,8,1,1111
T003725,C0009,2026-07-22,Calgary,Dining,Online,Completed,104.44,47,6,3,1761
T003726,C0991,2026-07-22,Ottawa,Groceries,In-Store,Failed,91.32,74,7,12,2996
T003727,C0110,2026-07-22,Calgary,Groceries,In-Store,Completed,412.44,46,9,3,599
T003728,C0527,2026-07-22,Calgary,Electronics,In-Store,Completed,128.16,63,4,4,1915
T003729,C0341,2026-07-22,Calgary,Dining,Online,Completed,430.71,40,7,5,2840
T003730,C0640,2026-07-22,Vancouver,Travel,Mobile App,Pending,156.1,22,9,21,59
T003731,C0722,2026-07-22,Ottawa,Electronics,Online,Completed,213.9,32,9,7,1199
T003732,C0860,2026-07-23,Toronto,Dining,Online,Completed,62.65,27,8,16,1140
T003733,C0402,2026-07-23,Mississauga,Electronics,In-Store,Completed,34.1,70,7,8,2909
T003734,C0933,2026-07-23,Mississauga,Travel,Mobile App,Completed,58.03,19,7,6,72
T003735,C0323,2026-07-23,Vancouver,Clothing,In-Store,Completed,84.15,65,13,3,2941
T003736,C0204,2026-07-23,Ottawa,Groceries,Mobile App,Completed,49.83,26,11,13,1890
T003737,C0380,2026-07-23,Mississauga,Dining,Mobile App,Completed,36.3,26,8,13,113
T003738,C0529,2026-07-23,Toronto,Travel,Mobile App,Completed,121.14,48,4,20,2755
T003739,C0669,2026-07-23,Vancouver,Clothing,Online,Pending,36.16,22,11,20,2349
T003740,C0833,2026-07-23,Mississauga,Travel,Mobile App,Completed,23.09,22,9,3,2242
T003741,C0225,2026-07-23,Toronto,Travel,Online,Completed,32.75,62,7,13,892
T003742,C0304,2026-07-23,Windsor,Clothing,Mobile App,Completed,69.65,21,11,7,818
T003743,C0939,2026-07-23,Calgary,Dining,Mobile App,Completed,36.61,52,5,14,2402
T003744,C0440,2026-07-23,Toronto,Travel,Online,Completed,70.02,24,6,11,560
T003745,C0242,2026-07-23,Mississauga,Electronics,Online,Completed,141.6,22,7,8,1380
T003746,C0986,2026-07-23,Ottawa,Dining,Mobile App,Completed,138.51,56,7,5,2635
T003747,C0449,2026-07-23,Toronto,Groceries,Online,Completed,48.47,40,8,11,2883
T003748,C0986,2026-07-23,Toronto,Dining,Mobile App,Completed,28.06,19,6,3,384
T003749,C0920,2026-07-23,Calgary,Groceries,In-Store,Completed,52.11,57,6,11,2285
T003750,C0907,2026-07-23,Ottawa,Electronics,In-Store,Completed,148.41,74,9,4,2138
T003751,C0582,2026-07-24,Windsor,Dining,Mobile App,Completed,180.99,50,8,4,2562
T003752,C0799,2026-07-24,Windsor,Travel,Online,Completed,114.73,40,12,7,755
T003753,C0961,2026-07-24,Mississauga,Home,In-Store,Pending,236.01,66,8,18,2411
T003754,C0270,2026-07-24,Vancouver,Groceries,Mobile App,Completed,369.62,37,6,18,925
T003755,C0038,2026-07-24,Vancouver,Home,Online,Completed,56.37,53,4,22,1250
T003756,C0321,2026-07-24,Windsor,Electronics,Online,Completed,300.74,45,7,23,168
T003757,C0637,2026-07-24,Vancouver,Clothing,Online,Pending,68.11,60,7,4,2046
T003758,C0548,2026-07-24,Calgary,Clothing,In-Store,Completed,202.25,48,3,5,534
T003759,C0081,2026-07-24,Windsor,Home,Online,Completed,155.23,45,7,22,1193
T003760,C0561,2026-07-24,Toronto,Groceries,Online,Completed,15.83,42,8,19,146
T003761,C0175,2026-07-24,Calgary,Home,Mobile App,Completed,37.39,35,6,15,1652
T003762,C0506,2026-07-24,Ottawa,Groceries,In-Store,Completed,30.1,46,3,10,1575
T003763,C0576,2026-07-24,Vancouver,Home,In-Store,Completed,18.69,21,13,6,2017
T003764,C0637,2026-07-24,Windsor,Travel,In-Store,Completed,179.48,37,9,2,1366
T003765,C0413,2026-07-24,Windsor,Dining,Mobile App,Completed,493.29,22,10,21,2305
T003766,C0409,2026-07-24,Windsor,Dining,In-Store,Completed,68.28,36,7,14,1611
T003767,C0679,2026-07-24,Windsor,Groceries,In-Store,Completed,175.68,38,5,1,426
T003768,C0750,2026-07-24,Mississauga,Clothing,Mobile App,Completed,300.24,19,2,9,224
T003769,C0808,2026-07-25,Toronto,Clothing,Online,Completed,101.47,35,10,18,593
T003770,C0334,2026-07-25,Calgary,Home,In-Store,Completed,83.19,56,5,7,2424
T003771,C0425,2026-07-25,Ottawa,Clothing,Mobile App,Failed,68.98,74,7,22,1255
T003772,C0331,2026-07-25,Calgary,Home,In-Store,Completed,134.23,53,7,8,398
T003773,C0528,2026-07-25,Ottawa,Home,Mobile App,Completed,178.78,59,10,19,1201
T003774,C0128,2026-07-25,Windsor,Dining,Mobile App,Completed,125.86,56,7,12,2500
T003775,C0431,2026-07-25,Ottawa,Clothing,In-Store,Completed,122.24,72,4,19,2414
T003776,C0189,2026-07-25,Toronto,Electronics,Mobile App,Completed,81.38,72,7,11,986
T003777,C0533,2026-07-25,Vancouver,Clothing,Online,Completed,21.95,24,3,16,857
T003778,C0851,2026-07-25,Vancouver,Travel,Online,Completed,182.31,45,8,9,1348
T003779,C0986,2026-07-25,Toronto,Dining,Mobile App,Completed,28.52,70,16,5,912
T003780,C0447,2026-07-25,Ottawa,Travel,Online,Completed,143.9,69,10,2,1968
T003781,C0057,2026-07-25,Ottawa,Electronics,In-Store,Completed,161.58,49,11,11,2032
T003782,C0228,2026-07-25,Windsor,Travel,In-Store,Failed,32.24,43,6,12,1828
T003783,C0105,2026-07-25,Toronto,Dining,In-Store,Completed,50.7,21,6,15,2559
T003784,C0760,2026-07-25,Vancouver,Electronics,Mobile App,Completed,515.9,45,9,21,1710
T003785,C0985,2026-07-25,Windsor,Home,Online,Completed,79.45,47,7,23,2027
T003786,C0554,2026-07-25,Ottawa,Groceries,In-Store,Completed,30.13,54,8,9,1218
T003787,C0177,2026-07-25,Windsor,Clothing,Online,Completed,167.91,48,7,1,724
T003788,C0022,2026-07-26,Ottawa,Electronics,Online,Completed,44.07,30,9,13,1455
T003789,C0977,2026-07-26,Toronto,Electronics,Online,Completed,16.61,74,10,21,1929
T003790,C0317,2026-07-26,Mississauga,Groceries,Mobile App,Completed,132.22,30,4,15,224
T003791,C0113,2026-07-26,Ottawa,Groceries,Online,Completed,39.0,40,12,12,1431
T003792,C0178,2026-07-26,Mississauga,Groceries,Mobile App,Completed,111.68,47,8,10,511
T003793,C0256,2026-07-26,Ottawa,Clothing,In-Store,Completed,42.6,35,10,22,782
T003794,C0656,2026-07-26,Windsor,Home,In-Store,Completed,155.05,21,7,19,2206
T003795,C0892,2026-07-26,Mississauga,Travel,Mobile App,Completed,99.35,53,8,20,1029
T003796,C0276,2026-07-26,Vancouver,Groceries,Mobile App,Completed,9.41,31,6,0,2026
T003797,C0688,2026-07-26,Mississauga,Home,Online,Completed,117.61,68,13,6,1598
T003798,C0065,2026-07-26,Toronto,Travel,Mobile App,Completed,66.45,64,9,2,1030
T003799,C0011,2026-07-26,Calgary,Travel,Mobile App,Completed,283.4,42,8,13,1444
T003800,C0055,2026-07-26,Vancouver,Home,Mobile App,Completed,118.94,44,5,0,2383
T003801,C0924,2026-07-26,Vancouver,Dining,Online,Completed,161.64,73,14,20,1677
T003802,C0582,2026-07-26,Vancouver,Dining,In-Store,Completed,46.46,19,7,22,2424
T003803,C0806,2026-07-26,Vancouver,Clothing,In-Store,Completed,43.43,39,11,19,915
T003804,C0022,2026-07-26,Vancouver,Travel,In-Store,Completed,83.17,21,6,2,1596
T003805,C0023,2026-07-26,Ottawa,Clothing,In-Store,Completed,62.56,26,11,12,948
T003806,C0849,2026-07-27,Toronto,Clothing,In-Store,Completed,265.06,71,7,19,2940
T003807,C0103,2026-07-27,Ottawa,Home,In-Store,Completed,74.61,23,6,9,2640
T003808,C0156,2026-07-27,Windsor,Electronics,In-Store,Completed,30.01,73,9,2,821
T003809,C0519,2026-07-27,Vancouver,Groceries,Mobile App,Completed,42.06,63,8,18,606
T003810,C0607,2026-07-27,Mississauga,Dining,Mobile App,Failed,193.05,55,6,10,905
T003811,C0229,2026-07-27,Calgary,Travel,Online,Completed,73.74,61,9,20,215
T003812,C0445,2026-07-27,Ottawa,Clothing,In-Store,Completed,70.46,28,7,13,57
T003813,C0675,2026-07-27,Ottawa,Electronics,Mobile App,Completed,209.31,24,9,8,113
T003814,C0443,2026-07-27,Calgary,Clothing,In-Store,Completed,39.06,39,3,18,475
T003815,C0383,2026-07-27,Mississauga,Clothing,Mobile App,Completed,12.71,62,13,18,2068
T003816,C0072,2026-07-27,Mississauga,Clothing,Online,Failed,41.17,35,12,3,2459
T003817,C0452,2026-07-27,Mississauga,Clothing,In-Store,Completed,104.42,28,8,6,183
T003818,C0803,2026-07-27,Calgary,Home,Mobile App,Completed,68.76,63,13,15,1898
T003819,C0627,2026-07-27,Vancouver,Travel,Mobile App,Completed,22.56,54,7,22,1757
T003820,C0894,2026-07-27,Toronto,Dining,In-Store,Completed,201.6,49,8,20,594
T003821,C0127,2026-07-27,Mississauga,Dining,In-Store,Failed,97.67,41,13,3,1976
T003822,C0012,2026-07-27,Mississauga,Clothing,In-Store,Pending,118.31,63,5,22,2041
T003823,C0549,2026-07-27,Ottawa,Electronics,Mobile App,Completed,121.43,60,5,11,2869
T003824,C0179,2026-07-28,Toronto,Travel,In-Store,Completed,28.19,38,10,23,515
T003825,C0594,2026-07-28,Vancouver,Travel,Online,Completed,109.96,25,8,5,135
T003826,C0904,2026-07-28,Vancouver,Travel,Online,Completed,183.83,68,10,22,1237
T003827,C0338,2026-07-28,Windsor,Dining,In-Store,Completed,224.06,25,5,13,2117
T003828,C0550,2026-07-28,Toronto,Clothing,Mobile App,Completed,156.92,42,14,8,2994
T003829,C0682,2026-07-28,Ottawa,Groceries,In-Store,Completed,131.47,69,5,8,1849
T003830,C0151,2026-07-28,Windsor,Clothing,Mobile App,Completed,19.41,42,7,4,969
T003831,C0898,2026-07-28,Calgary,Clothing,Mobile App,Completed,83.93,66,6,23,708
T003832,C0203,2026-07-28,Vancouver,Home,In-Store,Completed,37.7,46,13,10,2047
T003833,C0809,2026-07-28,Calgary,Home,Mobile App,Completed,252.77,61,8,15,2107
T003834,C0660,2026-07-28,Ottawa,Dining,In-Store,Completed,222.18,52,7,5,48
T003835,C0141,2026-07-28,Calgary,Groceries,In-Store,Completed,37.89,34,9,7,2740
T003836,C0725,2026-07-28,Toronto,Travel,Mobile App,Completed,81.74,69,5,22,919
T003837,C0197,2026-07-28,Windsor,Groceries,In-Store,Completed,104.99,45,5,1,1656
T003838,C0600,2026-07-28,Toronto,Electronics,In-Store,Completed,182.79,44,6,11,937
T003839,C0960,2026-07-28,Vancouver,Clothing,In-Store,Completed,20.46,56,12,13,974
T003840,C0954,2026-07-28,Ottawa,Travel,Mobile App,Completed,12.99,71,6,7,2518
T003841,C0872,2026-07-28,Windsor,Travel,Online,Completed,87.8,68,12,13,1523
T003842,C0495,2026-07-28,Windsor,Clothing,Online,Completed,9.88,40,10,0,536
T003843,C0560,2026-07-29,Ottawa,Groceries,In-Store,Completed,97.26,31,12,8,1034
T003844,C0301,2026-07-29,Windsor,Clothing,Online,Completed,140.62,36,13,7,986
T003845,C0921,2026-07-29,Ottawa,Travel,In-Store,Completed,243.06,33,8,5,2279
T003846,C0478,2026-07-29,Ottawa,Dining,In-Store,Completed,50.07,35,7,11,514
T003847,C0772,2026-07-29,Windsor,Dining,In-Store,Completed,97.48,42,5,21,1193
T003848,C0360,2026-07-29,Windsor,Travel,Online,Completed,147.88,19,8,11,1444
T003849,C0741,2026-07-29,Mississauga,Travel,Online,Completed,31.29,48,5,16,346
T003850,C0225,2026-07-29,Ottawa,Dining,In-Store,Completed,185.06,67,3,20,837
T003851,C0734,2026-07-29,Windsor,Electronics,Mobile App,Completed,107.32,42,7,2,1688
T003852,C0046,2026-07-29,Mississauga,Electronics,Mobile App,Completed,50.81,22,9,11,559
T003853,C0105,2026-07-29,Ottawa,Dining,In-Store,Completed,95.85,40,10,23,1736
T003854,C0353,2026-07-29,Windsor,Electronics,Online,Completed,75.51,37,8,8,1311
T003855,C0483,2026-07-29,Ottawa,Travel,Online,Completed,164.96,52,6,6,2599
T003856,C0712,2026-07-29,Toronto,Home,In-Store,Completed,62.57,32,10,2,1434
T003857,C0360,2026-07-29,Toronto,Groceries,Online,Pending,103.1,35,7,3,1482
T003858,C0019,2026-07-29,Windsor,Electronics,Mobile App,Completed,50.14,61,9,12,947
T003859,C0326,2026-07-29,Windsor,Groceries,In-Store,Completed,38.3,28,4,18,202
T003860,C0440,2026-07-29,Toronto,Home,Mobile App,Completed,98.34,72,13,15,2901
T003861,C0544,2026-07-30,Calgary,Clothing,Online,Completed,39.66,35,4,13,852
T003862,C0645,2026-07-30,Windsor,Electronics,In-Store,Completed,167.86,65,10,6,462
T003863,C0248,2026-07-30,Vancouver,Dining,Mobile App,Completed,140.62,22,3,12,290
T003864,C0611,2026-07-30,Calgary,Clothing,Online,Completed,44.36,36,14,15,2150
T003865,C0632,2026-07-30,Vancouver,Home,Mobile App,Completed,101.94,39,3,5,1185
T003866,C0777,2026-07-30,Vancouver,Travel,In-Store,Completed,44.19,44,7,11,1596
T003867,C0523,2026-07-30,Toronto,Electronics,In-Store,Completed,21.74,23,8,14,354
T003868,C0811,2026-07-30,Mississauga,Clothing,In-Store,Completed,51.16,32,7,1,1172
T003869,C0222,2026-07-30,Vancouver,Clothing,Mobile App,Completed,81.44,68,11,15,978
T003870,C0712,2026-07-30,Ottawa,Travel,Mobile App,Pending,132.4,71,9,1,2032
T003871,C0046,2026-07-30,Toronto,Groceries,Online,Completed,96.52,43,3,10,2140
T003872,C0103,2026-07-30,Ottawa,Clothing,In-Store,Completed,183.86,24,7,1,486
T003873,C0865,2026-07-30,Vancouver,Groceries,Mobile App,Pending,36.92,33,9,6,2593
T003874,C0476,2026-07-30,Vancouver,Home,Online,Pending,61.71,73,8,9,2792
T003875,C0621,2026-07-30,Mississauga,Home,In-Store,Completed,343.9,71,10,3,289
T003876,C0604,2026-07-30,Windsor,Travel,Mobile App,Completed,16.46,65,8,19,2504
T003877,C0695,2026-07-30,Windsor,Travel,Online,Completed,57.89,68,6,21,2410
T003878,C0246,2026-07-30,Windsor,Groceries,In-Store,Completed,34.19,59,10,7,2239
T003879,C0179,2026-07-31,Mississauga,Home,In-Store,Completed,71.99,54,12,13,2994
T003880,C0043,2026-07-31,Windsor,Electronics,Online,Completed,58.75,62,7,15,2876
T003881,C0865,2026-07-31,Mississauga,Electronics,Online,Completed,141.81,55,6,11,1140
T003882,C0224,2026-07-31,Toronto,Clothing,In-Store,Completed,105.62,37,10,20,2823
T003883,C0576,2026-07-31,Windsor,Home,Online,Completed,28.02,55,7,20,531
T003884,C0455,2026-07-31,Windsor,Dining,Mobile App,Completed,51.56,35,11,13,629
T003885,C0163,2026-07-31,Toronto,Travel,In-Store,Completed,84.99,54,15,16,2213
T003886,C0414,2026-07-31,Calgary,Travel,Mobile App,Completed,159.35,40,10,22,2663
T003887,C0084,2026-07-31,Vancouver,Electronics,In-Store,Failed,672.27,46,8,20,631
T003888,C0177,2026-07-31,Calgary,Travel,Online,Pending,154.47,28,5,7,2379
T003889,C0140,2026-07-31,Ottawa,Home,In-Store,Completed,35.95,73,8,22,2361
T003890,C0825,2026-07-31,Toronto,Dining,Mobile App,Completed,78.48,61,4,12,1318
T003891,C0568,2026-07-31,Calgary,Clothing,In-Store,Pending,99.13,24,37,22,2622
T003892,C0926,2026-07-31,Mississauga,Clothing,Online,Pending,54.66,45,6,13,1607
T003893,C0436,2026-07-31,Vancouver,Home,Online,Pending,126.77,44,6,23,1656
T003894,C0202,2026-07-31,Mississauga,Clothing,In-Store,Completed,12.33,69,7,4,1699
T003895,C0609,2026-07-31,Mississauga,Home,Mobile App,Completed,136.02,61,8,18,1784
T003896,C0930,2026-07-31,Mississauga,Clothing,In-Store,Completed,56.7,68,9,11,1568
T003897,C0533,2026-07-31,Windsor,Home,Online,Completed,77.43,45,9,3,2731
T003898,C0018,2026-08-01,Ottawa,Clothing,Online,Completed,295.45,27,9,15,1290
T003899,C0304,2026-08-01,Vancouver,Home,In-Store,Completed,29.09,59,7,13,809
T003900,C0925,2026-08-01,Toronto,Home,In-Store,Completed,107.17,30,12,2,1878
T003901,C0519,2026-08-01,Toronto,Home,Online,Completed,166.91,54,4,3,1446
T003902,C0952,2026-08-01,Calgary,Travel,Mobile App,Completed,98.24,41,8,15,2475
T003903,C0510,2026-08-01,Ottawa,Clothing,Online,Completed,21.55,38,3,23,2604
T003904,C0013,2026-08-01,Calgary,Home,Online,Completed,267.87,24,2,12,2861
T003905,C0874,2026-08-01,Ottawa,Dining,In-Store,Completed,71.02,64,13,9,2565
T003906,C0764,2026-08-01,Ottawa,Groceries,Mobile App,Pending,54.28,57,6,8,2008
T003907,C0716,2026-08-01,Calgary,Home,In-Store,Completed,65.28,37,11,17,1408
T003908,C0971,2026-08-01,Ottawa,Travel,Mobile App,Completed,61.43,60,9,9,2841
T003909,C0197,2026-08-01,Windsor,Dining,Online,Completed,30.91,75,7,12,1194
T003910,C0906,2026-08-01,Ottawa,Clothing,In-Store,Completed,97.79,59,9,20,2888
T003911,C0233,2026-08-01,Windsor,Groceries,Online,Completed,51.16,73,10,18,2920
T003912,C0971,2026-08-01,Mississauga,Dining,Online,Completed,150.34,45,8,23,1961
T003913,C0192,2026-08-01,Vancouver,Electronics,In-Store,Completed,131.97,39,8,17,2939
T003914,C0551,2026-08-01,Toronto,Electronics,Online,Completed,338.48,66,4,8,870
T003915,C0790,2026-08-01,Vancouver,Home,Online,Failed,71.01,56,4,2,211
T003916,C0079,2026-08-02,Ottawa,Travel,Online,Completed,42.94,53,12,11,1570
T003917,C0067,2026-08-02,Windsor,Groceries,Mobile App,Completed,24.37,55,7,8,995
T003918,C0850,2026-08-02,Toronto,Dining,In-Store,Completed,548.39,75,6,11,2715
T003919,C0061,2026-08-02,Vancouver,Electronics,In-Store,Completed,149.22,57,8,22,2013
T003920,C0614,2026-08-02,Vancouver,Home,Mobile App,Failed,47.19,65,5,15,407
T003921,C0939,2026-08-02,Vancouver,Electronics,In-Store,Completed,358.47,20,3,3,1848
T003922,C0615,2026-08-02,Mississauga,Dining,Mobile App,Completed,269.18,59,11,5,2235
T003923,C0482,2026-08-02,Ottawa,Dining,In-Store,Completed,26.95,36,12,4,1185
T003924,C0418,2026-08-02,Mississauga,Electronics,Online,Failed,3407.38,25,8,8,2840
T003925,C0639,2026-08-02,Mississauga,Clothing,Online,Completed,75.96,34,7,23,2208
T003926,C0572,2026-08-02,Windsor,Travel,Online,Completed,34.23,66,7,3,2161
T003927,C0502,2026-08-02,Windsor,Dining,Online,Completed,78.3,65,7,17,987
T003928,C0154,2026-08-02,Calgary,Dining,Online,Completed,155.68,35,12,0,2846
T003929,C0663,2026-08-02,Ottawa,Clothing,In-Store,Completed,26.45,29,4,2,2028
T003930,C0740,2026-08-02,Windsor,Groceries,Mobile App,Completed,109.04,42,11,4,2175
T003931,C0709,2026-08-02,Calgary,Home,Online,Completed,229.49,37,11,9,2419
T003932,C0076,2026-08-02,Toronto,Travel,Online,Completed,119.44,44,3,1,2959
T003933,C0703,2026-08-02,Ottawa,Electronics,Mobile App,Completed,79.71,63,6,1,2076
T003934,C0730,2026-08-02,Toronto,Travel,Online,Completed,48.17,37,8,5,2884
T003935,C0184,2026-08-03,Mississauga,Home,Mobile App,Completed,172.24,28,5,19,752
T003936,C0849,2026-08-03,Ottawa,Electronics,In-Store,Completed,31.26,24,6,8,1893
T003937,C0524,2026-08-03,Calgary,Travel,Mobile App,Completed,104.48,57,7,2,1378
T003938,C0473,2026-08-03,Calgary,Travel,In-Store,Completed,86.86,29,5,1,1812
T003939,C0723,2026-08-03,Calgary,Clothing,In-Store,Completed,221.28,30,13,1,2643
T003940,C0510,2026-08-03,Windsor,Travel,Online,Pending,51.8,64,8,23,2693
T003941,C0545,2026-08-03,Toronto,Clothing,In-Store,Completed,55.68,23,11,9,239
T003942,C0313,2026-08-03,Calgary,Clothing,Mobile App,Completed,29.58,55,7,3,2317
T003943,C0928,2026-08-03,Calgary,Home,Mobile App,Completed,123.27,18,11,3,2868
T003944,C0970,2026-08-03,Windsor,Dining,Online,Completed,59.29,72,15,20,1805
T003945,C0131,2026-08-03,Toronto,Clothing,Online,Completed,40.85,59,9,19,1825
T003946,C0734,2026-08-03,Ottawa,Electronics,Online,Completed,44.29,65,8,17,2150
T003947,C0024,2026-08-03,Toronto,Home,Mobile App,Completed,134.18,56,7,12,2929
T003948,C0369,2026-08-03,Toronto,Home,Online,Completed,33.29,41,8,18,239
T003949,C0970,2026-08-03,Calgary,Electronics,Mobile App,Pending,35.9,75,11,11,2417
T003950,C0175,2026-08-03,Mississauga,Travel,In-Store,Completed,182.1,63,4,5,2866
T003951,C0377,2026-08-03,Toronto,Clothing,Online,Pending,73.81,23,6,10,99
T003952,C0220,2026-08-03,Ottawa,Groceries,Mobile App,Completed,191.48,51,6,22,1292
T003953,C0729,2026-08-04,Mississauga,Clothing,Mobile App,Pending,62.63,49,4,9,2119
T003954,C0464,2026-08-04,Ottawa,Clothing,In-Store,Completed,84.92,34,8,5,296
T003955,C0594,2026-08-04,Calgary,Home,Mobile App,Failed,97.08,44,12,14,618
T003956,C0943,2026-08-04,Windsor,Electronics,Mobile App,Completed,276.4,74,6,4,1155
T003957,C0522,2026-08-04,Ottawa,Clothing,In-Store,Completed,257.92,23,15,12,2799
T003958,C0735,2026-08-04,Vancouver,Clothing,Online,Completed,226.54,71,10,3,1556
T003959,C0098,2026-08-04,Mississauga,Groceries,Mobile App,Completed,49.81,58,8,4,2662
T003960,C0216,2026-08-04,Calgary,Clothing,Mobile App,Completed,36.74,24,9,8,2990
T003961,C0947,2026-08-04,Mississauga,Travel,Mobile App,Pending,162.28,35,8,16,1863
T003962,C0860,2026-08-04,Mississauga,Home,Mobile App,Completed,273.94,66,12,1,1812
T003963,C0657,2026-08-04,Calgary,Groceries,In-Store,Completed,228.39,58,8,2,2105
T003964,C0379,2026-08-04,Ottawa,Home,In-Store,Completed,85.95,22,12,19,164
T003965,C0200,2026-08-04,Calgary,Travel,Mobile App,Completed,157.79,26,8,22,943
T003966,C0852,2026-08-04,Vancouver,Electronics,Mobile App,Failed,160.17,71,8,13,244
T003967,C0786,2026-08-04,Vancouver,Dining,Online,Completed,96.47,27,7,11,489
T003968,C0242,2026-08-04,Windsor,Clothing,In-Store,Completed,100.1,54,11,22,1241
T003969,C0590,2026-08-04,Mississauga,Home,In-Store,Completed,92.4,75,9,6,2772
T003970,C0619,2026-08-04,Calgary,Electronics,Mobile App,Completed,43.5,27,12,14,2596
T003971,C0478,2026-08-05,Ottawa,Home,Mobile App,Completed,47.44,20,5,1,1193
T003972,C0927,2026-08-05,Windsor,Travel,Online,Completed,46.82,65,6,1,1099
T003973,C0125,2026-08-05,Windsor,Electronics,Mobile App,Completed,21.83,73,8,8,2919
T003974,C0258,2026-08-05,Vancouver,Travel,In-Store,Completed,95.97,47,12,12,2953
T003975,C0096,2026-08-05,Windsor,Clothing,Online,Completed,82.12,31,7,0,1717
T003976,C0693,2026-08-05,Toronto,Groceries,In-Store,Completed,162.44,21,7,1,72
T003977,C0645,2026-08-05,Vancouver,Groceries,Online,Completed,248.21,70,9,3,1188
T003978,C0988,2026-08-05,Windsor,Groceries,Mobile App,Pending,261.99,64,5,22,1655
T003979,C0543,2026-08-05,Vancouver,Travel,Mobile App,Failed,283.82,69,4,6,2204
T003980,C0151,2026-08-05,Ottawa,Groceries,Mobile App,Pending,44.66,63,10,15,2930
T003981,C0451,2026-08-05,Calgary,Home,In-Store,Completed,25.17,43,7,22,1943
T003982,C0089,2026-08-05,Ottawa,Groceries,In-Store,Completed,187.5,45,10,8,1465
T003983,C0671,2026-08-05,Calgary,Groceries,In-Store,Completed,275.19,40,8,3,1516
T003984,C0675,2026-08-05,Calgary,Electronics,Mobile App,Completed,319.02,60,8,14,1538
T003985,C0858,2026-08-05,Windsor,Clothing,Online,Failed,128.37,23,8,7,1845
T003986,C0340,2026-08-05,Calgary,Home,Mobile App,Completed,15.57,20,8,18,978
T003987,C0311,2026-08-05,Vancouver,Electronics,In-Store,Completed,115.98,73,9,23,613
T003988,C0072,2026-08-05,Toronto,Travel,In-Store,Failed,136.29,36,5,22,2406
T003989,C0416,2026-08-05,Toronto,Clothing,Mobile App,Completed,246.39,20,6,9,2226
T003990,C0476,2026-08-06,Windsor,Clothing,Online,Completed,286.53,57,5,15,2792
T003991,C0755,2026-08-06,Toronto,Groceries,Online,Completed,184.17,41,4,10,2117
T003992,C0754,2026-08-06,Mississauga,Home,Online,Completed,51.6,31,13,16,1298
T003993,C0141,2026-08-06,Calgary,Home,Mobile App,Completed,35.44,43,9,6,2656
T003994,C0286,2026-08-06,Mississauga,Clothing,Online,Completed,133.82,44,8,9,2741
T003995,C0512,2026-08-06,Toronto,Travel,In-Store,Completed,43.34,53,12,2,1979
T003996,C0336,2026-08-06,Mississauga,Dining,Online,Completed,297.83,72,1,5,444
T003997,C0026,2026-08-06,Windsor,Home,Mobile App,Completed,19.96,69,11,5,2700
T003998,C0846,2026-08-06,Calgary,Home,Mobile App,Completed,137.62,65,10,8,2034
T003999,C0732,2026-08-06,Toronto,Travel,In-Store,Completed,111.53,46,8,3,786
T004000,C0521,2026-08-06,Vancouver,Clothing,Online,Completed,71.3,50,14,15,943
T004001,C0318,2026-08-06,Mississauga,Dining,In-Store,Completed,38.72,25,7,23,385
T004002,C0843,2026-08-06,Toronto,Clothing,Mobile App,Completed,14.73,51,5,20,344
T004003,C0036,2026-08-06,Vancouver,Groceries,Mobile App,Completed,54.11,56,4,18,1170
T004004,C0447,2026-08-06,Mississauga,Home,In-Store,Completed,54.92,69,10,15,1862
T004005,C0801,2026-08-06,Vancouver,Travel,In-Store,Completed,218.68,20,9,7,1837
T004006,C0953,2026-08-06,Ottawa,Travel,In-Store,Completed,43.69,68,8,22,1643
T004007,C0252,2026-08-06,Vancouver,Electronics,Online,Completed,124.9,48,5,13,1803
T004008,C0651,2026-08-07,Mississauga,Travel,Online,Failed,28.34,23,6,16,1714
T004009,C0190,2026-08-07,Toronto,Groceries,Mobile App,Failed,127.85,75,10,1,1884
T004010,C0116,2026-08-07,Toronto,Home,In-Store,Completed,12.69,45,11,15,2220
T004011,C0354,2026-08-07,Mississauga,Clothing,Mobile App,Pending,504.54,41,8,4,2606
T004012,C0886,2026-08-07,Mississauga,Dining,In-Store,Completed,75.4,29,6,0,1442
T004013,C0690,2026-08-07,Vancouver,Home,In-Store,Completed,7.9,22,6,22,1873
T004014,C0490,2026-08-07,Mississauga,Clothing,In-Store,Failed,46.18,22,10,14,1161
T004015,C0283,2026-08-07,Calgary,Groceries,Mobile App,Completed,40.38,33,7,0,2523
T004016,C0142,2026-08-07,Windsor,Groceries,Online,Completed,48.68,34,8,1,2231
T004017,C0271,2026-08-07,Mississauga,Electronics,In-Store,Completed,62.35,44,10,18,537
T004018,C0153,2026-08-07,Vancouver,Groceries,Mobile App,Completed,48.4,53,9,12,2178
T004019,C0188,2026-08-07,Toronto,Travel,Online,Completed,42.47,75,8,3,408
T004020,C0688,2026-08-07,Windsor,Travel,Online,Completed,31.75,64,7,14,1595
T004021,C0133,2026-08-07,Vancouver,Travel,Online,Completed,170.92,46,8,22,2622
T004022,C0048,2026-08-07,Ottawa,Groceries,In-Store,Completed,235.95,70,4,15,1871
T004023,C0543,2026-08-07,Vancouver,Home,Online,Completed,68.46,50,5,20,195
T004024,C0287,2026-08-07,Ottawa,Home,In-Store,Completed,83.74,42,12,20,1540
T004025,C0455,2026-08-07,Calgary,Travel,Online,Completed,32.63,30,9,22,2429
T004026,C0140,2026-08-08,Calgary,Groceries,Online,Completed,90.29,42,6,11,1889
T004027,C0210,2026-08-08,Calgary,Dining,Online,Completed,103.35,20,11,23,2642
T004028,C0442,2026-08-08,Toronto,Clothing,Mobile App,Completed,70.54,26,6,11,1216
T004029,C0691,2026-08-08,Ottawa,Clothing,In-Store,Completed,119.02,72,12,8,1512
T004030,C0415,2026-08-08,Toronto,Electronics,Online,Completed,110.5,29,10,13,2447
T004031,C0542,2026-08-08,Windsor,Clothing,In-Store,Completed,34.7,50,14,20,1897
T004032,C0522,2026-08-08,Windsor,Home,Mobile App,Completed,234.33,23,3,8,2129
T004033,C0269,2026-08-08,Ottawa,Travel,Mobile App,Completed,71.25,52,9,11,786
T004034,C0280,2026-08-08,Mississauga,Dining,Mobile App,Completed,353.15,74,4,6,2147
T004035,C0426,2026-08-08,Calgary,Travel,In-Store,Completed,121.51,44,5,8,1209
T004036,C0033,2026-08-08,Windsor,Groceries,In-Store,Completed,453.93,25,5,2,2943
T004037,C0686,2026-08-08,Ottawa,Travel,Online,Pending,230.82,19,17,20,1332
T004038,C0615,2026-08-08,Vancouver,Groceries,Online,Completed,103.11,61,5,20,1528
T004039,C0307,2026-08-08,Calgary,Groceries,Mobile App,Completed,45.97,23,9,23,64
T004040,C0374,2026-08-08,Windsor,Travel,Online,Completed,46.82,36,9,1,2852
T004041,C0329,2026-08-08,Vancouver,Travel,Mobile App,Completed,133.72,66,9,1,500
T004042,C0652,2026-08-08,Toronto,Home,Mobile App,Completed,96.0,49,7,23,1207
T004043,C0760,2026-08-08,Ottawa,Travel,Mobile App,Completed,51.52,68,7,19,1078
T004044,C0109,2026-08-08,Mississauga,Home,In-Store,Completed,172.56,68,9,6,2732
T004045,C0414,2026-08-09,Calgary,Clothing,Mobile App,Completed,87.85,56,5,11,1953
T004046,C0014,2026-08-09,Vancouver,Dining,Online,Completed,173.44,72,14,16,1710
T004047,C0453,2026-08-09,Calgary,Home,Mobile App,Failed,37.1,20,10,9,2066
T004048,C0249,2026-08-09,Calgary,Dining,In-Store,Pending,198.78,31,9,17,1723
T004049,C0336,2026-08-09,Mississauga,Travel,Mobile App,Completed,130.13,34,10,18,1233
T004050,C0457,2026-08-09,Vancouver,Groceries,Online,Completed,235.24,70,5,9,2627
T004051,C0324,2026-08-09,Toronto,Electronics,Mobile App,Completed,195.09,54,11,0,1616
T004052,C0395,2026-08-09,Ottawa,Travel,In-Store,Completed,79.08,32,6,9,2864
T004053,C0765,2026-08-09,Toronto,Electronics,Online,Failed,73.85,30,8,23,219
T004054,C0811,2026-08-09,Vancouver,Travel,In-Store,Completed,386.92,64,10,14,622
T004055,C0006,2026-08-09,Calgary,Groceries,Online,Completed,66.4,67,15,2,1411
T004056,C0378,2026-08-09,Vancouver,Electronics,Online,Completed,160.58,18,12,1,415
T004057,C0847,2026-08-09,Calgary,Travel,In-Store,Completed,61.47,39,11,23,735
T004058,C0531,2026-08-09,Windsor,Travel,Mobile App,Completed,17.46,49,13,0,2337
T004059,C0206,2026-08-09,Calgary,Home,Online,Completed,29.95,31,7,0,954
T004060,C0594,2026-08-09,Ottawa,Home,Online,Completed,120.02,60,12,17,1093
T004061,C0145,2026-08-09,Vancouver,Clothing,In-Store,Completed,154.26,61,7,2,374
T004062,C0022,2026-08-09,Vancouver,Groceries,In-Store,Completed,120.36,66,13,12,440
T004063,C0633,2026-08-10,Ottawa,Travel,Online,Completed,225.14,63,15,2,2660
T004064,C0516,2026-08-10,Windsor,Electronics,In-Store,Completed,118.54,66,7,23,715
T004065,C0757,2026-08-10,Ottawa,Electronics,In-Store,Completed,43.98,39,7,4,189
T004066,C0345,2026-08-10,Ottawa,Electronics,Mobile App,Completed,140.87,35,9,7,1065
T004067,C0855,2026-08-10,Calgary,Dining,Online,Failed,98.18,36,8,6,1187
T004068,C0422,2026-08-10,Mississauga,Groceries,In-Store,Completed,52.11,67,7,8,2325
T004069,C0739,2026-08-10,Ottawa,Travel,Online,Completed,127.01,55,5,7,922
T004070,C0101,2026-08-10,Ottawa,Groceries,Mobile App,Completed,90.93,36,9,15,248
T004071,C0098,2026-08-10,Toronto,Travel,Mobile App,Completed,50.83,59,10,10,2929
T004072,C0783,2026-08-10,Toronto,Travel,In-Store,Completed,73.07,31,4,16,1534
T004073,C0834,2026-08-10,Toronto,Electronics,In-Store,Completed,282.64,33,10,13,1154
T004074,C0943,2026-08-10,Ottawa,Groceries,Mobile App,Completed,274.9,18,13,9,82
T004075,C0325,2026-08-10,Mississauga,Clothing,Online,Completed,99.74,74,7,1,754
T004076,C0023,2026-08-10,Calgary,Clothing,Online,Completed,89.24,31,2,2,2105
T004077,C0980,2026-08-10,Vancouver,Electronics,Online,Completed,25.14,61,5,20,2542
T004078,C0602,2026-08-10,Toronto,Home,Mobile App,Completed,366.54,24,6,1,2891
T004079,C0248,2026-08-10,Toronto,Electronics,Online,Completed,205.11,20,11,12,1949
T004080,C0764,2026-08-10,Mississauga,Home,Online,Completed,161.07,57,6,0,1089
T004081,C0904,2026-08-10,Calgary,Groceries,Online,Completed,12.29,23,6,14,1129
T004082,C0285,2026-08-11,Toronto,Travel,Mobile App,Completed,88.01,26,5,8,2771
T004083,C0770,2026-08-11,Windsor,Groceries,Mobile App,Completed,76.29,37,10,2,1123
T004084,C0788,2026-08-11,Toronto,Electronics,Mobile App,Completed,151.87,51,7,6,2657
T004085,C0502,2026-08-11,Mississauga,Dining,Online,Completed,57.93,19,8,11,2579
T004086,C0633,2026-08-11,Calgary,Groceries,In-Store,Completed,69.8,25,8,0,1064
T004087,C0270,2026-08-11,Vancouver,Dining,In-Store,Completed,143.9,37,6,10,1471
T004088,C0930,2026-08-11,Mississauga,Electronics,In-Store,Completed,44.04,58,9,15,648
T004089,C0984,2026-08-11,Toronto,Groceries,Online,Completed,52.18,23,11,5,1989
T004090,C0982,2026-08-11,Mississauga,Home,In-Store,Completed,100.18,34,9,8,1010
T004091,C0738,2026-08-11,Ottawa,Home,Online,Completed,265.17,29,11,10,656
T004092,C0043,2026-08-11,Windsor,Home,Online,Completed,168.99,35,6,13,2749
T004093,C0367,2026-08-11,Vancouver,Groceries,Online,Pending,212.03,32,12,14,1720
T004094,C0445,2026-08-11,Calgary,Dining,Mobile App,Completed,89.7,55,5,20,1293
T004095,C0960,2026-08-11,Windsor,Electronics,Mobile App,Completed,302.92,21,10,17,437
T004096,C0547,2026-08-11,Windsor,Electronics,Mobile App,Completed,19.35,72,16,8,1510
T004097,C0537,2026-08-11,Toronto,Dining,In-Store,Completed,474.16,32,6,20,198
T004098,C0147,2026-08-11,Vancouver,Travel,In-Store,Completed,529.35,75,12,5,464
T004099,C0794,2026-08-11,Mississauga,Dining,In-Store,Pending,125.31,60,8,19,344
T004100,C0337,2026-08-12,Windsor,Electronics,Online,Completed,172.44,38,3,6,707
T004101,C0092,2026-08-12,Windsor,Home,Mobile App,Completed,82.3,35,7,9,2897
T004102,C0988,2026-08-12,Toronto,Home,Mobile App,Completed,71.13,72,7,0,2780
T004103,C0191,2026-08-12,Mississauga,Electronics,Online,Pending,50.57,75,8,21,1563
T004104,C0017,2026-08-12,Vancouver,Electronics,Online,Failed,81.53,53,6,5,2745
T004105,C0078,2026-08-12,Windsor,Travel,Online,Completed,136.35,20,13,1,1363
T004106,C0453,2026-08-12,Toronto,Dining,In-Store,Completed,121.46,70,6,21,910
T004107,C0103,2026-08-12,Mississauga,Home,Online,Completed,460.02,45,10,23,2019
T004108,C0843,2026-08-12,Vancouver,Dining,Online,Completed,92.56,19,8,3,2109
T004109,C0513,2026-08-12,Mississauga,Groceries,In-Store,Completed,23.98,64,10,0,1237
T004110,C0324,2026-08-12,Windsor,Groceries,Online,Completed,343.89,19,4,7,2069
T004111,C0004,2026-08-12,Toronto,Groceries,Online,Failed,30.11,39,9,18,1813
T004112,C0480,2026-08-12,Vancouver,Dining,Online,Completed,52.83,22,4,3,1282
T004113,C0152,2026-08-12,Calgary,Electronics,Mobile App,Completed,107.09,43,7,0,2630
T004114,C0979,2026-08-12,Vancouver,Home,In-Store,Completed,121.18,64,8,1,2149
T004115,C0292,2026-08-12,Ottawa,Home,Online,Completed,24.88,25,7,18,313
T004116,C0475,2026-08-12,Vancouver,Groceries,In-Store,Completed,45.07,26,9,9,2688
T004117,C0019,2026-08-12,Mississauga,Home,Online,Completed,24.14,73,5,4,2856
T004118,C0131,2026-08-13,Toronto,Travel,In-Store,Completed,144.19,28,2,19,2330
T004119,C0208,2026-08-13,Mississauga,Electronics,In-Store,Completed,232.41,24,6,9,1422
T004120,C0052,2026-08-13,Vancouver,Dining,Mobile App,Completed,30.09,51,11,0,1665
T004121,C0726,2026-08-13,Ottawa,Dining,In-Store,Completed,198.14,34,7,19,456
T004122,C0946,2026-08-13,Calgary,Electronics,Mobile App,Completed,187.51,73,6,16,1916
T004123,C0986,2026-08-13,Calgary,Home,Online,Completed,48.54,27,6,16,1229
T004124,C0266,2026-08-13,Windsor,Groceries,Online,Completed,15.76,50,5,1,2518
T004125,C0789,2026-08-13,Toronto,Groceries,In-Store,Completed,34.2,71,9,4,1476
T004126,C0505,2026-08-13,Windsor,Electronics,Online,Pending,51.25,60,7,17,2256
T004127,C0046,2026-08-13,Calgary,Groceries,In-Store,Completed,315.16,19,7,18,1769
T004128,C0091,2026-08-13,Vancouver,Groceries,In-Store,Completed,76.87,28,15,23,2818
T004129,C0548,2026-08-13,Toronto,Dining,Mobile App,Pending,36.12,25,9,19,2532
T004130,C0424,2026-08-13,Toronto,Dining,In-Store,Completed,96.38,71,7,6,2523
T004131,C0009,2026-08-13,Ottawa,Groceries,Mobile App,Completed,28.26,29,4,12,839
T004132,C0931,2026-08-13,Ottawa,Clothing,In-Store,Failed,131.61,21,5,10,200
T004133,C0731,2026-08-13,Calgary,Home,In-Store,Completed,37.03,40,4,9,1579
T004134,C0503,2026-08-13,Vancouver,Clothing,Online,Completed,41.89,34,8,13,2158
T004135,C0987,2026-08-13,Windsor,Travel,Mobile App,Completed,116.96,27,7,21,2222
T004136,C0972,2026-08-13,Toronto,Home,Mobile App,Completed,376.29,44,9,5,427
T004137,C0974,2026-08-14,Ottawa,Dining,Online,Completed,550.47,70,15,13,2613
T004138,C0259,2026-08-14,Ottawa,Dining,Online,Failed,35.12,31,8,1,2506
T004139,C0881,2026-08-14,Calgary,Groceries,Online,Completed,51.19,74,4,12,2803
T004140,C0505,2026-08-14,Ottawa,Clothing,In-Store,Completed,131.74,56,10,1,327
T004141,C0727,2026-08-14,Ottawa,Groceries,In-Store,Completed,229.55,40,9,20,1629
T004142,C0860,2026-08-14,Windsor,Travel,Online,Completed,13.51,57,10,8,884
T004143,C0164,2026-08-14,Toronto,Clothing,Online,Completed,91.55,38,7,5,2143
T004144,C0449,2026-08-14,Calgary,Electronics,In-Store,Completed,56.18,30,6,4,964
T004145,C0129,2026-08-14,Vancouver,Travel,In-Store,Completed,16.56,31,8,6,2919
T004146,C0280,2026-08-14,Toronto,Electronics,In-Store,Completed,27.28,18,11,12,2800
T004147,C0414,2026-08-14,Vancouver,Dining,Online,Completed,52.46,55,4,8,2676
T004148,C0856,2026-08-14,Mississauga,Travel,Mobile App,Pending,89.36,22,5,1,2964
T004149,C0863,2026-08-14,Mississauga,Electronics,Mobile App,Completed,200.24,29,4,4,1639
T004150,C0390,2026-08-14,Calgary,Clothing,Online,Completed,114.88,18,6,16,1630
T004151,C0330,2026-08-14,Calgary,Dining,Online,Completed,190.2,21,4,7,1436
T004152,C0531,2026-08-14,Windsor,Dining,In-Store,Completed,86.95,70,8,3,1580
T004153,C0912,2026-08-14,Windsor,Clothing,In-Store,Pending,46.69,19,8,14,1790
T004154,C0977,2026-08-14,Vancouver,Electronics,Online,Completed,72.71,54,9,0,1634
T004155,C0227,2026-08-15,Calgary,Dining,Online,Completed,153.52,37,12,15,731
T004156,C0187,2026-08-15,Toronto,Home,Mobile App,Completed,204.45,26,8,6,1931
T004157,C0707,2026-08-15,Calgary,Dining,In-Store,Completed,74.96,35,7,12,1030
T004158,C0302,2026-08-15,Mississauga,Groceries,Online,Completed,38.59,23,7,16,234
T004159,C0200,2026-08-15,Ottawa,Electronics,In-Store,Completed,113.06,36,6,10,2970
T004160,C0032,2026-08-15,Toronto,Home,Online,Pending,127.6,65,8,2,910
T004161,C0404,2026-08-15,Vancouver,Clothing,Online,Completed,242.37,53,9,17,1683
T004162,C0392,2026-08-15,Vancouver,Clothing,Mobile App,Completed,47.74,65,12,3,1847
T004163,C0564,2026-08-15,Ottawa,Electronics,Online,Completed,48.18,58,9,6,569
T004164,C0201,2026-08-15,Vancouver,Home,Online,Completed,161.64,71,9,15,727
T004165,C0715,2026-08-15,Calgary,Dining,Mobile App,Completed,60.12,24,7,0,1433
T004166,C0681,2026-08-15,Calgary,Clothing,Online,Completed,58.0,27,5,7,1839
T004167,C0463,2026-08-15,Vancouver,Home,In-Store,Completed,246.82,41,2,20,2964
T004168,C0182,2026-08-15,Calgary,Electronics,Mobile App,Completed,26.5,48,11,2,2705
T004169,C0507,2026-08-15,Vancouver,Home,Mobile App,Completed,488.05,63,6,8,2960
T004170,C0675,2026-08-15,Vancouver,Travel,Mobile App,Completed,50.5,25,4,21,2312
T004171,C0373,2026-08-15,Ottawa,Clothing,In-Store,Completed,177.57,24,11,11,2260
T004172,C0264,2026-08-15,Vancouver,Clothing,Mobile App,Completed,77.49,64,6,5,1614
T004173,C0507,2026-08-16,Toronto,Electronics,Online,Completed,107.05,49,13,17,1141
T004174,C0356,2026-08-16,Ottawa,Clothing,Online,Completed,67.98,41,5,15,858
T004175,C0401,2026-08-16,Mississauga,Electronics,Online,Completed,176.05,30,8,11,2174
T004176,C0349,2026-08-16,Calgary,Electronics,In-Store,Completed,63.27,58,10,16,1252
T004177,C0304,2026-08-16,Toronto,Groceries,Mobile App,Completed,52.23,64,10,18,2842
T004178,C0717,2026-08-16,Ottawa,Electronics,Mobile App,Completed,397.02,19,6,12,285
T004179,C0461,2026-08-16,Windsor,Home,Mobile App,Completed,87.15,21,8,4,1622
T004180,C0467,2026-08-16,Calgary,Electronics,Online,Completed,47.86,63,7,14,460
T004181,C0654,2026-08-16,Calgary,Dining,Mobile App,Completed,23.95,69,10,19,1249
T004182,C0362,2026-08-16,Windsor,Dining,Mobile App,Completed,415.05,31,10,7,2995
T004183,C0102,2026-08-16,Calgary,Clothing,In-Store,Completed,53.17,58,5,1,710
T004184,C0853,2026-08-16,Mississauga,Travel,Online,Completed,490.4,66,10,14,2752
T004185,C0056,2026-08-16,Calgary,Travel,Online,Pending,119.3,24,8,8,2766
T004186,C0572,2026-08-16,Vancouver,Home,Mobile App,Completed,95.98,28,9,19,1864
T004187,C0266,2026-08-16,Toronto,Dining,Online,Completed,98.2,25,6,14,2830
T004188,C0214,2026-08-16,Windsor,Clothing,In-Store,Completed,559.03,63,6,18,1898
T004189,C0042,2026-08-16,Mississauga,Home,Mobile App,Completed,13.19,62,9,11,2651
T004190,C0901,2026-08-16,Windsor,Clothing,In-Store,Completed,101.99,25,5,5,863
T004191,C0430,2026-08-16,Toronto,Groceries,Online,Completed,67.85,28,12,15,916
T004192,C0343,2026-08-17,Calgary,Electronics,In-Store,Completed,70.92,56,12,18,1192
T004193,C0742,2026-08-17,Calgary,Travel,Online,Completed,96.5,70,12,5,2705
T004194,C0039,2026-08-17,Mississauga,Dining,Online,Pending,67.78,63,9,16,639
T004195,C0565,2026-08-17,Windsor,Electronics,Mobile App,Pending,99.74,27,6,23,2966
T004196,C0495,2026-08-17,Windsor,Dining,In-Store,Completed,83.31,40,5,10,2852
T004197,C0554,2026-08-17,Calgary,Groceries,Mobile App,Completed,27.83,21,8,6,1526
T004198,C0124,2026-08-17,Windsor,Electronics,Mobile App,Completed,117.54,32,8,11,2451
T004199,C0953,2026-08-17,Toronto,Clothing,In-Store,Pending,156.23,50,9,10,243
T004200,C0239,2026-08-17,Mississauga,Groceries,In-Store,Completed,53.62,37,9,12,902
T004201,C0679,2026-08-17,Mississauga,Home,Online,Completed,415.87,53,12,16,1088
T004202,C0748,2026-08-17,Ottawa,Dining,In-Store,Pending,264.51,35,8,18,1106
T004203,C0344,2026-08-17,Mississauga,Clothing,Mobile App,Completed,174.17,50,10,17,402
T004204,C0131,2026-08-17,Calgary,Electronics,Online,Completed,172.38,54,6,14,62
T004205,C0297,2026-08-17,Ottawa,Clothing,Online,Pending,87.2,29,4,16,1206
T004206,C0807,2026-08-17,Calgary,Travel,Mobile App,Completed,224.26,20,8,20,825
T004207,C0907,2026-08-17,Mississauga,Home,Mobile App,Completed,323.05,37,7,5,2863
T004208,C0937,2026-08-17,Ottawa,Groceries,In-Store,Failed,168.93,20,4,19,817
T004209,C0227,2026-08-17,Mississauga,Clothing,Mobile App,Completed,52.35,27,8,4,2402
T004210,C0607,2026-08-18,Vancouver,Electronics,Online,Completed,82.18,34,6,21,486
T004211,C0152,2026-08-18,Vancouver,Dining,In-Store,Completed,138.42,37,14,13,2923
T004212,C0711,2026-08-18,Windsor,Groceries,Mobile App,Completed,173.25,34,9,20,2748
T004213,C0416,2026-08-18,Calgary,Home,In-Store,Completed,79.58,21,7,22,176
T004214,C0714,2026-08-18,Calgary,Travel,In-Store,Completed,52.5,28,10,0,98
T004215,C0686,2026-08-18,Calgary,Home,Online,Completed,326.76,69,11,13,2664
T004216,C0993,2026-08-18,Windsor,Travel,In-Store,Completed,34.16,59,5,8,1695
T004217,C0489,2026-08-18,Vancouver,Groceries,In-Store,Completed,38.19,43,7,4,2044
T004218,C0342,2026-08-18,Toronto,Dining,Mobile App,Completed,27.51,19,12,8,1269
T004219,C0527,2026-08-18,Toronto,Dining,Online,Completed,38.12,38,7,14,260
T004220,C0163,2026-08-18,Calgary,Groceries,In-Store,Completed,245.4,71,9,16,1218
T004221,C0112,2026-08-18,Toronto,Home,In-Store,Completed,252.49,64,7,2,2381
T004222,C0520,2026-08-18,Calgary,Home,Mobile App,Completed,79.82,61,11,13,477
T004223,C0826,2026-08-18,Mississauga,Travel,Online,Completed,129.61,32,9,14,1048
T004224,C0534,2026-08-18,Windsor,Travel,Mobile App,Failed,84.24,41,10,23,2385
T004225,C0782,2026-08-18,Toronto,Clothing,Mobile App,Completed,30.86,19,10,5,1713
T004226,C0178,2026-08-18,Vancouver,Clothing,In-Store,Failed,560.06,67,8,14,992
T004227,C0450,2026-08-18,Vancouver,Groceries,In-Store,Completed,273.47,24,8,18,1972
T004228,C0614,2026-08-18,Mississauga,Travel,Online,Completed,114.88,53,7,13,2062
T004229,C0348,2026-08-19,Vancouver,Clothing,Online,Completed,41.06,34,7,5,2098
T004230,C0015,2026-08-19,Windsor,Clothing,Online,Completed,70.21,51,9,20,968
T004231,C0074,2026-08-19,Ottawa,Travel,Online,Pending,47.19,65,13,3,2726
T004232,C0928,2026-08-19,Windsor,Home,In-Store,Completed,92.35,36,8,18,2728
T004233,C0606,2026-08-19,Ottawa,Travel,Online,Completed,110.62,18,4,22,1870
T004234,C0265,2026-08-19,Toronto,Dining,Online,Completed,63.61,56,6,3,705
T004235,C0259,2026-08-19,Mississauga,Dining,Mobile App,Completed,24.69,48,7,14,1119
T004236,C0040,2026-08-19,Ottawa,Clothing,Online,Completed,520.56,26,9,11,2501
T004237,C0945,2026-08-19,Ottawa,Home,Online,Pending,104.02,20,15,17,2449
T004238,C0109,2026-08-19,Mississauga,Electronics,In-Store,Completed,125.31,48,9,23,2238
T004239,C0760,2026-08-19,Ottawa,Electronics,Mobile App,Completed,59.36,53,6,5,1472
T004240,C0241,2026-08-19,Ottawa,Travel,Mobile App,Completed,22.53,24,10,16,2614
T004241,C0336,2026-08-19,Windsor,Clothing,Online,Completed,79.19,52,8,22,1034
T004242,C0274,2026-08-19,Windsor,Dining,Online,Completed,64.58,43,9,0,2960
T004243,C0825,2026-08-19,Ottawa,Travel,Mobile App,Completed,155.36,25,4,19,2818
T004244,C0033,2026-08-19,Calgary,Groceries,Mobile App,Completed,183.61,53,7,1,1745
T004245,C0353,2026-08-19,Vancouver,Electronics,In-Store,Completed,162.87,55,8,4,2972
T004246,C0280,2026-08-19,Ottawa,Home,Mobile App,Completed,196.9,27,10,17,2197
T004247,C0273,2026-08-20,Calgary,Travel,Mobile App,Completed,393.77,57,12,21,854
T004248,C0193,2026-08-20,Calgary,Home,Mobile App,Completed,118.39,30,3,18,1724
T004249,C0913,2026-08-20,Ottawa,Electronics,Mobile App,Completed,216.37,52,5,4,834
T004250,C0379,2026-08-20,Toronto,Electronics,Mobile App,Completed,129.34,65,6,19,2686
T004251,C0419,2026-08-20,Ottawa,Home,Online,Completed,16.91,72,7,6,2833
T004252,C0386,2026-08-20,Ottawa,Home,Mobile App,Completed,74.54,32,5,7,1862
T004253,C0981,2026-08-20,Windsor,Home,Mobile App,Completed,40.65,37,11,19,37
T004254,C0340,2026-08-20,Calgary,Electronics,Online,Completed,103.48,23,5,19,2543
T004255,C0342,2026-08-20,Calgary,Clothing,Online,Pending,43.39,74,9,18,739
T004256,C0328,2026-08-20,Windsor,Dining,In-Store,Failed,142.23,37,6,23,815
T004257,C0327,2026-08-20,Mississauga,Home,Online,Completed,195.69,64,9,5,129
T004258,C0090,2026-08-20,Windsor,Home,Mobile App,Completed,236.44,72,7,13,163
T004259,C0605,2026-08-20,Windsor,Dining,In-Store,Completed,336.64,45,8,13,2774
T004260,C0026,2026-08-20,Windsor,Electronics,In-Store,Completed,20.45,58,4,14,323
T004261,C0226,2026-08-20,Mississauga,Home,Mobile App,Completed,30.68,45,9,23,1616
T004262,C0203,2026-08-20,Windsor,Dining,Mobile App,Completed,1023.82,51,6,5,1968
T004263,C0292,2026-08-20,Toronto,Dining,Mobile App,Completed,200.49,32,9,4,1892
T004264,C0757,2026-08-20,Mississauga,Travel,Mobile App,Completed,102.87,66,2,5,2511
T004265,C0600,2026-08-21,Ottawa,Home,Mobile App,Completed,87.35,25,9,2,2483
T004266,C0991,2026-08-21,Windsor,Groceries,Online,Completed,80.99,56,9,0,749
T004267,C0352,2026-08-21,Ottawa,Home,Mobile App,Completed,16.43,71,9,7,2096
T004268,C0929,2026-08-21,Windsor,Dining,Online,Completed,44.09,65,7,5,1783
T004269,C0045,2026-08-21,Vancouver,Groceries,Online,Completed,77.29,62,12,22,675
T004270,C0505,2026-08-21,Ottawa,Electronics,In-Store,Completed,46.26,56,7,2,1590
T004271,C0799,2026-08-21,Calgary,Dining,Online,Pending,51.69,72,13,7,2120
T004272,C0532,2026-08-21,Toronto,Clothing,Online,Completed,748.13,68,7,15,1986
T004273,C0934,2026-08-21,Calgary,Travel,Mobile App,Pending,68.63,33,11,15,1746
T004274,C0315,2026-08-21,Mississauga,Groceries,In-Store,Failed,107.67,54,8,0,714
T004275,C0034,2026-08-21,Toronto,Dining,Mobile App,Completed,104.46,42,8,12,2396
T004276,C0774,2026-08-21,Vancouver,Electronics,Mobile App,Completed,140.29,33,7,23,689
T004277,C0069,2026-08-21,Windsor,Electronics,In-Store,Completed,56.65,65,7,4,1326
T004278,C0765,2026-08-21,Windsor,Clothing,In-Store,Completed,245.33,20,8,22,2345
T004279,C0734,2026-08-21,Calgary,Clothing,Mobile App,Completed,123.93,25,4,20,2720
T004280,C0845,2026-08-21,Windsor,Groceries,Online,Completed,28.46,24,12,7,174
T004281,C0479,2026-08-21,Ottawa,Travel,Mobile App,Completed,77.58,29,16,9,2591
T004282,C0896,2026-08-21,Windsor,Dining,Mobile App,Completed,73.43,47,11,21,2091
T004283,C0170,2026-08-21,Toronto,Dining,Online,Completed,70.61,72,9,13,529
T004284,C0435,2026-08-22,Toronto,Clothing,Online,Completed,131.05,74,8,3,242
T004285,C0122,2026-08-22,Toronto,Electronics,Mobile App,Completed,145.79,70,9,11,607
T004286,C0767,2026-08-22,Mississauga,Clothing,Mobile App,Completed,131.87,62,7,20,336
T004287,C0715,2026-08-22,Mississauga,Dining,Mobile App,Completed,113.38,44,10,3,971
T004288,C0807,2026-08-22,Toronto,Groceries,Online,Completed,91.42,62,6,16,751
T004289,C0765,2026-08-22,Mississauga,Clothing,Mobile App,Completed,13.66,33,3,0,371
T004290,C0309,2026-08-22,Windsor,Home,Mobile App,Completed,164.66,56,7,2,1044
T004291,C0069,2026-08-22,Ottawa,Travel,Mobile App,Pending,128.73,18,13,3,2476
T004292,C0930,2026-08-22,Calgary,Clothing,In-Store,Completed,36.8,70,11,17,2960
T004293,C0493,2026-08-22,Vancouver,Groceries,In-Store,Completed,107.89,74,39,20,2583
T004294,C0095,2026-08-22,Calgary,Dining,In-Store,Completed,147.44,60,11,15,1385
T004295,C0928,2026-08-22,Windsor,Dining,Online,Completed,230.03,28,10,9,1963
T004296,C0995,2026-08-22,Windsor,Clothing,In-Store,Pending,131.16,32,9,19,1304
T004297,C0446,2026-08-22,Vancouver,Dining,Online,Completed,111.72,60,13,6,1734
T004298,C0771,2026-08-22,Windsor,Clothing,Online,Completed,190.07,46,11,18,2319
T004299,C0037,2026-08-22,Calgary,Electronics,Online,Completed,65.5,49,9,15,1099
T004300,C0094,2026-08-22,Mississauga,Travel,In-Store,Completed,120.65,41,4,17,831
T004301,C0277,2026-08-22,Windsor,Electronics,Online,Failed,50.13,66,10,6,2615
T004302,C0657,2026-08-23,Calgary,Travel,Mobile App,Completed,218.42,27,3,15,1803
T004303,C0134,2026-08-23,Ottawa,Groceries,Mobile App,Completed,21.64,43,7,4,1564
T004304,C0035,2026-08-23,Vancouver,Clothing,Mobile App,Completed,170.18,30,12,20,2108
T004305,C0669,2026-08-23,Mississauga,Groceries,Online,Pending,86.29,58,5,2,40
T004306,C0771,2026-08-23,Toronto,Home,Online,Completed,193.1,34,12,18,2572
T004307,C0740,2026-08-23,Vancouver,Home,In-Store,Completed,43.78,35,4,14,2522
T004308,C0800,2026-08-23,Toronto,Travel,Mobile App,Failed,91.76,28,11,17,393
T004309,C0803,2026-08-23,Ottawa,Home,Online,Completed,89.5,68,3,1,872
T004310,C0603,2026-08-23,Mississauga,Clothing,Mobile App,Completed,122.91,30,6,2,1974
T004311,C0520,2026-08-23,Vancouver,Groceries,In-Store,Completed,34.89,68,6,7,2410
T004312,C0857,2026-08-23,Calgary,Clothing,Mobile App,Completed,145.97,71,10,23,44
T004313,C0349,2026-08-23,Mississauga,Dining,Online,Completed,17.7,73,6,10,516
T004314,C0098,2026-08-23,Calgary,Home,In-Store,Completed,48.18,37,12,21,1505
T004315,C0752,2026-08-23,Toronto,Home,In-Store,Failed,22.52,55,10,7,380
T004316,C0276,2026-08-23,Toronto,Home,Online,Completed,171.85,65,8,12,1101
T004317,C0979,2026-08-23,Calgary,Dining,Mobile App,Completed,119.43,22,7,10,1570
T004318,C0415,2026-08-23,Ottawa,Electronics,Mobile App,Completed,125.25,21,13,21,2449
T004319,C0852,2026-08-23,Mississauga,Groceries,In-Store,Completed,297.34,30,12,9,689
T004320,C0043,2026-08-24,Toronto,Groceries,In-Store,Completed,64.98,74,15,12,2189
T004321,C0660,2026-08-24,Windsor,Home,In-Store,Completed,142.71,23,4,7,825
T004322,C0449,2026-08-24,Vancouver,Travel,In-Store,Completed,89.91,62,6,13,2083
T004323,C0463,2026-08-24,Vancouver,Dining,In-Store,Completed,78.99,66,7,13,615
T004324,C0266,2026-08-24,Calgary,Dining,Mobile App,Completed,258.08,70,7,20,533
T004325,C0972,2026-08-24,Mississauga,Electronics,In-Store,Completed,498.82,48,11,12,2341
T004326,C0393,2026-08-24,Mississauga,Travel,Online,Completed,58.9,48,8,9,951
T004327,C0851,2026-08-24,Toronto,Dining,In-Store,Completed,172.66,61,6,14,2783
T004328,C0426,2026-08-24,Toronto,Clothing,Mobile App,Completed,111.49,54,7,17,884
T004329,C0049,2026-08-24,Mississauga,Groceries,In-Store,Failed,112.63,63,10,7,667
T004330,C0880,2026-08-24,Ottawa,Home,Online,Completed,104.87,38,8,19,606
T004331,C0186,2026-08-24,Toronto,Groceries,Mobile App,Completed,64.04,72,6,8,1112
T004332,C0271,2026-08-24,Mississauga,Dining,Mobile App,Completed,5.0,43,8,21,1281
T004333,C0862,2026-08-24,Ottawa,Dining,Online,Completed,313.32,32,9,8,644
T004334,C0894,2026-08-24,Vancouver,Clothing,Mobile App,Completed,47.09,61,6,15,1292
T004335,C0917,2026-08-24,Calgary,Travel,Mobile App,Completed,69.22,54,8,7,2065
T004336,C0426,2026-08-24,Mississauga,Electronics,Mobile App,Completed,70.49,20,8,6,1069
T004337,C0757,2026-08-24,Mississauga,Dining,In-Store,Completed,43.66,27,8,2,42
T004338,C0328,2026-08-24,Calgary,Travel,Mobile App,Completed,104.26,20,9,18,2388
T004339,C0741,2026-08-25,Vancouver,Dining,Mobile App,Completed,81.86,51,3,11,105
T004340,C0503,2026-08-25,Windsor,Groceries,Mobile App,Completed,46.23,68,10,2,2081
T004341,C0052,2026-08-25,Vancouver,Electronics,In-Store,Completed,96.5,36,5,6,683
T004342,C0418,2026-08-25,Toronto,Travel,Online,Completed,82.65,24,4,15,2390
T004343,C0468,2026-08-25,Mississauga,Electronics,Online,Completed,187.04,67,6,17,1544
T004344,C0258,2026-08-25,Windsor,Travel,Mobile App,Completed,27.2,59,7,16,2430
T004345,C0375,2026-08-25,Calgary,Groceries,In-Store,Completed,42.87,49,8,22,1087
T004346,C0503,2026-08-25,Toronto,Clothing,Mobile App,Completed,157.46,29,7,21,685
T004347,C0050,2026-08-25,Calgary,Electronics,In-Store,Completed,49.35,56,5,9,252
T004348,C0152,2026-08-25,Windsor,Travel,In-Store,Pending,39.44,39,13,9,2840
T004349,C0767,2026-08-25,Toronto,Home,Online,Failed,51.47,32,10,5,2596
T004350,C0352,2026-08-25,Ottawa,Dining,In-Store,Completed,78.01,35,6,18,1961
T004351,C0609,2026-08-25,Vancouver,Groceries,In-Store,Completed,78.26,21,10,17,2558
T004352,C0566,2026-08-25,Toronto,Groceries,Online,Completed,71.11,46,8,13,2400
T004353,C0552,2026-08-25,Toronto,Dining,Online,Completed,35.46,61,6,17,172
T004354,C0414,2026-08-25,Toronto,Groceries,In-Store,Completed,164.0,65,9,15,2787
T004355,C0484,2026-08-25,Mississauga,Home,Online,Pending,262.42,59,5,19,2896
T004356,C0824,2026-08-25,Toronto,Home,Mobile App,Completed,16.76,68,8,16,2451
T004357,C0966,2026-08-26,Vancouver,Home,In-Store,Completed,22.69,73,5,13,1952
T004358,C0257,2026-08-26,Toronto,Home,In-Store,Failed,199.35,30,5,3,1692
T004359,C0670,2026-08-26,Vancouver,Travel,Online,Completed,322.78,43,8,12,1231
T004360,C0970,2026-08-26,Calgary,Electronics,In-Store,Completed,13.91,37,9,17,1455
T004361,C0008,2026-08-26,Vancouver,Dining,In-Store,Completed,170.0,57,8,23,713
T004362,C0785,2026-08-26,Calgary,Electronics,In-Store,Completed,342.01,66,6,2,1657
T004363,C0497,2026-08-26,Calgary,Home,Online,Failed,40.84,69,7,5,991
T004364,C0968,2026-08-26,Toronto,Dining,Online,Completed,325.5,23,8,23,2627
T004365,C0579,2026-08-26,Mississauga,Dining,Mobile App,Completed,73.07,47,7,23,180
T004366,C0839,2026-08-26,Vancouver,Clothing,Mobile App,Completed,111.06,24,11,3,226
T004367,C0167,2026-08-26,Mississauga,Dining,Mobile App,Completed,2990.43,37,2,6,2573
T004368,C0143,2026-08-26,Vancouver,Dining,Online,Pending,199.04,45,8,23,1179
T004369,C0927,2026-08-26,Vancouver,Electronics,In-Store,Pending,172.77,53,10,1,1694
T004370,C0527,2026-08-26,Calgary,Groceries,Online,Pending,368.21,63,6,6,874
T004371,C0559,2026-08-26,Windsor,Groceries,Mobile App,Completed,289.21,75,6,22,694
T004372,C0170,2026-08-26,Mississauga,Dining,Online,Completed,84.34,37,7,9,1356
T004373,C0227,2026-08-26,Toronto,Home,In-Store,Pending,1193.65,50,9,19,413
T004374,C0819,2026-08-26,Windsor,Electronics,Mobile App,Completed,267.96,22,8,13,1818
T004375,C0304,2026-08-26,Windsor,Travel,Mobile App,Completed,134.57,24,9,6,424
T004376,C0585,2026-08-27,Mississauga,Electronics,Mobile App,Completed,36.42,74,6,11,2324
T004377,C0317,2026-08-27,Mississauga,Electronics,In-Store,Completed,23.15,72,14,14,1213
T004378,C0264,2026-08-27,Calgary,Groceries,Online,Completed,24.89,72,12,16,55
T004379,C0167,2026-08-27,Vancouver,Travel,Online,Pending,38.44,33,8,11,1401
T004380,C0930,2026-08-27,Vancouver,Travel,Online,Completed,274.06,55,13,16,1311
T004381,C0941,2026-08-27,Toronto,Dining,Online,Completed,128.6,31,12,3,201
T004382,C0116,2026-08-27,Mississauga,Travel,In-Store,Completed,50.47,57,3,8,892
T004383,C0354,2026-08-27,Vancouver,Dining,Online,Completed,75.73,46,14,18,883
T004384,C0564,2026-08-27,Windsor,Electronics,Online,Completed,68.28,72,5,18,2216
T004385,C0384,2026-08-27,Mississauga,Clothing,In-Store,Completed,167.79,39,7,19,2312
T004386,C0722,2026-08-27,Vancouver,Travel,Mobile App,Completed,40.27,55,12,11,845
T004387,C0261,2026-08-27,Vancouver,Groceries,Mobile App,Completed,114.42,56,9,13,2798
T004388,C0059,2026-08-27,Calgary,Dining,Online,Completed,109.7,63,7,14,725
T004389,C0337,2026-08-27,Mississauga,Dining,Mobile App,Completed,41.31,21,4,2,1595
T004390,C0598,2026-08-27,Mississauga,Clothing,In-Store,Completed,327.82,44,2,16,543
T004391,C0181,2026-08-27,Mississauga,Electronics,In-Store,Completed,66.12,44,1,5,486
T004392,C0816,2026-08-27,Vancouver,Home,In-Store,Completed,36.55,31,7,14,1524
T004393,C0013,2026-08-27,Mississauga,Travel,Mobile App,Completed,175.49,64,8,20,760
T004394,C0068,2026-08-28,Mississauga,Groceries,In-Store,Pending,89.03,66,11,1,184
T004395,C0509,2026-08-28,Windsor,Dining,Online,Completed,120.28,22,1,8,2942
T004396,C0513,2026-08-28,Mississauga,Home,In-Store,Completed,31.05,57,9,18,2102
T004397,C0295,2026-08-28,Windsor,Electronics,Online,Completed,169.56,67,7,2,2041
T004398,C0259,2026-08-28,Ottawa,Clothing,Online,Completed,538.73,34,10,11,2656
T004399,C0070,2026-08-28,Calgary,Clothing,Online,Completed,29.06,54,10,17,2196
T004400,C0663,2026-08-28,Vancouver,Clothing,Online,Completed,114.86,54,13,3,611
T004401,C0380,2026-08-28,Mississauga,Groceries,In-Store,Completed,43.6,19,5,23,2699
T004402,C0119,2026-08-28,Calgary,Dining,Online,Completed,836.16,65,9,4,1500
T004403,C0400,2026-08-28,Calgary,Dining,In-Store,Pending,243.8,61,4,16,2571
T004404,C0938,2026-08-28,Mississauga,Dining,Online,Completed,108.03,33,10,5,2644
T004405,C0262,2026-08-28,Vancouver,Home,Online,Pending,29.93,36,8,9,52
T004406,C0895,2026-08-28,Mississauga,Groceries,Mobile App,Pending,36.76,62,6,21,2561
T004407,C0259,2026-08-28,Calgary,Travel,Online,Completed,160.29,64,10,23,267
T004408,C0186,2026-08-28,Mississauga,Home,Online,Completed,26.7,22,7,14,2352
T004409,C0261,2026-08-28,Windsor,Home,In-Store,Completed,27.42,38,7,4,2007
T004410,C0324,2026-08-28,Toronto,Travel,Online,Completed,85.64,54,10,1,584
T004411,C0121,2026-08-28,Calgary,Home,Online,Completed,95.21,25,10,16,2792
T004412,C0588,2026-08-29,Windsor,Dining,Online,Completed,117.41,75,5,19,1327
T004413,C0334,2026-08-29,Vancouver,Travel,In-Store,Completed,58.5,30,10,9,1132
T004414,C0719,2026-08-29,Toronto,Travel,Mobile App,Completed,185.82,68,9,16,2950
T004415,C0491,2026-08-29,Ottawa,Groceries,In-Store,Completed,40.86,21,9,5,1680
T004416,C0443,2026-08-29,Mississauga,Groceries,Mobile App,Completed,144.79,68,3,12,748
T004417,C0471,2026-08-29,Mississauga,Home,Mobile App,Completed,101.97,20,8,2,2590
T004418,C0157,2026-08-29,Windsor,Electronics,Mobile App,Completed,141.63,57,10,19,426
T004419,C0713,2026-08-29,Toronto,Dining,In-Store,Completed,232.14,38,10,20,1815
T004420,C0105,2026-08-29,Mississauga,Travel,In-Store,Completed,57.72,44,4,18,1257
T004421,C0722,2026-08-29,Mississauga,Travel,In-Store,Pending,48.46,24,7,0,2502
T004422,C1000,2026-08-29,Vancouver,Travel,Mobile App,Completed,20.24,57,8,12,478
T004423,C0764,2026-08-29,Mississauga,Home,In-Store,Completed,15.28,54,6,11,1771
T004424,C0456,2026-08-29,Windsor,Clothing,In-Store,Pending,73.19,36,10,17,1428
T004425,C0315,2026-08-29,Windsor,Home,Online,Completed,77.58,45,9,18,1485
T004426,C0873,2026-08-29,Ottawa,Travel,Mobile App,Completed,33.77,50,8,0,1868
T004427,C0258,2026-08-29,Mississauga,Home,In-Store,Completed,40.54,57,7,21,1125
T004428,C0483,2026-08-29,Calgary,Travel,Mobile App,Completed,310.31,49,7,12,1203
T004429,C0771,2026-08-29,Mississauga,Travel,Mobile App,Completed,178.95,21,14,2,931
T004430,C0923,2026-08-29,Ottawa,Clothing,Online,Completed,29.09,49,14,8,780
T004431,C0921,2026-08-30,Toronto,Home,In-Store,Completed,58.36,38,4,17,2832
T004432,C0088,2026-08-30,Windsor,Groceries,In-Store,Completed,120.03,41,6,5,1397
T004433,C0899,2026-08-30,Calgary,Home,Online,Completed,49.91,39,9,12,1074
T004434,C0115,2026-08-30,Mississauga,Clothing,Online,Completed,42.75,38,13,11,2378
T004435,C0585,2026-08-30,Mississauga,Home,In-Store,Completed,63.76,31,6,8,417
T004436,C0930,2026-08-30,Ottawa,Clothing,Online,Completed,214.8,37,5,9,2458
T004437,C0655,2026-08-30,Toronto,Home,In-Store,Completed,232.02,59,10,13,38
T004438,C0948,2026-08-30,Ottawa,Electronics,Mobile App,Completed,45.49,31,4,4,48
T004439,C0345,2026-08-30,Mississauga,Electronics,Online,Completed,125.73,62,7,15,815
T004440,C0315,2026-08-30,Toronto,Electronics,Online,Completed,84.54,43,10,23,163
T004441,C0327,2026-08-30,Mississauga,Electronics,Online,Completed,36.08,53,10,18,1498
T004442,C0356,2026-08-30,Mississauga,Electronics,Mobile App,Completed,66.03,24,5,1,2754
T004443,C0683,2026-08-30,Windsor,Dining,Mobile App,Completed,29.02,30,4,10,530
T004444,C0453,2026-08-30,Ottawa,Electronics,Mobile App,Completed,228.43,70,4,20,706
T004445,C0738,2026-08-30,Vancouver,Groceries,Online,Completed,318.06,66,9,16,391
T004446,C0417,2026-08-30,Windsor,Travel,In-Store,Completed,59.96,22,2,18,1236
T004447,C0308,2026-08-30,Calgary,Clothing,Online,Completed,48.96,70,10,15,1302
T004448,C0191,2026-08-30,Ottawa,Groceries,In-Store,Completed,208.32,66,6,1,363
T004449,C0552,2026-08-31,Vancouver,Travel,Online,Completed,238.98,25,4,17,2828
T004450,C0899,2026-08-31,Toronto,Travel,In-Store,Completed,32.96,31,5,8,1023
T004451,C0859,2026-08-31,Vancouver,Clothing,Mobile App,Completed,74.95,28,8,0,692
T004452,C0254,2026-08-31,Mississauga,Groceries,Mobile App,Pending,80.85,67,5,14,2290
T004453,C0478,2026-08-31,Vancouver,Clothing,Online,Completed,44.15,67,10,15,1994
T004454,C0706,2026-08-31,Vancouver,Groceries,Online,Completed,118.01,59,5,3,187
T004455,C0613,2026-08-31,Windsor,Electronics,Online,Completed,46.88,32,7,17,2849
T004456,C0068,2026-08-31,Windsor,Electronics,Online,Completed,53.7,71,12,17,1361
T004457,C0592,2026-08-31,Toronto,Home,In-Store,Completed,77.98,67,1,9,2444
T004458,C0039,2026-08-31,Ottawa,Electronics,In-Store,Completed,23.97,68,8,8,1858
T004459,C0117,2026-08-31,Vancouver,Clothing,Mobile App,Completed,14.8,38,11,21,2404
T004460,C0654,2026-08-31,Mississauga,Home,Mobile App,Completed,185.52,58,11,3,880
T004461,C0103,2026-08-31,Toronto,Home,Mobile App,Completed,45.3,57,4,15,668
T004462,C0340,2026-08-31,Windsor,Electronics,Online,Completed,521.8,26,9,16,2468
T004463,C0589,2026-08-31,Mississauga,Groceries,Online,Completed,454.28,51,7,5,2516
T004464,C0656,2026-08-31,Calgary,Electronics,In-Store,Completed,55.27,49,8,6,40
T004465,C0446,2026-08-31,Toronto,Clothing,Mobile App,Completed,620.7,51,9,12,323
T004466,C0095,2026-08-31,Mississauga,Electronics,Mobile App,Completed,188.59,37,4,8,1298
T004467,C0800,2026-08-31,Ottawa,Travel,In-Store,Completed,49.11,56,36,2,978
T004468,C0950,2026-09-01,Windsor,Dining,Online,Completed,9.47,69,6,10,2560
T004469,C0889,2026-09-01,Calgary,Clothing,Online,Completed,152.56,53,8,17,1679
T004470,C0749,2026-09-01,Calgary,Travel,Online,Pending,87.29,68,6,10,376
T004471,C0403,2026-09-01,Mississauga,Travel,In-Store,Completed,122.65,62,9,17,1412
T004472,C0877,2026-09-01,Vancouver,Clothing,In-Store,Completed,69.98,36,9,18,600
T004473,C0489,2026-09-01,Vancouver,Home,In-Store,Completed,32.15,60,11,14,2147
T004474,C0137,2026-09-01,Vancouver,Dining,Online,Completed,59.13,56,14,15,1975
T004475,C0851,2026-09-01,Windsor,Travel,In-Store,Completed,154.98,72,10,1,1756
T004476,C0321,2026-09-01,Toronto,Travel,Online,Completed,62.89,37,10,20,964
T004477,C0939,2026-09-01,Mississauga,Clothing,In-Store,Completed,62.57,27,7,3,1902
T004478,C0369,2026-09-01,Toronto,Dining,In-Store,Completed,23.36,57,8,18,763
T004479,C0870,2026-09-01,Windsor,Dining,Online,Completed,91.85,54,5,18,872
T004480,C0538,2026-09-01,Ottawa,Home,In-Store,Completed,33.03,53,5,22,1580
T004481,C0468,2026-09-01,Ottawa,Home,Online,Completed,185.56,60,9,8,608
T004482,C0297,2026-09-01,Windsor,Travel,In-Store,Completed,45.54,47,8,8,1907
T004483,C0836,2026-09-01,Toronto,Groceries,In-Store,Completed,66.11,19,10,5,2666
T004484,C0061,2026-09-01,Windsor,Electronics,In-Store,Completed,534.88,68,7,13,2153
T004485,C0469,2026-09-01,Mississauga,Dining,Online,Completed,65.5,34,9,5,619
T004486,C0369,2026-09-02,Vancouver,Clothing,In-Store,Completed,58.45,32,7,20,1164
T004487,C0544,2026-09-02,Mississauga,Clothing,Mobile App,Completed,139.83,65,4,15,2225
T004488,C0255,2026-09-02,Windsor,Clothing,In-Store,Completed,18.64,64,6,19,1779
T004489,C0665,2026-09-02,Ottawa,Groceries,Mobile App,Completed,246.12,47,11,11,2351
T004490,C0386,2026-09-02,Toronto,Dining,Mobile App,Completed,197.85,57,8,19,2756
T004491,C0189,2026-09-02,Windsor,Clothing,Online,Completed,132.75,22,9,2,2164
T004492,C0197,2026-09-02,Toronto,Home,Mobile App,Completed,5.0,34,7,10,2852
T004493,C0697,2026-09-02,Ottawa,Groceries,Online,Pending,68.18,32,9,14,962
T004494,C0262,2026-09-02,Mississauga,Home,In-Store,Pending,28.81,42,7,11,1908
T004495,C0308,2026-09-02,Ottawa,Groceries,Mobile App,Completed,221.0,38,8,17,1183
T004496,C0627,2026-09-02,Ottawa,Electronics,Mobile App,Completed,207.96,22,9,1,1627
T004497,C0330,2026-09-02,Mississauga,Home,In-Store,Failed,118.21,57,10,19,1673
T004498,C0389,2026-09-02,Calgary,Clothing,Mobile App,Completed,30.57,52,10,4,2234
T004499,C0245,2026-09-02,Calgary,Home,In-Store,Completed,302.72,40,3,3,1959
T004500,C0346,2026-09-02,Toronto,Travel,Online,Pending,68.02,69,8,10,2728
T004501,C0693,2026-09-02,Calgary,Travel,Online,Completed,394.34,38,13,19,2077
T004502,C0534,2026-09-02,Windsor,Travel,Mobile App,Pending,106.51,24,7,7,698
T004503,C0998,2026-09-02,Windsor,Travel,Mobile App,Completed,130.77,67,8,20,1559
T004504,C0772,2026-09-03,Ottawa,Travel,Mobile App,Pending,57.48,25,12,5,1136
T004505,C0017,2026-09-03,Toronto,Electronics,In-Store,Completed,281.06,22,6,18,1643
T004506,C0379,2026-09-03,Mississauga,Home,Online,Completed,142.57,45,4,3,95
T004507,C0290,2026-09-03,Windsor,Dining,Mobile App,Completed,289.78,51,8,16,2936
T004508,C0588,2026-09-03,Mississauga,Travel,Online,Completed,98.85,34,7,18,2902
T004509,C0266,2026-09-03,Vancouver,Clothing,Mobile App,Completed,81.67,66,8,2,1584
T004510,C0967,2026-09-03,Calgary,Travel,In-Store,Pending,140.97,34,12,19,2458
T004511,C0300,2026-09-03,Windsor,Travel,In-Store,Failed,289.69,73,9,14,2310
T004512,C0522,2026-09-03,Ottawa,Groceries,In-Store,Failed,201.72,55,6,11,257
T004513,C0123,2026-09-03,Mississauga,Electronics,Mobile App,Completed,95.6,28,4,21,442
T004514,C0910,2026-09-03,Mississauga,Dining,Mobile App,Completed,17.53,41,8,19,2610
T004515,C0912,2026-09-03,Ottawa,Dining,Online,Completed,169.27,22,9,8,562
T004516,C0794,2026-09-03,Calgary,Home,In-Store,Completed,25.02,66,10,21,2130
T004517,C0352,2026-09-03,Mississauga,Home,Mobile App,Completed,87.57,55,13,21,2902
T004518,C0059,2026-09-03,Toronto,Clothing,Online,Completed,77.03,42,9,3,2592
T004519,C0711,2026-09-03,Calgary,Dining,Mobile App,Completed,25.47,57,8,15,2862
T004520,C0430,2026-09-03,Calgary,Groceries,Online,Completed,116.66,53,9,19,2557
T004521,C0991,2026-09-03,Windsor,Clothing,In-Store,Completed,530.5,52,4,3,59
T004522,C0699,2026-09-03,Ottawa,Home,Mobile App,Completed,65.17,41,9,0,765
T004523,C0539,2026-09-04,Calgary,Dining,In-Store,Completed,162.98,38,3,18,2917
T004524,C0987,2026-09-04,Ottawa,Clothing,Online,Completed,629.54,32,10,2,896
T004525,C0801,2026-09-04,Mississauga,Home,Online,Failed,176.95,63,5,7,247
T004526,C0459,2026-09-04,Calgary,Travel,Mobile App,Completed,49.13,45,6,9,1034
T004527,C0019,2026-09-04,Vancouver,Electronics,Mobile App,Pending,103.97,45,7,20,320
T004528,C0093,2026-09-04,Ottawa,Groceries,Online,Pending,127.91,59,8,16,2095
T004529,C0444,2026-09-04,Toronto,Clothing,Mobile App,Completed,287.55,48,5,6,2574
T004530,C0563,2026-09-04,Mississauga,Travel,In-Store,Completed,238.55,73,9,11,1989
T004531,C0031,2026-09-04,Vancouver,Groceries,Online,Completed,8.07,31,8,11,2092
T004532,C0127,2026-09-04,Windsor,Groceries,In-Store,Completed,41.05,20,6,5,1479
T004533,C0705,2026-09-04,Ottawa,Home,Mobile App,Completed,80.09,42,15,10,2148
T004534,C0752,2026-09-04,Ottawa,Electronics,Online,Completed,35.86,48,4,15,1646
T004535,C0030,2026-09-04,Toronto,Electronics,Mobile App,Pending,5.0,65,14,3,1041
T004536,C0508,2026-09-04,Ottawa,Travel,In-Store,Completed,45.87,54,8,20,1369
T004537,C0081,2026-09-04,Vancouver,Dining,In-Store,Completed,84.74,72,5,16,197
T004538,C0724,2026-09-04,Windsor,Home,Mobile App,Failed,54.39,22,8,19,995
T004539,C0835,2026-09-04,Ottawa,Clothing,In-Store,Failed,36.42,49,11,12,1860
T004540,C0870,2026-09-04,Vancouver,Dining,Online,Completed,88.05,66,14,7,2447
T004541,C0599,2026-09-05,Toronto,Electronics,Mobile App,Completed,113.78,47,16,17,733
T004542,C0629,2026-09-05,Ottawa,Home,In-Store,Failed,57.07,34,6,21,1726
T004543,C0927,2026-09-05,Windsor,Travel,In-Store,Completed,272.77,62,10,3,1837
T004544,C0613,2026-09-05,Mississauga,Home,Mobile App,Pending,89.27,68,4,9,2303
T004545,C0447,2026-09-05,Ottawa,Dining,Online,Completed,40.52,33,5,22,702
T004546,C0755,2026-09-05,Toronto,Groceries,Mobile App,Completed,32.68,50,8,21,502
T004547,C0591,2026-09-05,Toronto,Home,In-Store,Completed,70.93,64,6,20,2540
T004548,C0843,2026-09-05,Mississauga,Electronics,In-Store,Completed,219.0,26,10,2,762
T004549,C0525,2026-09-05,Calgary,Home,In-Store,Completed,42.2,18,6,3,506
T004550,C0870,2026-09-05,Toronto,Clothing,Mobile App,Completed,141.05,60,8,22,1234
T004551,C0045,2026-09-05,Vancouver,Electronics,Online,Completed,92.11,61,4,20,948
T004552,C0037,2026-09-05,Toronto,Clothing,Online,Completed,462.62,27,5,8,696
T004553,C0100,2026-09-05,Mississauga,Groceries,In-Store,Completed,118.44,52,2,7,236
T004554,C0557,2026-09-05,Mississauga,Dining,Online,Completed,46.95,59,9,10,1842
T004555,C0709,2026-09-05,Mississauga,Dining,Online,Completed,158.95,73,6,0,715
T004556,C0217,2026-09-05,Toronto,Travel,In-Store,Completed,163.56,64,6,20,2151
T004557,C0156,2026-09-05,Vancouver,Travel,Mobile App,Completed,60.65,30,11,21,944
T004558,C0861,2026-09-05,Windsor,Travel,Mobile App,Completed,31.6,51,5,16,704
T004559,C0751,2026-09-06,Vancouver,Dining,Online,Completed,134.06,60,7,4,2512
T004560,C0649,2026-09-06,Ottawa,Clothing,Mobile App,Completed,89.72,33,14,13,68
T004561,C0489,2026-09-06,Ottawa,Groceries,In-Store,Completed,23.42,27,7,9,293
T004562,C0421,2026-09-06,Windsor,Clothing,Online,Pending,105.53,43,9,16,1831
T004563,C0021,2026-09-06,Ottawa,Groceries,Mobile App,Failed,49.46,59,5,1,184
T004564,C0189,2026-09-06,Calgary,Groceries,In-Store,Completed,23.44,48,9,12,2944
T004565,C0897,2026-09-06,Calgary,Clothing,In-Store,Completed,63.01,53,8,19,1244
T004566,C0340,2026-09-06,Calgary,Groceries,In-Store,Completed,252.93,56,7,0,1002
T004567,C0705,2026-09-06,Windsor,Clothing,Mobile App,Completed,237.34,73,6,22,996
T004568,C0704,2026-09-06,Ottawa,Groceries,Online,Completed,190.07,54,3,11,1913
T004569,C0310,2026-09-06,Mississauga,Groceries,Online,Completed,106.86,25,7,1,1023
T004570,C0205,2026-09-06,Calgary,Home,In-Store,Failed,141.04,41,9,14,172
T004571,C0692,2026-09-06,Calgary,Electronics,Online,Failed,92.43,27,8,16,71
T004572,C0094,2026-09-06,Calgary,Home,In-Store,Completed,33.23,61,3,3,1719
T004573,C0495,2026-09-06,Toronto,Dining,In-Store,Completed,39.37,75,8,11,397
T004574,C0889,2026-09-06,Windsor,Clothing,Online,Completed,50.73,62,7,5,1693
T004575,C0712,2026-09-06,Vancouver,Home,In-Store,Completed,279.72,32,8,21,2919
T004576,C0765,2026-09-06,Vancouver,Groceries,In-Store,Completed,212.27,58,7,5,1714
T004577,C0084,2026-09-06,Mississauga,Electronics,In-Store,Completed,33.95,19,11,2,2404
T004578,C0200,2026-09-07,Toronto,Travel,Online,Completed,88.95,33,12,12,1472
T004579,C0276,2026-09-07,Toronto,Home,Mobile App,Completed,60.37,35,11,21,576
T004580,C0293,2026-09-07,Vancouver,Electronics,Mobile App,Completed,74.5,45,8,5,1368
T004581,C0195,2026-09-07,Mississauga,Electronics,In-Store,Completed,53.89,36,11,21,1926
T004582,C0973,2026-09-07,Mississauga,Dining,Online,Completed,280.76,43,6,5,2598
T004583,C0165,2026-09-07,Vancouver,Electronics,Mobile App,Completed,83.64,18,10,22,1251
T004584,C0709,2026-09-07,Toronto,Electronics,Online,Completed,102.14,65,13,10,69
T004585,C0587,2026-09-07,Vancouver,Groceries,Online,Completed,102.85,40,8,9,1662
T004586,C0611,2026-09-07,Windsor,Clothing,Online,Completed,35.48,64,4,18,1142
T004587,C0215,2026-09-07,Calgary,Clothing,Mobile App,Completed,93.22,21,7,11,2513
T004588,C0308,2026-09-07,Calgary,Groceries,Online,Completed,209.69,68,8,6,1267
T004589,C0607,2026-09-07,Ottawa,Travel,In-Store,Completed,297.21,54,8,9,1848
T004590,C0300,2026-09-07,Windsor,Travel,Online,Completed,32.04,31,16,6,2491
T004591,C0695,2026-09-07,Windsor,Travel,Online,Pending,23.38,61,10,10,1759
T004592,C0040,2026-09-07,Windsor,Home,In-Store,Failed,2565.62,61,10,12,1187
T004593,C0073,2026-09-07,Calgary,Travel,Mobile App,Completed,218.21,60,6,16,1114
T004594,C0729,2026-09-07,Windsor,Clothing,Online,Pending,115.39,68,6,8,295
T004595,C0617,2026-09-07,Mississauga,Groceries,Online,Completed,151.55,73,7,6,617
T004596,C0044,2026-09-08,Mississauga,Groceries,Online,Completed,26.75,27,7,23,393
T004597,C0900,2026-09-08,Vancouver,Travel,Mobile App,Completed,52.27,34,14,19,672
T004598,C0005,2026-09-08,Calgary,Home,Online,Completed,13.14,20,4,19,387
T004599,C0956,2026-09-08,Ottawa,Dining,Online,Completed,75.3,21,3,8,2061
T004600,C0730,2026-09-08,Vancouver,Travel,In-Store,Completed,13.51,24,5,9,1823
T004601,C0989,2026-09-08,Ottawa,Electronics,Online,Completed,263.86,58,14,16,2364
T004602,C0949,2026-09-08,Mississauga,Dining,Online,Completed,318.7,53,7,2,1604
T004603,C0314,2026-09-08,Toronto,Clothing,In-Store,Completed,95.79,20,5,23,934
T004604,C0757,2026-09-08,Windsor,Travel,In-Store,Pending,23.5,42,4,5,770
T004605,C0211,2026-09-08,Mississauga,Groceries,Online,Pending,116.98,24,5,5,304
T004606,C0472,2026-09-08,Toronto,Home,Mobile App,Completed,412.78,29,9,18,591
T004607,C0241,2026-09-08,Windsor,Home,Online,Completed,127.36,21,9,6,1518
T004608,C0487,2026-09-08,Mississauga,Dining,Mobile App,Completed,232.73,48,8,10,2731
T004609,C0873,2026-09-08,Mississauga,Dining,Online,Completed,56.28,22,10,22,1114
T004610,C0437,2026-09-08,Vancouver,Travel,Online,Failed,40.53,63,5,4,1770
T004611,C0093,2026-09-08,Calgary,Clothing,Online,Completed,80.03,72,14,2,813
T004612,C0325,2026-09-08,Vancouver,Dining,Mobile App,Completed,16.53,67,5,14,2534
T004613,C0787,2026-09-08,Toronto,Groceries,In-Store,Completed,582.38,65,10,0,253
T004614,C0522,2026-09-08,Mississauga,Groceries,Mobile App,Completed,95.71,61,10,15,815
T004615,C0561,2026-09-09,Vancouver,Clothing,Online,Completed,177.58,70,8,5,2968
T004616,C0432,2026-09-09,Ottawa,Clothing,Online,Completed,57.42,69,8,7,1439
T004617,C0293,2026-09-09,Mississauga,Clothing,Online,Completed,22.9,30,12,9,2333
T004618,C0599,2026-09-09,Mississauga,Groceries,In-Store,Completed,285.6,53,7,3,793
T004619,C0634,2026-09-09,Mississauga,Electronics,Online,Completed,32.69,35,10,21,2487
T004620,C0899,2026-09-09,Ottawa,Dining,Mobile App,Completed,114.34,66,8,13,503
T004621,C0618,2026-09-09,Windsor,Electronics,Mobile App,Completed,123.88,18,13,8,1303
T004622,C0996,2026-09-09,Ottawa,Dining,Online,Completed,90.51,42,9,13,1185
T004623,C0827,2026-09-09,Windsor,Travel,In-Store,Failed,43.63,39,3,7,2756
T004624,C0079,2026-09-09,Vancouver,Electronics,In-Store,Completed,74.85,67,5,10,39
T004625,C0393,2026-09-09,Calgary,Groceries,Mobile App,Failed,37.91,35,8,3,2876
T004626,C0385,2026-09-09,Ottawa,Dining,In-Store,Completed,169.09,69,13,23,2673
T004627,C0004,2026-09-09,Mississauga,Clothing,In-Store,Completed,138.17,46,7,18,962
T004628,C0181,2026-09-09,Calgary,Travel,Online,Completed,83.47,57,7,7,1366
T004629,C0763,2026-09-09,Ottawa,Electronics,In-Store,Completed,52.43,48,7,13,2243
T004630,C0353,2026-09-09,Mississauga,Electronics,Mobile App,Completed,509.73,43,9,12,397
T004631,C0148,2026-09-09,Toronto,Travel,In-Store,Completed,28.1,35,10,1,837
T004632,C0288,2026-09-09,Toronto,Electronics,Online,Completed,22.87,34,6,15,1416
T004633,C0275,2026-09-10,Windsor,Home,Online,Completed,79.28,55,11,12,2430
T004634,C0175,2026-09-10,Windsor,Home,Online,Completed,68.26,36,8,16,2615
T004635,C0102,2026-09-10,Vancouver,Groceries,Mobile App,Completed,216.07,68,5,5,1515
T004636,C0765,2026-09-10,Ottawa,Home,Online,Completed,147.21,25,7,20,2873
T004637,C0825,2026-09-10,Calgary,Groceries,In-Store,Completed,87.16,30,7,17,2903
T004638,C0497,2026-09-10,Ottawa,Dining,In-Store,Completed,130.05,20,10,5,35
T004639,C0616,2026-09-10,Calgary,Clothing,Online,Completed,128.06,68,8,13,1750
T004640,C0920,2026-09-10,Ottawa,Electronics,Mobile App,Pending,508.1,42,11,20,2924
T004641,C0843,2026-09-10,Mississauga,Electronics,Mobile App,Completed,105.43,20,4,0,815
T004642,C0033,2026-09-10,Vancouver,Groceries,Mobile App,Completed,47.64,20,7,2,991
T004643,C0953,2026-09-10,Mississauga,Clothing,Mobile App,Completed,100.62,71,5,19,962
T004644,C0067,2026-09-10,Windsor,Groceries,Mobile App,Completed,9.18,69,11,1,2129
T004645,C0027,2026-09-10,Mississauga,Dining,Mobile App,Completed,82.67,34,10,8,1308
T004646,C0404,2026-09-10,Ottawa,Dining,In-Store,Pending,215.23,55,16,20,2265
T004647,C0746,2026-09-10,Mississauga,Home,Mobile App,Completed,141.81,32,7,18,1103
T004648,C0081,2026-09-10,Vancouver,Home,In-Store,Completed,109.55,66,8,7,2722
T004649,C0293,2026-09-10,Calgary,Clothing,Online,Pending,147.6,59,7,13,799
T004650,C0263,2026-09-10,Mississauga,Clothing,In-Store,Completed,217.11,43,5,19,1246
T004651,C0398,2026-09-11,Windsor,Travel,In-Store,Completed,285.46,71,11,9,2574
T004652,C0987,2026-09-11,Mississauga,Dining,Online,Completed,124.34,30,4,18,2305
T004653,C0332,2026-09-11,Calgary,Groceries,Mobile App,Completed,64.97,75,3,20,1137
T004654,C0209,2026-09-11,Windsor,Home,Mobile App,Completed,11.9,34,7,16,2065
T004655,C0123,2026-09-11,Calgary,Dining,In-Store,Completed,195.21,69,7,16,1386
T004656,C0199,2026-09-11,Mississauga,Dining,In-Store,Completed,131.71,67,8,4,996
T004657,C0134,2026-09-11,Calgary,Groceries,Mobile App,Failed,96.78,50,13,20,898
T004658,C0574,2026-09-11,Vancouver,Electronics,In-Store,Completed,47.36,25,11,10,2483
T004659,C0421,2026-09-11,Vancouver,Travel,Mobile App,Completed,193.07,61,6,12,2434
T004660,C0498,2026-09-11,Calgary,Dining,In-Store,Completed,68.31,58,11,19,2678
T004661,C0833,2026-09-11,Windsor,Travel,Online,Completed,82.55,68,7,7,1208
T004662,C0581,2026-09-11,Ottawa,Electronics,Mobile App,Completed,81.05,31,12,2,1713
T004663,C0156,2026-09-11,Toronto,Groceries,Online,Completed,124.59,31,10,0,305
T004664,C0377,2026-09-11,Windsor,Home,Online,Completed,32.02,38,12,12,2462
T004665,C0313,2026-09-11,Toronto,Dining,Mobile App,Completed,137.12,39,8,13,537
T004666,C0827,2026-09-11,Vancouver,Dining,Mobile App,Completed,46.06,18,9,3,1885
T004667,C0308,2026-09-11,Ottawa,Electronics,Mobile App,Completed,47.45,26,6,14,2611
T004668,C0139,2026-09-11,Vancouver,Travel,Mobile App,Completed,180.39,45,59,2,2373
T004669,C0737,2026-09-11,Windsor,Travel,Online,Completed,36.48,74,7,14,2456
T004670,C0429,2026-09-12,Windsor,Dining,Mobile App,Completed,180.11,25,9,10,1865
T004671,C0096,2026-09-12,Vancouver,Home,In-Store,Completed,92.65,31,8,23,2856
T004672,C0690,2026-09-12,Vancouver,Home,Online,Completed,20.94,67,13,7,2088
T004673,C0211,2026-09-12,Calgary,Electronics,In-Store,Completed,271.09,20,10,18,1973
T004674,C0869,2026-09-12,Toronto,Travel,Online,Completed,110.65,23,8,19,141
T004675,C0833,2026-09-12,Mississauga,Home,In-Store,Failed,118.83,69,10,22,1929
T004676,C0370,2026-09-12,Toronto,Dining,In-Store,Completed,200.1,32,10,11,316
T004677,C0556,2026-09-12,Vancouver,Groceries,Online,Completed,303.99,35,11,12,1187
T004678,C0568,2026-09-12,Toronto,Groceries,Mobile App,Completed,100.84,18,6,17,1257
T004679,C0654,2026-09-12,Vancouver,Clothing,In-Store,Completed,143.65,41,8,12,1238
T004680,C0070,2026-09-12,Toronto,Home,Mobile App,Completed,116.53,75,10,15,2374
T004681,C0325,2026-09-12,Toronto,Groceries,In-Store,Completed,63.51,75,8,11,2086
T004682,C0171,2026-09-12,Calgary,Travel,In-Store,Completed,22.13,55,11,22,219
T004683,C0698,2026-09-12,Mississauga,Dining,Mobile App,Pending,102.04,57,5,23,1151
T004684,C0070,2026-09-12,Mississauga,Electronics,Online,Completed,274.44,55,8,6,70
T004685,C0517,2026-09-12,Ottawa,Travel,Mobile App,Completed,139.56,58,5,3,2453
T004686,C0728,2026-09-12,Windsor,Home,Online,Pending,34.31,48,6,18,677
T004687,C0949,2026-09-12,Vancouver,Electronics,Mobile App,Completed,216.06,29,7,4,1290
T004688,C0289,2026-09-13,Mississauga,Groceries,In-Store,Completed,65.34,68,7,4,2585
T004689,C0008,2026-09-13,Windsor,Dining,In-Store,Completed,14.36,69,11,20,2252
T004690,C0724,2026-09-13,Mississauga,Electronics,Online,Completed,201.92,26,18,20,2664
T004691,C0002,2026-09-13,Toronto,Clothing,In-Store,Pending,38.06,23,9,1,1048
T004692,C0067,2026-09-13,Windsor,Travel,In-Store,Completed,386.17,63,12,20,904
T004693,C0991,2026-09-13,Ottawa,Groceries,Mobile App,Completed,225.49,20,10,23,1491
T004694,C0863,2026-09-13,Toronto,Dining,Mobile App,Completed,70.04,64,9,19,2054
T004695,C0708,2026-09-13,Toronto,Clothing,In-Store,Completed,125.6,74,5,5,2667
T004696,C0836,2026-09-13,Ottawa,Dining,In-Store,Completed,667.13,20,9,7,2119
T004697,C0076,2026-09-13,Mississauga,Travel,In-Store,Completed,198.87,64,4,15,2688
T004698,C0089,2026-09-13,Toronto,Electronics,In-Store,Completed,104.08,25,8,3,32
T004699,C0301,2026-09-13,Vancouver,Electronics,Online,Completed,990.72,34,11,19,2619
T004700,C0024,2026-09-13,Vancouver,Groceries,Online,Completed,93.93,49,8,20,1141
T004701,C0889,2026-09-13,Toronto,Groceries,Mobile App,Failed,139.38,57,9,20,484
T004702,C0057,2026-09-13,Windsor,Groceries,Online,Completed,38.35,23,7,14,475
T004703,C0545,2026-09-13,Mississauga,Travel,In-Store,Completed,20.47,24,13,22,1185
T004704,C0854,2026-09-13,Vancouver,Groceries,Mobile App,Completed,66.55,34,7,10,1058
T004705,C0735,2026-09-13,Toronto,Travel,In-Store,Completed,87.82,57,4,8,244
T004706,C0235,2026-09-14,Vancouver,Home,In-Store,Completed,112.45,41,6,9,817
T004707,C0471,2026-09-14,Windsor,Clothing,Mobile App,Completed,25.43,33,8,6,1494
T004708,C0549,2026-09-14,Toronto,Travel,Online,Completed,149.04,27,7,2,256
T004709,C0768,2026-09-14,Calgary,Groceries,In-Store,Completed,41.96,74,12,11,871
T004710,C0427,2026-09-14,Toronto,Dining,Online,Completed,142.6,58,7,15,2958
T004711,C0286,2026-09-14,Toronto,Home,In-Store,Completed,188.17,75,7,18,2792
T004712,C0796,2026-09-14,Calgary,Dining,Online,Completed,60.73,46,6,12,1518
T004713,C0887,2026-09-14,Ottawa,Clothing,Mobile App,Pending,37.46,65,10,23,1384
T004714,C0489,2026-09-14,Mississauga,Clothing,In-Store,Completed,315.69,55,5,23,460
T004715,C0029,2026-09-14,Vancouver,Electronics,Online,Completed,178.51,48,7,3,2773
T004716,C0501,2026-09-14,Ottawa,Groceries,In-Store,Completed,96.72,45,9,16,726
T004717,C0890,2026-09-14,Ottawa,Groceries,In-Store,Completed,296.13,47,11,15,529
T004718,C0990,2026-09-14,Toronto,Electronics,In-Store,Completed,91.23,41,8,23,139
T004719,C0402,2026-09-14,Ottawa,Electronics,Online,Completed,50.16,55,11,20,2680
T004720,C0151,2026-09-14,Windsor,Travel,In-Store,Completed,36.28,46,13,3,921
T004721,C0573,2026-09-14,Vancouver,Travel,Online,Completed,77.56,74,15,5,1279
T004722,C0831,2026-09-14,Ottawa,Dining,Online,Completed,163.79,70,12,16,221
T004723,C0946,2026-09-14,Toronto,Clothing,In-Store,Completed,276.98,44,6,6,888
T004724,C0052,2026-09-14,Calgary,Clothing,In-Store,Completed,86.72,40,5,19,765
T004725,C0291,2026-09-15,Windsor,Clothing,Online,Completed,238.37,62,10,13,2983
T004726,C0478,2026-09-15,Windsor,Home,Online,Completed,70.85,55,6,14,1322
T004727,C0099,2026-09-15,Calgary,Dining,In-Store,Completed,43.74,31,13,20,677
T004728,C0887,2026-09-15,Vancouver,Clothing,Mobile App,Completed,28.0,66,8,14,2024
T004729,C0113,2026-09-15,Calgary,Dining,Mobile App,Pending,55.28,57,12,14,735
T004730,C0666,2026-09-15,Ottawa,Electronics,Online,Completed,28.91,54,9,3,2502
T004731,C0919,2026-09-15,Calgary,Groceries,Mobile App,Completed,469.06,63,12,20,2785
T004732,C0686,2026-09-15,Toronto,Groceries,In-Store,Completed,123.48,31,7,7,193
T004733,C0764,2026-09-15,Ottawa,Home,In-Store,Completed,78.37,64,4,6,1442
T004734,C0264,2026-09-15,Windsor,Electronics,Online,Completed,367.36,25,10,15,762
T004735,C0828,2026-09-15,Mississauga,Home,Online,Completed,28.1,64,11,3,2563
T004736,C0419,2026-09-15,Windsor,Clothing,Mobile App,Completed,75.65,52,7,11,432
T004737,C0062,2026-09-15,Windsor,Dining,Online,Completed,465.16,51,8,15,1248
T004738,C0367,2026-09-15,Mississauga,Home,Online,Completed,75.2,60,14,20,1063
T004739,C0350,2026-09-15,Calgary,Home,Online,Completed,680.24,36,8,5,1428
T004740,C0522,2026-09-15,Ottawa,Home,Mobile App,Completed,165.74,62,8,18,553
T004741,C0265,2026-09-15,Mississauga,Dining,Mobile App,Completed,257.93,19,7,4,391
T004742,C0463,2026-09-15,Mississauga,Electronics,Online,Completed,264.36,58,9,12,728
T004743,C0428,2026-09-16,Ottawa,Groceries,Mobile App,Completed,85.12,64,6,21,2052
T004744,C0327,2026-09-16,Windsor,Home,Mobile App,Completed,56.13,18,13,14,2754
T004745,C0697,2026-09-16,Ottawa,Home,In-Store,Pending,77.06,58,9,6,2898
T004746,C0306,2026-09-16,Vancouver,Travel,In-Store,Completed,36.74,62,6,15,1935
T004747,C0766,2026-09-16,Windsor,Groceries,Online,Completed,80.37,48,9,14,59
T004748,C0251,2026-09-16,Ottawa,Clothing,Online,Completed,84.68,53,8,15,2603
T004749,C0865,2026-09-16,Vancouver,Electronics,Mobile App,Failed,357.27,21,7,3,2755
T004750,C0366,2026-09-16,Ottawa,Travel,Online,Pending,140.74,75,7,16,1644
T004751,C0041,2026-09-16,Windsor,Travel,In-Store,Completed,633.26,74,6,20,1673
T004752,C0150,2026-09-16,Ottawa,Groceries,In-Store,Completed,13.56,62,11,11,2464
T004753,C0807,2026-09-16,Vancouver,Groceries,Online,Completed,30.21,18,6,12,1071
T004754,C0873,2026-09-16,Windsor,Groceries,Mobile App,Completed,62.84,42,10,2,1068
T004755,C0212,2026-09-16,Ottawa,Home,Mobile App,Pending,302.26,65,8,7,2245
T004756,C0603,2026-09-16,Vancouver,Home,Mobile App,Completed,77.44,57,4,22,756
T004757,C0575,2026-09-16,Windsor,Dining,In-Store,Completed,24.41,70,10,21,2489
T004758,C0134,2026-09-16,Mississauga,Dining,Online,Pending,69.01,53,15,0,1659
T004759,C0452,2026-09-16,Calgary,Dining,Online,Completed,30.71,59,4,15,937
T004760,C0694,2026-09-16,Mississauga,Dining,In-Store,Completed,26.0,37,6,0,2828
T004761,C0968,2026-09-16,Ottawa,Travel,Mobile App,Completed,464.82,65,13,16,461
T004762,C0848,2026-09-17,Toronto,Dining,Online,Completed,63.04,48,9,22,2510
T004763,C0098,2026-09-17,Calgary,Travel,Mobile App,Completed,98.48,64,13,14,1608
T004764,C0238,2026-09-17,Ottawa,Dining,Online,Completed,78.54,29,8,11,752
T004765,C0437,2026-09-17,Vancouver,Travel,Mobile App,Completed,68.64,33,5,6,1859
T004766,C0151,2026-09-17,Ottawa,Home,In-Store,Completed,41.6,23,7,19,2865
T004767,C0571,2026-09-17,Mississauga,Electronics,In-Store,Completed,65.28,57,6,21,544
T004768,C0009,2026-09-17,Mississauga,Groceries,In-Store,Completed,113.22,60,0,9,1589
T004769,C0114,2026-09-17,Vancouver,Travel,In-Store,Completed,283.86,34,10,16,2130
T004770,C0048,2026-09-17,Calgary,Groceries,Online,Completed,190.18,40,12,10,1280
T004771,C0296,2026-09-17,Toronto,Electronics,In-Store,Completed,30.16,51,12,5,710
T004772,C0763,2026-09-17,Calgary,Clothing,Mobile App,Completed,196.94,61,9,16,885
T004773,C0178,2026-09-17,Vancouver,Dining,Online,Completed,127.33,35,8,14,1266
T004774,C0988,2026-09-17,Toronto,Travel,Mobile App,Completed,49.98,46,13,12,1892
T004775,C0270,2026-09-17,Toronto,Clothing,In-Store,Completed,99.23,28,7,19,1805
T004776,C0045,2026-09-17,Vancouver,Groceries,Mobile App,Completed,138.25,64,51,21,1749
T004777,C0336,2026-09-17,Calgary,Dining,Mobile App,Completed,88.47,68,8,6,1109
T004778,C0749,2026-09-17,Mississauga,Groceries,Online,Completed,127.85,60,9,16,2480
T004779,C0107,2026-09-17,Ottawa,Dining,Online,Pending,40.82,65,10,10,1345
T004780,C0072,2026-09-18,Calgary,Electronics,Mobile App,Completed,462.46,62,13,12,2746
T004781,C0850,2026-09-18,Windsor,Home,Online,Completed,16.49,66,13,7,973
T004782,C0593,2026-09-18,Windsor,Electronics,In-Store,Completed,138.91,42,15,19,2246
T004783,C0344,2026-09-18,Calgary,Electronics,Mobile App,Completed,116.09,29,6,0,1681
T004784,C0757,2026-09-18,Windsor,Groceries,In-Store,Completed,146.81,73,10,13,579
T004785,C0845,2026-09-18,Mississauga,Groceries,Online,Completed,46.55,18,12,11,294
T004786,C0360,2026-09-18,Mississauga,Electronics,Online,Completed,229.63,41,6,7,423
T004787,C0562,2026-09-18,Ottawa,Electronics,Mobile App,Completed,77.55,60,10,8,1422
T004788,C0011,2026-09-18,Windsor,Clothing,Mobile App,Pending,31.01,64,6,2,1622
T004789,C0307,2026-09-18,Vancouver,Home,In-Store,Completed,33.52,57,5,4,2034
T004790,C0596,2026-09-18,Vancouver,Home,In-Store,Completed,94.5,46,7,8,486
T004791,C0198,2026-09-18,Windsor,Home,Mobile App,Completed,21.88,71,9,2,577
T004792,C0992,2026-09-18,Mississauga,Home,Mobile App,Completed,392.71,31,4,15,1862
T004793,C0972,2026-09-18,Toronto,Dining,In-Store,Pending,207.31,26,12,13,1743
T004794,C0258,2026-09-18,Windsor,Dining,In-Store,Completed,401.6,54,11,23,510
T004795,C0397,2026-09-18,Calgary,Travel,Mobile App,Completed,367.18,36,12,21,1760
T004796,C0190,2026-09-18,Ottawa,Electronics,Mobile App,Completed,63.02,45,10,17,719
T004797,C0504,2026-09-18,Ottawa,Travel,In-Store,Completed,40.6,44,5,12,942
T004798,C0124,2026-09-19,Calgary,Home,Mobile App,Completed,3114.63,33,7,14,278
T004799,C0391,2026-09-19,Vancouver,Electronics,Online,Completed,60.18,75,12,1,234
T004800,C0556,2026-09-19,Vancouver,Clothing,Mobile App,Completed,381.25,40,4,4,2516
T004801,C0612,2026-09-19,Vancouver,Home,Online,Completed,42.05,56,14,17,2872
T004802,C0597,2026-09-19,Mississauga,Travel,Online,Completed,71.11,27,10,16,1780
T004803,C0222,2026-09-19,Ottawa,Dining,In-Store,Completed,53.05,75,8,0,319
T004804,C0793,2026-09-19,Windsor,Electronics,Online,Completed,116.91,75,7,12,1059
T004805,C0692,2026-09-19,Calgary,Electronics,In-Store,Completed,253.62,22,6,7,1078
T004806,C0754,2026-09-19,Windsor,Electronics,Mobile App,Completed,22.97,55,5,17,1208
T004807,C0468,2026-09-19,Calgary,Clothing,Mobile App,Completed,27.03,52,7,14,576
T004808,C0893,2026-09-19,Calgary,Travel,In-Store,Completed,300.75,28,7,8,429
T004809,C0390,2026-09-19,Toronto,Electronics,In-Store,Completed,158.5,62,2,22,2764
T004810,C0806,2026-09-19,Vancouver,Travel,In-Store,Completed,68.18,62,9,11,2548
T004811,C0204,2026-09-19,Calgary,Clothing,Online,Pending,362.73,66,5,7,187
T004812,C0248,2026-09-19,Ottawa,Groceries,Mobile App,Completed,26.64,52,10,12,936
T004813,C0527,2026-09-19,Mississauga,Groceries,Online,Completed,187.58,59,8,21,430
T004814,C0556,2026-09-19,Calgary,Home,In-Store,Completed,80.21,59,10,8,241
T004815,C0747,2026-09-19,Ottawa,Clothing,Mobile App,Completed,142.34,62,10,5,1947
T004816,C0298,2026-09-19,Toronto,Travel,Mobile App,Completed,11.17,51,11,13,1096
T004817,C0873,2026-09-20,Windsor,Home,In-Store,Completed,68.11,61,11,6,1659
T004818,C0330,2026-09-20,Vancouver,Travel,Online,Pending,159.0,21,8,6,751
T004819,C0535,2026-09-20,Mississauga,Travel,Mobile App,Completed,80.55,53,9,13,2170
T004820,C0932,2026-09-20,Windsor,Electronics,Mobile App,Completed,247.07,29,4,1,1240
T004821,C0540,2026-09-20,Vancouver,Clothing,In-Store,Completed,240.13,41,4,21,383
T004822,C0682,2026-09-20,Toronto,Clothing,Online,Completed,37.63,62,8,4,2585
T004823,C0909,2026-09-20,Windsor,Electronics,In-Store,Completed,171.24,24,5,16,910
T004824,C0975,2026-09-20,Mississauga,Clothing,In-Store,Pending,36.56,61,8,11,2242
T004825,C0500,2026-09-20,Toronto,Clothing,Mobile App,Completed,88.99,33,7,6,2065
T004826,C0417,2026-09-20,Mississauga,Groceries,Mobile App,Completed,148.47,61,10,1,753
T004827,C0197,2026-09-20,Calgary,Groceries,Online,Completed,41.79,62,11,6,776
T004828,C0538,2026-09-20,Calgary,Travel,Online,Completed,165.93,18,8,9,984
T004829,C0919,2026-09-20,Calgary,Travel,Mobile App,Completed,55.32,31,7,2,2681
T004830,C0488,2026-09-20,Windsor,Travel,Online,Pending,51.89,64,8,16,1316
T004831,C0349,2026-09-20,Toronto,Dining,In-Store,Completed,154.98,37,2,16,2237
T004832,C0108,2026-09-20,Vancouver,Home,Online,Completed,41.77,43,4,12,509
T004833,C0390,2026-09-20,Mississauga,Dining,In-Store,Completed,40.0,18,10,4,256
T004834,C0237,2026-09-20,Vancouver,Electronics,In-Store,Completed,205.95,58,15,13,876
T004835,C0977,2026-09-21,Toronto,Groceries,Online,Pending,93.22,23,9,18,568
T004836,C0528,2026-09-21,Vancouver,Home,In-Store,Completed,24.7,33,7,17,946
T004837,C0137,2026-09-21,Ottawa,Clothing,In-Store,Completed,175.91,45,4,8,866
T004838,C0068,2026-09-21,Calgary,Dining,Online,Completed,60.16,62,7,2,590
T004839,C0851,2026-09-21,Toronto,Electronics,Mobile App,Completed,25.79,46,8,11,2886
T004840,C0932,2026-09-21,Mississauga,Groceries,Mobile App,Completed,10.09,74,7,6,842
T004841,C0764,2026-09-21,Calgary,Groceries,In-Store,Completed,183.2,48,8,18,90
T004842,C0124,2026-09-21,Mississauga,Groceries,Online,Completed,40.92,32,7,10,1291
T004843,C0099,2026-09-21,Ottawa,Travel,In-Store,Completed,29.53,29,4,2,2310
T004844,C0198,2026-09-21,Toronto,Electronics,In-Store,Completed,146.37,63,7,6,2547
T004845,C0752,2026-09-21,Vancouver,Groceries,In-Store,Completed,168.61,44,8,5,1133
T004846,C0766,2026-09-21,Windsor,Electronics,In-Store,Completed,43.54,53,11,10,2049
T004847,C0838,2026-09-21,Ottawa,Clothing,Mobile App,Completed,184.64,39,6,17,444
T004848,C0097,2026-09-21,Calgary,Dining,Online,Completed,487.51,33,10,21,228
T004849,C0154,2026-09-21,Ottawa,Groceries,Online,Completed,267.02,52,4,20,2246
T004850,C0901,2026-09-21,Mississauga,Clothing,Online,Completed,233.94,35,6,2,1539
T004851,C0929,2026-09-21,Windsor,Dining,Online,Completed,111.01,75,7,15,40
T004852,C0726,2026-09-21,Mississauga,Electronics,Mobile App,Completed,58.29,60,9,7,727
T004853,C0107,2026-09-22,Calgary,Clothing,Mobile App,Completed,81.06,65,7,5,1192
T004854,C0069,2026-09-22,Windsor,Home,In-Store,Completed,123.63,34,6,20,33
T004855,C0056,2026-09-22,Ottawa,Travel,Mobile App,Completed,29.19,19,2,1,935
T004856,C0692,2026-09-22,Mississauga,Groceries,Online,Completed,44.2,20,10,13,1709
T004857,C0846,2026-09-22,Windsor,Electronics,Online,Completed,25.26,67,14,18,167
T004858,C0632,2026-09-22,Vancouver,Travel,Mobile App,Completed,103.81,68,3,23,621
T004859,C0263,2026-09-22,Mississauga,Home,In-Store,Completed,91.22,57,8,11,1705
T004860,C0758,2026-09-22,Windsor,Home,In-Store,Completed,48.81,52,7,4,1951
T004861,C0060,2026-09-22,Ottawa,Home,Mobile App,Completed,170.73,30,4,10,2008
T004862,C0829,2026-09-22,Vancouver,Clothing,Online,Completed,34.98,61,4,18,804
T004863,C0892,2026-09-22,Calgary,Travel,Mobile App,Completed,47.29,47,8,12,429
T004864,C0719,2026-09-22,Ottawa,Travel,Mobile App,Completed,165.03,52,10,20,749
T004865,C0880,2026-09-22,Ottawa,Clothing,In-Store,Completed,187.19,19,10,16,1681
T004866,C0587,2026-09-22,Vancouver,Clothing,In-Store,Completed,43.22,47,10,23,1784
T004867,C0469,2026-09-22,Windsor,Travel,Online,Completed,103.53,58,9,14,2851
T004868,C0323,2026-09-22,Windsor,Groceries,Online,Completed,43.85,62,12,3,1784
T004869,C0922,2026-09-22,Mississauga,Home,Online,Completed,71.87,26,14,1,2347
T004870,C0698,2026-09-22,Ottawa,Groceries,Mobile App,Completed,96.05,19,9,12,2550
T004871,C0191,2026-09-22,Ottawa,Dining,Online,Completed,136.86,67,7,1,1345
T004872,C0957,2026-09-23,Toronto,Dining,Online,Pending,111.34,36,11,9,619
T004873,C0060,2026-09-23,Vancouver,Home,Online,Completed,107.22,45,7,1,643
T004874,C0588,2026-09-23,Mississauga,Groceries,Online,Completed,33.99,54,10,14,2961
T004875,C0191,2026-09-23,Calgary,Dining,Online,Completed,118.24,46,7,14,845
T004876,C0665,2026-09-23,Vancouver,Dining,Online,Completed,135.78,72,5,1,1126
T004877,C0413,2026-09-23,Calgary,Groceries,Mobile App,Pending,152.66,66,7,15,1120
T004878,C0438,2026-09-23,Ottawa,Electronics,Mobile App,Completed,46.11,40,9,11,2910
T004879,C0672,2026-09-23,Ottawa,Dining,In-Store,Completed,185.1,29,8,3,410
T004880,C0757,2026-09-23,Windsor,Home,Mobile App,Completed,27.74,74,7,0,491
T004881,C0381,2026-09-23,Mississauga,Dining,In-Store,Completed,58.94,59,12,14,1934
T004882,C0998,2026-09-23,Calgary,Home,Mobile App,Completed,67.25,61,8,7,2859
T004883,C0499,2026-09-23,Mississauga,Clothing,Mobile App,Completed,29.07,44,9,5,1924
T004884,C0161,2026-09-23,Toronto,Clothing,Online,Completed,66.39,46,3,19,2893
T004885,C0007,2026-09-23,Windsor,Home,In-Store,Completed,102.61,28,3,6,1539
T004886,C0203,2026-09-23,Ottawa,Clothing,Mobile App,Completed,18.01,42,5,11,892
T004887,C0692,2026-09-23,Ottawa,Clothing,Online,Completed,60.77,49,11,13,557
T004888,C0540,2026-09-23,Calgary,Groceries,In-Store,Completed,19.23,25,12,20,633
T004889,C0338,2026-09-23,Calgary,Clothing,In-Store,Completed,482.01,54,10,21,2483
T004890,C0482,2026-09-24,Ottawa,Groceries,Online,Completed,101.83,53,2,1,1820
T004891,C0839,2026-09-24,Ottawa,Clothing,Online,Failed,94.6,66,4,7,2575
T004892,C0572,2026-09-24,Vancouver,Travel,Online,Completed,103.54,21,15,16,437
T004893,C0059,2026-09-24,Toronto,Clothing,Mobile App,Completed,142.09,31,7,16,667
T004894,C0050,2026-09-24,Ottawa,Travel,Mobile App,Completed,195.21,42,8,1,906
T004895,C0483,2026-09-24,Mississauga,Dining,In-Store,Completed,22.5,69,6,6,2156
T004896,C0405,2026-09-24,Vancouver,Dining,Online,Completed,258.86,31,2,3,2949
T004897,C0851,2026-09-24,Vancouver,Travel,Online,Completed,245.08,74,16,4,2002
T004898,C0583,2026-09-24,Ottawa,Dining,In-Store,Completed,80.34,73,12,19,2301
T004899,C0757,2026-09-24,Ottawa,Dining,Online,Completed,76.84,23,5,23,2549
T004900,C0586,2026-09-24,Vancouver,Dining,In-Store,Completed,6.08,39,12,0,2394
T004901,C0346,2026-09-24,Ottawa,Travel,Mobile App,Completed,29.53,33,6,21,909
T004902,C0658,2026-09-24,Windsor,Electronics,Online,Completed,132.12,46,13,9,2624
T004903,C0622,2026-09-24,Windsor,Travel,In-Store,Completed,235.85,71,10,19,2776
T004904,C0721,2026-09-24,Vancouver,Electronics,Mobile App,Completed,157.93,39,15,22,2077
T004905,C0190,2026-09-24,Ottawa,Electronics,In-Store,Completed,79.7,56,8,11,493
T004906,C0642,2026-09-24,Windsor,Dining,Mobile App,Completed,436.87,25,6,3,2158
T004907,C0286,2026-09-24,Calgary,Groceries,Mobile App,Completed,199.75,51,11,4,1547
T004908,C0791,2026-09-24,Calgary,Travel,In-Store,Completed,60.82,38,2,22,2205
T004909,C0799,2026-09-25,Ottawa,Clothing,Online,Completed,543.18,71,6,18,163
T004910,C0625,2026-09-25,Windsor,Home,Mobile App,Completed,33.48,63,11,4,1192
T004911,C0947,2026-09-25,Calgary,Electronics,In-Store,Completed,24.33,30,8,20,1603
T004912,C0538,2026-09-25,Windsor,Travel,In-Store,Completed,59.42,54,11,6,327
T004913,C0026,2026-09-25,Mississauga,Travel,Online,Completed,44.6,37,14,1,1528
T004914,C0607,2026-09-25,Calgary,Clothing,Mobile App,Completed,62.33,43,5,15,1841
T004915,C0778,2026-09-25,Ottawa,Travel,Online,Completed,167.51,44,9,13,1770
T004916,C0102,2026-09-25,Windsor,Clothing,Online,Completed,82.58,65,10,0,2405
T004917,C0105,2026-09-25,Toronto,Home,Online,Completed,84.4,34,5,13,1296
T004918,C0274,2026-09-25,Mississauga,Groceries,In-Store,Completed,89.36,18,7,17,726
T004919,C0845,2026-09-25,Vancouver,Dining,Online,Completed,11.91,29,6,8,461
T004920,C0528,2026-09-25,Vancouver,Travel,In-Store,Completed,23.45,65,10,21,571
T004921,C0977,2026-09-25,Windsor,Travel,Online,Completed,61.26,35,9,9,1089
T004922,C0873,2026-09-25,Toronto,Dining,In-Store,Completed,41.52,21,6,8,2872
T004923,C0555,2026-09-25,Vancouver,Electronics,Mobile App,Completed,69.8,41,8,16,2290
T004924,C0680,2026-09-25,Toronto,Travel,In-Store,Completed,280.38,68,6,14,441
T004925,C0332,2026-09-25,Toronto,Clothing,In-Store,Completed,79.79,68,10,22,1853
T004926,C0091,2026-09-25,Mississauga,Groceries,Online,Completed,27.63,72,5,8,1659
T004927,C0399,2026-09-26,Ottawa,Travel,Online,Completed,43.32,57,7,2,685
T004928,C0593,2026-09-26,Windsor,Home,Mobile App,Completed,363.81,65,7,16,2231
T004929,C0183,2026-09-26,Windsor,Travel,In-Store,Completed,312.71,62,9,23,57
T004930,C0222,2026-09-26,Windsor,Home,Online,Completed,141.05,19,11,12,312
T004931,C0015,2026-09-26,Mississauga,Dining,In-Store,Completed,22.52,42,9,14,1904
T004932,C0735,2026-09-26,Toronto,Groceries,Online,Completed,110.33,48,9,12,1694
T004933,C0900,2026-09-26,Toronto,Clothing,Online,Completed,117.78,44,6,8,1797
T004934,C0828,2026-09-26,Mississauga,Electronics,In-Store,Completed,86.87,66,4,1,2050
T004935,C0380,2026-09-26,Toronto,Groceries,In-Store,Pending,52.36,74,10,23,2728
T004936,C0594,2026-09-26,Windsor,Electronics,In-Store,Completed,62.45,49,14,15,159
T004937,C0961,2026-09-26,Ottawa,Home,Mobile App,Completed,49.35,23,8,19,2390
T004938,C0592,2026-09-26,Toronto,Clothing,Online,Completed,32.12,38,14,12,1276
T004939,C0296,2026-09-26,Ottawa,Electronics,Online,Completed,271.44,29,4,9,802
T004940,C0339,2026-09-26,Ottawa,Travel,In-Store,Completed,179.94,45,9,7,1438
T004941,C0728,2026-09-26,Ottawa,Dining,Mobile App,Completed,66.72,31,4,5,1644
T004942,C0447,2026-09-26,Ottawa,Electronics,Mobile App,Pending,114.66,22,8,11,1681
T004943,C0838,2026-09-26,Vancouver,Home,Mobile App,Completed,118.38,27,10,3,833
T004944,C0865,2026-09-26,Toronto,Clothing,Online,Completed,622.72,46,7,7,147
T004945,C0036,2026-09-27,Windsor,Dining,Mobile App,Completed,178.45,26,9,22,2010
T004946,C0724,2026-09-27,Windsor,Dining,Mobile App,Completed,172.81,19,5,6,2683
T004947,C0370,2026-09-27,Vancouver,Clothing,In-Store,Completed,87.79,34,3,7,2719
T004948,C0520,2026-09-27,Calgary,Dining,In-Store,Completed,58.76,55,6,2,2585
T004949,C0265,2026-09-27,Calgary,Dining,In-Store,Completed,275.33,54,8,21,678
T004950,C0369,2026-09-27,Ottawa,Dining,In-Store,Completed,147.98,40,11,5,2564
T004951,C0331,2026-09-27,Mississauga,Dining,Mobile App,Completed,41.99,56,10,19,1972
T004952,C0051,2026-09-27,Mississauga,Travel,Online,Completed,125.02,29,8,3,1573
T004953,C0783,2026-09-27,Toronto,Groceries,In-Store,Completed,173.2,59,11,7,908
T004954,C0144,2026-09-27,Mississauga,Dining,Mobile App,Completed,14.31,19,8,0,2370
T004955,C0376,2026-09-27,Ottawa,Dining,In-Store,Completed,38.81,25,9,15,391
T004956,C0194,2026-09-27,Windsor,Electronics,Mobile App,Completed,115.7,71,10,17,2409
T004957,C0161,2026-09-27,Vancouver,Dining,Online,Completed,16.56,45,6,21,2714
T004958,C0374,2026-09-27,Vancouver,Dining,Online,Completed,18.94,50,11,2,2890
T004959,C0919,2026-09-27,Windsor,Dining,Mobile App,Completed,67.54,41,10,20,2655
T004960,C0945,2026-09-27,Calgary,Home,Online,Completed,129.08,55,9,9,2454
T004961,C0382,2026-09-27,Toronto,Travel,In-Store,Completed,134.26,61,7,2,2269
T004962,C0506,2026-09-27,Calgary,Travel,Online,Completed,326.26,63,7,15,384
T004963,C0986,2026-09-27,Vancouver,Electronics,Mobile App,Completed,91.16,32,11,8,1019
T004964,C0235,2026-09-28,Windsor,Home,Online,Failed,61.92,54,8,16,453
T004965,C0945,2026-09-28,Ottawa,Groceries,In-Store,Completed,27.98,63,7,9,1117
T004966,C0106,2026-09-28,Windsor,Travel,Mobile App,Completed,61.3,41,14,1,1540
T004967,C0226,2026-09-28,Vancouver,Electronics,In-Store,Completed,155.1,40,10,20,2650
T004968,C0339,2026-09-28,Toronto,Clothing,In-Store,Completed,161.17,54,11,21,2137
T004969,C0038,2026-09-28,Windsor,Dining,Mobile App,Completed,106.44,51,12,13,2444
T004970,C0816,2026-09-28,Windsor,Electronics,In-Store,Failed,135.33,32,8,2,2510
T004971,C0856,2026-09-28,Windsor,Groceries,Mobile App,Completed,251.53,73,10,11,2424
T004972,C0384,2026-09-28,Windsor,Clothing,Mobile App,Completed,90.62,50,6,12,65
T004973,C0837,2026-09-28,Ottawa,Dining,In-Store,Completed,271.75,50,8,18,2843
T004974,C0773,2026-09-28,Ottawa,Electronics,Mobile App,Completed,45.83,29,4,19,1317
T004975,C0802,2026-09-28,Ottawa,Home,In-Store,Completed,79.87,57,5,22,774
T004976,C0803,2026-09-28,Windsor,Groceries,Mobile App,Completed,56.48,71,9,10,1287
T004977,C0574,2026-09-28,Windsor,Dining,In-Store,Completed,166.74,60,10,17,1670
T004978,C0111,2026-09-28,Calgary,Groceries,In-Store,Completed,35.89,47,6,23,2092
T004979,C0924,2026-09-28,Windsor,Groceries,In-Store,Pending,64.66,54,7,7,1270
T004980,C0609,2026-09-28,Toronto,Groceries,In-Store,Completed,17.5,31,7,16,1676
T004981,C0902,2026-09-28,Mississauga,Electronics,In-Store,Completed,140.87,21,10,22,1253
T004982,C0960,2026-09-29,Toronto,Home,Online,Completed,245.29,55,6,8,2414
T004983,C0188,2026-09-29,Mississauga,Dining,In-Store,Pending,184.33,28,8,3,332
T004984,C0403,2026-09-29,Calgary,Home,In-Store,Completed,169.59,23,7,1,2109
T004985,C0193,2026-09-29,Windsor,Electronics,In-Store,Completed,173.49,62,7,6,1683
T004986,C0051,2026-09-29,Vancouver,Clothing,In-Store,Completed,154.07,43,10,19,1457
T004987,C0967,2026-09-29,Mississauga,Groceries,In-Store,Completed,143.29,67,4,12,1175
T004988,C0924,2026-09-29,Mississauga,Groceries,Online,Completed,151.37,68,4,20,736
T004989,C0932,2026-09-29,Ottawa,Groceries,In-Store,Completed,48.68,25,7,15,793
T004990,C0884,2026-09-29,Ottawa,Home,In-Store,Completed,71.7,62,7,15,1943
T004991,C0649,2026-09-29,Windsor,Clothing,Mobile App,Pending,90.23,37,10,1,472
T004992,C0523,2026-09-29,Windsor,Clothing,In-Store,Completed,63.9,58,10,7,703
T004993,C0992,2026-09-29,Calgary,Home,Online,Completed,22.45,20,9,11,1317
T004994,C0553,2026-09-29,Windsor,Electronics,Online,Completed,29.75,45,3,13,1953
T004995,C0643,2026-09-29,Calgary,Clothing,Mobile App,Completed,103.35,54,7,17,1223
T004996,C0212,2026-09-29,Mississauga,Travel,Online,Completed,183.56,43,10,0,479
T004997,C0747,2026-09-29,Calgary,Travel,Online,Completed,85.68,49,7,15,2398
T004998,C0820,2026-09-29,Mississauga,Travel,In-Store,Completed,891.36,18,4,10,659
T004999,C0679,2026-09-29,Ottawa,Dining,In-Store,Completed,38.89,18,5,22,2828
T005000,C0499,2026-09-30,Ottawa,Groceries,In-Store,Completed,124.07,52,8,23,1306
